station_sk,station_key,station_reference,label,river_name,catchment_name,town,status,latitude,longitude,easting,northing,date_opened,station_types,measure_count,attr_hash,valid_from,valid_to,is_current,run_id
-2912299030647192541,6012784903122893037,0001,Silvertown,Thames Tideway,London,Silvertown,Active,51.497504,0.052616,542579,179616,1989-01-01,,1,43e8bfd377ebfec37a79608a254fdff5,2026-09-21T20:01:46.368+00:00,,true,366262550389695
1531720696666652207,53813611653493888,0003,Charlton,Thames Tideway,London,Charlton,Active,51.496948,0.020435,540347,179492,1989-01-01,,1,fb9c002d249dadf0da0d8558e83aa4cb,2026-09-21T20:01:46.368+00:00,,true,366262550389695
-3095410776215697491,-4721263032920898261,0006,Westminster,Thames Tideway,London,Westminster,Active,51.501216,-0.12385,530320,179700,1989-01-03,,2,e8df18c51874bef02407ccb03f4f5cff,2026-09-21T20:01:46.368+00:00,,true,366262550389695
6838975606255008869,113990546409461569,0007,Tower Pier,Thames Tideway,London,Tower Pier,Active,51.506753,-0.078706,533437,180397,1988-01-01,,2,cea8531e4805fe3baa195a4982eee020,2026-09-21T20:01:46.368+00:00,,true,366262550389695
1360633393193459926,7238783482535492442,0009,Richmond,Thames Tideway,London,Richmond,Active,51.462258,-0.316193,517070,175043,1989-01-01,,1,3822a0703ef3ecdc587cc375cc61b08e,2026-09-21T20:01:46.368+00:00,,true,366262550389695
-575557763326012686,7172347325439775547,0010,Hammersmith,Thames Tideway,London,Hammersmith,Suspended,51.489988,-0.234708,522656,178260,2023-09-14,,1,7ed3949b1dc7b91dc19eea30ee6d0544,2026-09-21T20:01:46.368+00:00,,true,366262550389695
-6078106490786893774,-4620497601194076272,0018,"[""Erith Deep Wharf"",""Erith Deep Wharf TL""]",Thames Tideway,"[""Loddon"",""London""]",Erith,Active,51.481798,0.186705,551938,178139,1988-04-14,,2,611ac0863165a8e62eb8499a69bd4d8b,2026-09-21T20:01:46.368+00:00,,true,366262550389695
2040667678226187566,3424560139236902824,0019,Southend,Thames Tideway,London,Southend,Active,51.514457,0.723335,589060,183020,1988-05-26,,2,d890be65fe98fcfaed9e06b94332d717,2026-09-21T20:01:46.368+00:00,,true,366262550389695
6106760933152729680,-3502659337687024835,0020,Tilbury,Thames Tideway,London,Tilbury,Active,51.456735,0.334956,562320,175670,1989-01-17,,1,2cd5e7dc7f3561026f75e8a05084a276,2026-09-21T20:01:46.368+00:00,,true,366262550389695
-2890397971375873747,-7046363555705029278,0130TH,Ewen,River Thames,Cotswolds,Ewen,Active,51.674733,-1.9904,400760,197330,1986-01-01,,2,b52b3fbd2a71bd721d4a7e2215a6d255,2026-09-21T20:01:46.368+00:00,,true,366262550389695
3599082579708899734,-7183855946959835339,0144TH,Somerford Keynes,River Thames,Cotswolds,Somerford Keynes,Active,51.650724,-1.973061,401960,194660,2001-01-01,,1,2fb7460c6ac22690dd519a98d32eb831,2026-09-21T20:01:46.368+00:00,,true,366262550389695
-5079509439240588412,2812916605272563627,0155TH,Oaksey,Swill Brook,Cotswolds,Oaksey,Active,51.632205,-2.007169,399600,192600,1983-01-01,,2,878f66b2131e63fc82f01258a508a174,2026-09-21T20:01:46.368+00:00,,true,366262550389695
-7102883098810699547,-7249665019474573822,0184TH,Purton Stoke,River Key,Vale of White Horse,Purton Stoke,Active,51.61322,-1.87404,408818,190496,2004-01-01,,1,9aa7443b4a58a459b021caf065efaee3,2026-09-21T20:01:46.368+00:00,,true,366262550389695
-6240086805352071202,-8143993825689061028,0190TH,Cricklade,River Thames,Cotswolds,Cricklade,Active,51.646694,-1.865536,409400,194220,1986-01-01,,2,64ca0f3d9d4554c86347617c30dc96ef,2026-09-21T20:01:46.368+00:00,,true,366262550389695
3522054670837271250,7682458262866647198,021009,Norham,River Tweed,Till,Norham,Active,55.722365,-2.16338,389835,647675,2006-05-04,,1,ba50329b1d0fc41ed01cc0fc862ff18d,2026-09-21T20:01:46.368+00:00,,true,366262550389695
-423790087272802363,-1303569949325573612,021021,Sprouston,River Tweed,Till,Sprouston,Active,55.61121,-2.395446,375187,635363,2006-01-19,,1,a95b91763f1e47cbe819d21bef8c01ed,2026-09-21T20:01:46.368+00:00,,true,366262550389695
2309744055486667323,-7884672260906541872,021030,Coldgate Mill,Wooler Water,Till,North Middleton,Active,55.517539,-2.005254,399766,624867,2000-03-16,,1,7234ece87d1a30369dc81872a24e6677,2026-09-21T20:01:46.368+00:00,,true,366262550389695
-3713532574457067599,-2958976907183489015,021033,Wooler,Wooler Water,Till,Wooler,Active,55.546346,-2.010726,399421,628073,1999-04-12,,1,db57eb741363b5bd104bcd0f9d982bf9,2026-09-21T20:01:46.368+00:00,,true,366262550389695
3620012436561511312,8581499506358175150,021034,Doddington Bridge,River Till,Till,Doddington Bridge,Active,55.570489,-2.003375,399885,630760,1999-06-01,,1,b37bfa0d308f9c06d4c1ed59e0d03629,2026-09-21T20:01:46.368+00:00,,true,366262550389695
-3968829605050884049,7773850892994526633,021035,Weetwood Bridge,River Till,Till,Weetwood Bridge,Active,55.558931,-1.972111,401857,629474,1999-06-01,,1,96c400caa8829e715197e72cfe06c3df,2026-09-21T20:01:46.368+00:00,,true,366262550389695
6004318050767738579,3046733530080121490,021037,Waren Mill,Waren Burn,Northumberland Rivers,Warenmill,Active,55.602485,-1.769011,414652,634345,1999-10-21,,2,c4d3e4505355a0fdceb52f7d262cec3a,2026-09-21T20:01:46.368+00:00,,true,366262550389695
-3818625107950560211,-8771890123368350678,021038,Heaton Mill,River Till,Till,Heaton Mill,Active,55.674792,-2.160923,389977,642380,2001-11-22,,1,515305b88f89c48632c3a58b0095ebd7,2026-09-21T20:01:46.368+00:00,,true,366262550389695
-8509584858652467575,-8324525890560485316,021039,Pawston,Bowmont Water,Till,Pawston,Active,55.593513,-2.232993,385414,633347,2004-07-01,,1,71cb19267c6dfbdfb82d8839074b3823,2026-09-21T20:01:46.368+00:00,,true,366262550389695
-924997632733477675,-2784309197066772925,021040,Waren Ford,Waren Burn,Till,Warenford,Active,55.550443,-1.784723,413680,628550,2004-12-09,,1,efbc5e9bf7f662be1a6069edac20e0c0,2026-09-21T20:01:46.368+00:00,,true,366262550389695
5640903796026978876,-4193629502519208738,021041,Belford,Belford Burn,Till,Belford,Active,55.598101,-1.830134,410802,633846,2008-01-17,,1,c76e2ec656b8d7820e781df88775e131,2026-09-21T20:01:46.368+00:00,,true,366262550389695
3056911199083849059,-821729043686161438,021999,Berwick,River Tweed,Till,Berwick,Active,55.767093,-2.005082,399779,652641,2005-10-19,,2,95d0a30196ca9a5b08c56446b41dc5b2,2026-09-21T20:01:46.368+00:00,,true,366262550389695
1278044231977710001,1226927542862541118,022001,Morwick,River Coquet,Northumberland Rivers,Morwick,Suspended,55.333528,-1.631891,423450,604450,1963-01-01,,2,70985343c662634d99faa373721421e4,2026-09-21T20:01:46.368+00:00,,true,366262550389695
2584152578900976989,5164418144381525022,022003,Shilmoor,Usway Burn,Northumberland Rivers,Shillmoor,Active,55.363152,-2.180351,388665,607700,1903-04-17,,1,b8a510feb4eb167a6ab636669fd08f5f,2026-09-21T20:01:46.368+00:00,,true,366262550389695
-7337951919702311099,-5222202153739759563,022006,Hartford Bridge,River Blyth,Northumberland Rivers,Hartford Bridge,Active,55.113789,-1.620587,424300,580000,1963-03-16,,1,b3ebcbd8a64ab2b55e3ea369be9bfac4,2026-09-21T20:01:46.368+00:00,,true,366262550389695
-2177080269829860654,2862431421197125205,022007,Mitford,River Wansbeck,Northumberland Rivers,Mitford,Active,55.166194,-1.727617,417450,585800,1962-01-01,,1,1c84e66dceabb628eb3f1ad7098240c8,2026-09-21T20:01:46.368+00:00,,true,366262550389695
-8189213643412775872,-1912571103581689923,022009,Rothbury,River Coquet,Northumberland Rivers,Rothbury,Active,55.308429,-1.895992,406700,601600,1971-01-01,,2,cf1c84a37792c8ddcf3b981975c0562a,2026-09-21T20:01:46.368+00:00,,true,366262550389695
-9138045986529681368,-1880168126940572551,022011,Hartburn,River Hartburn,Northumberland Rivers,Hartburn,Active,55.177213,-1.871211,408300,587000,1993-10-01,,1,eab3d90ed7e9bd492d65f17579461316,2026-09-21T20:01:46.368+00:00,,true,366262550389695
-1260558636162639565,-2498691497957528306,022012,Stamfordham,River Pont,Northumberland Rivers,Stamfordham,Active,55.040628,-1.873213,408200,571800,1998-01-01,,1,e7b61a572ec4537202c3c6e844bb662f,2026-09-21T20:01:46.368+00:00,,true,366262550389695
3041197168956167835,178396686412094949,022013,Callerton Lane,River Pont,Northumberland Rivers,Ponteland,Active,55.049407,-1.741713,416600,572800,1999-01-01,,2,ed24fc52970a931274f9022a4c0bccb5,2026-09-21T20:01:46.368+00:00,,true,366262550389695
-4648054039255392804,7587774337424068739,022014,Alwinton Bridge,River Coquet,Northumberland Rivers,Alwinton,Active,55.344803,-2.122952,392300,605650,2000-01-01,,1,50ebfbaffe93dc0aa086c806fa123ee1,2026-09-21T20:01:46.368+00:00,,true,366262550389695
3972659928732372378,-871192804140681483,022015,Middleton Bridge,River Wansbeck,Northumberland Rivers,Middleton,Active,55.151643,-1.917583,405350,584150,2001-01-01,,1,76c6bd3e2715b4f721e82d2179243de1,2026-09-21T20:01:46.368+00:00,,true,366262550389695
6851542094737009001,-2982980616425950546,022016,Nunnykirk,River Font,Northumberland Rivers,Nunnykirk,Active,55.232946,-1.893044,406900,593200,2001-01-01,,2,0f464e82fb0401dbfed5339140cddb1f,2026-09-21T20:01:46.368+00:00,,true,366262550389695
5085028101598243412,7561916717773925847,022017,Morpeth,River Wansbeck,Northumberland Rivers,Morpeth,Active,55.167634,-1.6945,419559,585969,2004-11-01,,2,c70427ee5e52faebc74775382ea2040a,2026-09-21T20:01:46.368+00:00,,true,366262550389695
-4770235174066790680,2159424601035457290,022020,Warkworth,River Coquet,Till,Warkworth,Active,55.348353,-1.608289,424938,606108,2006-06-14,,1,6b913e6b4cb13dcd4e6b57e698efb9b0,2026-09-21T20:01:46.368+00:00,,true,366262550389695
-8584571422811481657,-5563327134419763779,022999,Blyth,North Sea,Northumberland Rivers,Blyth,Active,55.12861,-1.494986,432300,581700,2002-01-23,,1,c0b44ef5f73db4bf0ec243d62bffa009,2026-09-21T20:01:46.368+00:00,,true,366262550389695
1919142154946106035,5731656788391496224,023001,Bywell,River Tyne,Tyne,Bywell,Active,54.94992,-1.940633,403900,561700,1956-01-01,,1,6261e52839f78254622f90f918bffde2,2026-09-21T20:01:46.368+00:00,,true,366262550389695
2021904802441307231,7325576927421104695,023002,Eddys Bridge,River Derwent,Tyne,Muddleswick,Active,54.851887,-1.937552,404107,550791,1982-01-01,,1,ada3bc1ac73d56483415260743c52e88,2026-09-21T20:01:46.368+00:00,,true,366262550389695
-8724287139670277139,-235825328832263584,023003,Reaverhill,River North Tyne,Tyne,Barrasford,Active,55.053183,-2.148665,390600,573200,1959-01-01,,1,9547a0feafcf5ba4e60cad55af8aa3d6,2026-09-21T20:01:46.368+00:00,,true,366262550389695
3425858728796367691,1156643125203500382,023004,Haydon Bridge,River South Tyne,Tyne,Haydon Bridge,Active,54.976681,-2.226498,385600,564700,1962-01-01,,1,2ecf2179806e9ad499796cd953302088,2026-09-21T20:01:46.368+00:00,,true,366262550389695
-7183407280069353074,3141643923275290588,023006,Featherstone,River South Tyne,Tyne,Rowfoot,Active,54.943457,-2.513542,367200,561100,1966-01-01,,2,cfbcbc7e9a8a630b334ae6fe41fbbb48,2026-09-21T20:01:46.368+00:00,,true,366262550389695
-6815988155670553096,3176963604397514130,023007,Rowlands Gill,River Derwent,Derwent,Rowlands Gill,Active,54.917259,-1.73922,416814,558095,1971-08-13,,1,e609aa6fadedbf4b08ca49855f9c41b2,2026-09-21T20:01:46.368+00:00,,true,366262550389695
2776524079640835442,155704408567979552,023008,Rede Bridge,River Rede,Tyne,Redesmouth,Active,55.142955,-2.208614,386800,583200,1968-01-01,,1,7c7fa06fa9cb108e6605f5662ed40f10,2026-09-21T20:01:46.368+00:00,,true,366262550389695
1239411143540170401,7173826528810189868,023009,Alston,River South Tyne,Tyne,Alston,Active,54.812531,-2.443415,371600,546500,1968-10-01,,1,4a5ed6eb4f2b6d0e7292ea79f693712b,2026-09-21T20:01:46.368+00:00,,true,366262550389695
5470593566568541216,8555736767068077329,023011,Kielder Burn,Kielder Burn,Tyne,Kielder,Active,55.245179,-2.561466,364400,594700,1970-07-01,,1,449ac9ea3af53afe68edd66d5f304dd6,2026-09-21T20:01:46.368+00:00,,true,366262550389695
5948406037407444813,-5710389207177569791,023016,Crag Hall,Ouse Burn,Tyne,Gosforth,Active,55.001861,-1.604447,425400,567550,1974-01-01,,2,275b39c97fe3e17aed450b6f23689e7a,2026-09-21T20:01:46.368+00:00,,true,366262550389695
-4301509528634258247,786004711998775214,023017,Team Valley,River Team,Tyne,Lamesley,Active,54.92056,-1.612265,424950,558500,1981-01-01,,2,7f8085929bf5f3a60f0958c135c459db,2026-09-21T20:01:46.368+00:00,,true,366262550389695
-2847085436962045988,-1597402929206470870,023018,Woolsington,Ouse Burn,Tyne,Woolsington,Active,55.023247,-1.698085,419400,569900,1983-01-01,,1,385cb3efa2b02e064073b34aec756612,2026-09-21T20:01:46.368+00:00,,true,366262550389695
-6582637531918536967,-7562469357515769348,023020,Hexham,River Tyne,Tyne,Hexham,Active,54.976253,-2.095184,394005,564633,1998-10-15,,1,7a5ba310bfee55bfdfde8653341c9374,2026-09-21T20:01:46.368+00:00,,true,366262550389695
-7271863094207517604,-411431357031270135,023021,Corbridge,River Tyne,Tyne,Corbridge,Active,54.974805,-2.023395,398600,564468,1998-10-15,,1,6f86c9b9ffbee8c94a5df2d12ee12937,2026-09-21T20:01:46.368+00:00,,true,366262550389695
7594416059042767780,-7790712875181547598,023022,Ugly Dub,River North Tyne,Tyne,Kielder reservoir,Active,55.181833,-2.45222,371300,587600,1982-11-01,,1,7d926be473a898173572bbb2308585f8,2026-09-21T20:01:46.368+00:00,,true,366262550389695
-5961312177520862143,5485968725091520407,023023,Riding Mill,River Tyne,Tyne,Riding Mill,Active,54.952174,-1.959366,402700,561950,1983-01-01,,1,e0a526b8bd83d1e961d0c77a48221b5d,2026-09-21T20:01:46.368+00:00,,true,366262550389695
-7091219639563371632,-4709211393452950361,023024,Otterburn Mill,River Rede,Tyne,Otterburn,Active,55.227922,-2.17683,388850,592650,1994-01-01,,1,f1a2bb5aa96a020830e59132fb9ec11b,2026-09-21T20:01:46.368+00:00,,true,366262550389695
6486623508216189781,-2681576665624344921,023025,Warden Bridge End,River South Tyne,Tyne,Hexham,Active,54.988608,-2.141972,391013,566013,1999-07-13,,1,26e6fea3a2c65d6fa1c243eee4fa5d3d,2026-09-21T20:01:46.368+00:00,,true,366262550389695
-7863430719592785878,-2644227330747340433,023026,Haydon Bridge Brigwood,River South Tyne,Tyne,Haydon Bridge Brigwood,Active,54.971604,-2.249604,384119,564140,2006-01-27,,1,c08e1feb354bc305bb77351e01271ceb,2026-09-21T20:01:46.368+00:00,,true,366262550389695
2130404638960027499,-7247421898957119537,023027,Haltwhistle,River Tyne,Tyne,Haltwhistle,Active,54.967781,-2.460104,370641,563783,2000-02-11,,1,f0bebf13d27965577f2b4455ef4f27b0,2026-09-21T20:01:46.368+00:00,,true,366262550389695
7042114753455250512,157889089211044983,023028,Chollerford,River North Tyne,Tyne,Chollerford,Active,55.029637,-2.127318,391959,570577,2000-06-04,,1,375fa32fe1f5cf2a493d5c5418ca04dd,2026-09-21T20:01:46.368+00:00,,true,366262550389695
3195779218979948487,5211913629955339849,023033,Otterburn,River Rede,Tyne,Elishaw,Active,55.244482,-2.216223,386350,594500,1998-10-01,,2,548eb62c4b2fecf731f5f4577c6dbf9c,2026-09-21T20:01:46.368+00:00,,true,366262550389695
4001603221404698310,-6983767051291822676,023036,Allen Mill Bridge,River East Allen,Tyne,Allendale Town,Active,54.904713,-2.265082,383100,556700,2000-01-01,,1,d2fc67e0e238c0867a51ad64cb3cefa1,2026-09-21T20:01:46.368+00:00,,true,366262550389695
922644461667055525,8597721390060075982,023037,Bellingham,River North Tyne,Tyne,Bellingham,Active,55.142852,-2.261953,383400,583200,2000-01-01,,1,ddff84bbd9527e7a7ec5f0b07a5c683b,2026-09-21T20:01:46.368+00:00,,true,366262550389695
281502024975025238,-7221700184845485636,023038,Hexham,Cockshaw Burn,Tyne,Hexham,Active,54.969163,-2.115677,392692,563846,2002-03-08,,2,9160531db78b707d196bafc3ee2d50c1,2026-09-21T20:01:46.368+00:00,,true,366262550389695
5122395927734505819,-3256159870226836173,023039,Hexham Tanners Row upstream,Cockshaw Burn,Tyne,Hexham,Active,54.973701,-2.105879,393320,564350,2002-03-21,,1,dd0e342348eff61fe61291346e4194d4,2026-09-21T20:01:46.368+00:00,,true,366262550389695
6259606248524129809,-4722020815202738075,023041,Hexham Tanners Row Downstream,Cockshaw Burn,Tyne,Hexham,Active,54.973809,-2.105629,393336,564362,2002-03-21,,2,29f061b18f4c12184db18621354e8aa7,2026-09-21T20:01:46.368+00:00,,true,366262550389695
-6694626615691827790,-6622861465961245645,023042,Tanfield,River Team,Tyne,Tanfield,Active,54.887182,-1.700147,419333,554758,2002-05-29,,1,cb2bc057a2fd75b2b585c776c0f6255c,2026-09-21T20:01:46.368+00:00,,true,366262550389695
5169837960134012315,-2571269527809190425,023044,Blackhall Mill,River Derwent,Derwent,Blackhall Mill,Active,54.905964,-1.812313,412132,556823,2002-06-21,,2,7d071b78dbdb8d87a685a9fe3f488723,2026-09-21T20:01:46.368+00:00,,true,366262550389695
6794164982224907110,-953667397812078629,023049,Hareshaw Burn,Hareshaw Burn,Tyne,Hareshaw Burn,Active,55.143777,-2.253628,,,2025-08-06,,1,afe193426703980adb4bc7498e7de474,2026-09-21T20:01:46.368+00:00,,true,366262550389695
-10646248007729027,-4002506526024332065,023053,Falstone,River North Tyne,Tyne,Falstone,Active,55.176863,-2.435206,372380,587040,2007-05-02,,1,1a61bf20788c9fead1b42d12829f6f4c,2026-09-21T20:01:46.368+00:00,,true,366262550389695
3035383941096259974,7317209825471078069,023054,Gosforth,Ouse Burn,Tyne,Gosforth,Active,55.017771,-1.614378,424755,569317,2007-01-01,,1,eb9524f02d3da1715b2a0be2057e84cb,2026-09-21T20:01:46.368+00:00,,true,366262550389695
3890098197203874990,7138379606427117953,023057,Hexham Wydon Water,Wydon Burn,Tyne,Hexham Wydon Water,Active,54.963311,-2.107819,393194,563194,2009-04-02,,1,6a88e654915a952a385ae0a6eb6f7afe,2026-09-21T20:01:46.368+00:00,,true,366262550389695
1031490732765080648,-3540082907795610932,023058,Hindley Wrae Ford,River West Allen,Tyne,Allendale Town,Active,54.918811,-2.328264,379056,558286,2010-03-12,,1,e78dad5f1675075dd4518d185a1f267c,2026-09-21T20:01:46.368+00:00,,true,366262550389695
-7960082865126378736,1254817101971827614,023062,Acomb Garden House,Birkey Burn,Tyne,Acomb Garden House,Active,54.988973,-2.110623,393019,566050,2015-10-12,,1,4d15b1d798d5978010f7d0d94f963f9b,2026-09-21T20:01:46.368+00:00,,true,366262550389695
-4353695939118554144,1697869809872572554,023063,Acomb Millersfield,Red Burn,Tyne,Acomb Millersfield,Active,54.994482,-2.110967,392998,566663,2015-10-12,,1,9563c24154bb642a68720b223efe9e2f,2026-09-21T20:01:46.368+00:00,,true,366262550389695
-1230332669303850964,-1740031433762117001,023066,Stocksfield Ridley Mill,Stocksfield Burn,Tyne,Stocksfield Ridley Mill,Active,54.940584,-1.912769,405686,560663,2021-12-14,,1,b451f8e8bd6caf17c65e834ea55e0385,2026-09-21T20:01:46.368+00:00,,true,366262550389695
-7478363306048639090,1089737481231918612,023103,Kielder Butteryhaugh,River North Tyne,Tyne,Butteryhaugh,Active,55.230707,-2.581702,363100,593100,2005-10-26,,1,db0f36f3027505a5aab25b61c21d22a9,2026-09-21T20:01:46.368+00:00,,true,366262550389695
5678269384221623385,-1328765720630946264,024000,South Church,River Gaunless,Wear,Bishop Auckland,Active,54.649317,-1.662117,421900,528300,2000-02-12,,1,b90cc62d56c9d624c5c3d5f663619b91,2026-09-21T20:01:46.368+00:00,,true,366262550389695
-5318359139826860657,6906335162033292326,024001,Sunderland Bridge,River Wear,Wear,Sunderland Bridge,Active,54.734468,-1.589972,426500,537800,1957-01-01,,1,66f0f6cd56f8e776debae2d0c440bc76,2026-09-21T20:01:46.368+00:00,,true,366262550389695
-531113396847214825,1738195109259787271,024003,Stanhope,River Wear,Wear,Stanhope,Active,54.745941,-2.026369,398400,539000,1958-01-01,,2,312cd518f10612f262ea0c883b636c1a,2026-09-21T20:01:46.368+00:00,,true,366262550389695
-5682685675457718027,-1892843495545973387,024004,Bedburn,Bedburn Beck,Wear,Hamsterley,Active,54.6847,-1.818483,411800,532200,1959-01-01,,1,0ec94afacd627b79fd21008a8a2393d8,2026-09-21T20:01:46.368+00:00,,true,366262550389695
6187672074536045315,1298566350818468824,024005,Burn Hall,River Browney,Wear,Sunderland Bridge,Active,54.742586,-1.59921,425900,538700,1954-01-01,,3,9cf5915ed24b89d5083944621b1a4218,2026-09-21T20:01:46.368+00:00,,true,366262550389695
6246901826566812042,-8413046170453480756,024006,Eastgate,Rookhope Burn,Wear,Eastgate,Active,54.746819,-2.074526,395300,539100,1957-01-01,,2,337632f0d17c4acfdd42ed70ecc0a5a8,2026-09-21T20:01:46.368+00:00,,true,366262550389695
-878582456429683074,-5426898446857088016,024008,Witton Park,River Wear,Wear,Witton Park,Active,54.67286,-1.733251,417300,530900,1972-01-01,,2,20e68b54d0b84f72293f7344ed9d2b06,2026-09-21T20:01:46.368+00:00,,true,366262550389695
-3481509315486604533,-4855696074754602002,024009,Chester-Le-Street,River Wear,Wear,Chester-Le-Street,Active,54.854785,-1.560716,428300,551200,1976-01-01,,2,0c1f9b9dafc8cf1b22ae8a46e25b702d,2026-09-21T20:01:46.368+00:00,,true,366262550389695
2322162992047367686,5409045411348051548,024010,Wearhead,Killhope Burn,Wear,Wearhead,Active,54.753822,-2.225251,385600,539900,1999-01-01,,2,0a22ec30ede8d2eae4e99618770f7f79,2026-09-21T20:01:46.368+00:00,,true,366262550389695
-8304452490222603891,-7511646515696656841,024012,Houghton Le Spring,Moors Burn,Wear,Houghton Le Spring,Active,54.842382,-1.487058,433039,549852,2000-04-19,,1,24f42a6f98f43e41fd6bf9e7c56bcd61,2026-09-21T20:01:46.368+00:00,,true,366262550389695
-387205025204168806,-5934557237113794456,0240120,Durham New Elvet Bridge,River Wear,Wear,Durham,Active,54.776573,-1.57257,427592,542492,2005-10-18,,1,3ac239f3377b67145e8de381a968ecb8,2026-09-21T20:01:46.368+00:00,,true,366262550389695
5924657818644842592,-959565463717608145,024013,Lowlands,River Gaunless,Wear,Cockfield,Active,54.619954,-1.792445,413500,525000,2000-09-28,,1,b49228067d1a742ed956276603e80277,2026-09-21T20:01:46.368+00:00,,true,366262550389695
7572707467862152465,-1443942263144621270,024014,Copley,River Gaunless,Wear,Copley,Active,54.62006,-1.868327,408600,525000,2000-10-11,,2,6470aba85a4149be99fa1a6cb875e289,2026-09-21T20:01:46.368+00:00,,true,366262550389695
8998620135785707265,-2711024864220744896,024015,West Auckland,River Gaunless,Wear,West Auckland,Active,54.633826,-1.719549,418201,526560,2002-03-18,,1,d9f4387becdeeb76bad8f9846bfd3605,2026-09-21T20:01:46.368+00:00,,true,366262550389695
475194976707638184,1899619969480383204,024016,Dovecote Hill,River Gaunless,Wear,Bishop Auckland,Active,54.646651,-1.672987,421200,528000,2002-05-13,,1,21b61b94f40bc325343901a6f00fcf09,2026-09-21T20:01:46.368+00:00,,true,366262550389695
1928394665413282976,-8324893036493034868,024017,Lanchester Front Street,Smallhope Burn,Wear,Lanchester,Active,54.82499,-1.744671,416502,547826,2002-01-01,,1,d3767595609bb3e5f931c27e01213f2f,2026-09-21T20:01:46.368+00:00,,true,366262550389695
5188469807338637754,-8461492133632170620,024023,Oakley Cross Beck,Oakley Cross Beck,Wear,West Auckland,Active,54.62791,-1.7258,417800,525900,2004-01-01,,2,fd3b3d5aa07093f2676372f4ba5a8583,2026-09-21T20:01:46.368+00:00,,true,366262550389695
-2124876196712702740,6761727197291823540,024024,Spring Gardens Dam,River Gaunless,Wear,Toft Hill,Active,54.634236,-1.742024,416750,526600,2004-01-01,,4,94748cbe7f0eb3aad5926b251500f6e0,2026-09-21T20:01:46.368+00:00,,true,366262550389695
4446584537578337318,-6486568682101036644,024027,Ramshaw Mill,River Gaunless,Wear,West Auckland,Active,54.629699,-1.755963,415852,526092,2010-07-06,,1,0b80e3aa56856ffae8d9c59faa4e0839,2026-09-21T20:01:46.368+00:00,,true,366262550389695
-7769673095442685346,5483143905692862071,024030,Crook West Bridge Street,Crook Beck,Wear,Crook West Bridge Street,Active,54.715017,-1.74235,416696,535589,2021-11-16,,1,da93fced8d341aa3678cd3732f9b0856,2026-09-21T20:01:46.368+00:00,,true,366262550389695
5821044077614684724,2515139766321199721,0260TH,Cirencester,River Churn,Cotswolds,Stratton,Active,51.724451,-1.972293,402010,202860,1986-01-01,,2,b695fe7535eb23d9bec787891c604038,2026-09-21T20:01:46.368+00:00,,true,366262550389695
-3971999679240156570,-1903803322110582622,0278TH,South Cerney,River Churn,Cotswolds,South Cerney,Active,51.673897,-1.934146,404650,197239,2006-01-01,,1,8985c97c6eb4877e9181b612bba13f91,2026-09-21T20:01:46.368+00:00,,true,366262550389695
-1545412272983147748,5586603140338643543,0290TH,Cerney Wick,River Churn,Cotswolds,Cerney Wick,Active,51.665333,-1.891795,407580,196290,1986-01-01,,4,bc074ca564a38551d10b8e1c1dad9701,2026-09-21T20:01:46.368+00:00,,true,366262550389695
-3123504441488755668,9145549715945790366,0301TH,Highworth Bridge,South Marston Brook,Cotswolds,Swindon,Active,51.591169,-1.723948,419220,188072,2021-12-01,,1,933c54e5aaf3f4682d76cb848d5b46f0,2026-09-21T20:01:46.368+00:00,,true,366262550389695
-3188434327793468567,9045526119345037378,0305SO,Lingfield Eden Brook,Eden Tributary  Medway,Medway,Lingfield,Active,51.171954,-0.007351,539400,143300,1996-01-01,,2,2039f7e23ee4c0cb127cfe2922d63a5c,2026-09-21T20:01:46.368+00:00,,true,366262550389695
-3352815860673851699,-1473710830781468213,0311TH,Rushey Platt,River Ray,Vale of White Horse,Swindon,Active,51.553565,-1.803214,413740,183872,2006-01-01,,1,c5687ca5398af5b231e45d9c37e532f5,2026-09-21T20:01:46.368+00:00,,true,366262550389695
-2392881446080657512,-8470575211727675392,0319TH,Rodbourne,River Ray,Vale of White Horse,Haydon Wick,Active,51.571821,-1.816698,412800,185900,1997-01-01,,1,5cc8f7afbc1af0f74831c2d4adee90c0,2026-09-21T20:01:46.368+00:00,,true,366262550389695
3943875981500209621,7551534846390122802,0390TH,Water Eaton,River Ray,Vale of White Horse,Cricklade,Active,51.64017,-1.826539,412100,193500,1986-01-01,,3,0d9d2f267f6a7d67ed44d77e96fbb7b9,2026-09-21T20:01:46.368+00:00,,true,366262550389695
4323845648286130196,1058270382780608674,0470TH,Ampney St Peter,Ampney Brook,Cotswolds,Ampney St Peter,Active,51.710647,-1.889951,407700,201330,1982-01-01,,2,aa0e406feb43c9383114567607f62ce6,2026-09-21T20:01:46.368+00:00,,true,366262550389695
8029223143101919034,8252079708140224060,0490TH,Sheeppen Bridge,Ampney Brook,Cotswolds,Latton,Active,51.654587,-1.849612,410500,195100,1986-01-01,,2,67abbbf4227b3bdd1e9ee5ef98226a90,2026-09-21T20:01:46.368+00:00,,true,366262550389695
-8179214396217141071,-1535904333709202203,0503SOa,Stonebridge,River Teise,Medway,Horsmonden,Active,51.132785,0.453941,571790,139920,1967-01-01,,2,715a565c17b32dc641dfeb227075bad8,2026-09-21T20:01:46.368+00:00,,true,366262550389695
-6827838641778910835,-9071186438381632539,0530TH,Whetstone Bridge,Marston Meysey Brook,Cotswolds,Marston Meysey,Active,51.667039,-1.816893,412760,196490,1986-01-01,,2,594ea6b210aaca34b0b4a215a47a1219,2026-09-21T20:01:46.368+00:00,,true,366262550389695
-4343378478662321230,3327174883875631577,055002_TG 301,Belmont,River Wye,Wye,Belmont,Active,52.045084,-2.752202,348508,238789,1970-01-01,,1,9fa9e25e8aca97912fe0fc518aa02b9a,2026-09-21T20:01:46.368+00:00,,true,366262550389695
-2653271901598932350,-7681882877306592090,055003_TG 316,Lugwardine,River Lugg,Wye,Lugwardine,Active,52.061919,-2.659977,354850,240600,1970-01-01,,1,f3b52191031547dc51d6d7a916951058,2026-09-21T20:01:46.368+00:00,,true,366262550389695
-2882024409300612712,-846812490726299792,055013_TG 326,Titley Mill,River Arrow,Wye,Titley Mill,Active,52.220498,-2.984666,332830,258490,1970-01-01,,1,6e0689f1e6a4a9159179ff8ed7c881ce,2026-09-21T20:01:46.368+00:00,,true,366262550389695
8850071087719961121,2262274850334684602,055014_TG 306,Byton,River Lugg,Wye,Byton,Active,52.276841,-2.932709,336460,264710,1970-01-01,,1,7ab55b4277b60920cde580c876814a46,2026-09-21T20:01:46.368+00:00,,true,366262550389695
-186779192308206343,-8350584468050009692,055018_TG 327,Yarkhill,River Frome (Wye),Wye,Yarkhill,Active,52.081299,-2.563805,361460,242700,1981-03-01,,1,5e77519a4df5a5d1b07aa6334b481fa1,2026-09-21T20:01:46.368+00:00,,true,366262550389695
-4054617154367357350,8182754642172929266,055021_TG 305,Butts Bridge,River Lugg,Wye,Butts Bridge,Active,52.226571,-2.730348,350210,258960,1970-07-02,,1,87530e509a2c9c21f9d463526b7174e5,2026-09-21T20:01:46.368+00:00,,true,366262550389695
1006489513132886633,-5810005073298616721,055027_TG 328,Sandford Bridge,Rudhall Brook,Wye,Sandford Bridge,Active,51.928793,-2.524006,364065,225717,1990-03-08,,1,e7eef578903606eb01e2cbed0ae4c631,2026-09-21T20:01:46.368+00:00,,true,366262550389695
-7584907470501895205,8896754934307413506,055028_TG 9302,Bishops Frome,River Frome (Wye),Wye,Bishops Frome,Active,52.137017,-2.488532,366660,248860,1971-10-01,,1,0ecd18440f70418265024582afe80d57,2026-09-21T20:01:46.368+00:00,,true,366262550389695
8389364351310985376,4840663302547337086,055031_TG 329,Three Elms,Yazor Brook,Wye,Three Elms,Active,52.069153,-2.743532,349130,241460,1973-02-01,,2,b714798350de1d8e74ecc0f1cd3be828,2026-09-21T20:01:46.368+00:00,,true,366262550389695
8275325974568137288,-5775364311792195301,055036,Marstow Mill,Garren Brook,Wye,Marstow Mill,Active,51.870918,-2.640226,356017,219344,2009-09-02,,1,8915369a4d50851c9f1971086a20528c,2026-09-21T20:01:46.368+00:00,,true,366262550389695
-880331596892725354,-2067532790636603168,055040,Bromyard,River Frome (Wye),Wye,Bromyard,Active,52.191185,-2.501355,365824,254891,2009-01-01,,1,83e4d3221ccffefbccfe86d6fb127cb3,2026-09-21T20:01:46.368+00:00,,true,366262550389695
-413234400218328351,932564435598499293,055041,Ford Bridge,River Lugg,Wye,,Active,52.191921,-2.718721,350966,255098,2023-09-01,,1,5cdc3637e1288619dd01ee8ce0d69acb,2026-09-21T20:01:46.368+00:00,,true,366262550389695
-3080547094177175561,-1095806710974361826,055807_TG 320,Old Wye Bridge,River Wye,Wye,Hereford Bridge,Active,52.051748,-2.720173,350712,239508,1988-07-01,,2,6226c5058b81e5164efac77530080cfe,2026-09-21T20:01:46.368+00:00,,true,366262550389695
-2428959731603610411,7929219274841648484,055811_TG 9303,Bredwardine,River Wye,Wye,Bredwardine,Active,52.096497,-2.969481,333683,244684,1987-10-01,,1,618bb00e04cfd42c1e26ab49de78cb1c,2026-09-21T20:01:46.368+00:00,,true,366262550389695
7058874314598802859,-5668744147912139709,055816_TG 319,Mordiford,River Wye,Wye,Mordiford,Active,52.026391,-2.629867,356880,236630,1988-04-01,,1,dbe288331dff2ce0a6c782ff1af85b2d,2026-09-21T20:01:46.368+00:00,,true,366262550389695
2141501719574374658,-4054684752228723442,055817_TG 323,Ross On Wye,River Wye,Wye,Ross On Wye,Active,51.915339,-2.587573,359682,224254,1987-10-01,,2,b8017082959db6ff811ec41860efa568,2026-09-21T20:01:46.368+00:00,,true,366262550389695
8052407226524587003,2801595433732701447,055L010SG,Eardisland,River Arrow,Wye,Eardisland,Active,52.223407,-2.851042,341962,258698,2008-08-28,,1,44af9b31a0b9a8f3fcb595c47a386c65,2026-09-21T20:01:46.368+00:00,,true,366262550389695
1430207104639173740,-4885189965888621149,0569TH,Hannington Bridge,River Thames,Cotswolds,Hannington Wick,Active,51.663588,-1.749677,417410,196120,1994-01-01,,1,9f31cb01159e8799f2cc8d535cc71dcc,2026-09-21T20:01:46.368+00:00,,true,366262550389695
-7819567114706542050,-624962253722318959,0630TH,Fosse Bridge,River Coln,Cotswolds,Fossebridge,Active,51.799654,-1.885239,408010,211230,1990-01-01,,1,4e65a5d8c14c95cc86e61350ed3b9287,2026-09-21T20:01:46.368+00:00,,true,366262550389695
8124257895040356995,2145811103824060895,0660TH,Bibury,River Coln,Cotswolds,Bibury,Active,51.754535,-1.825522,412140,206220,1986-01-01,,1,e52b4030f0d5c64852c831f1e83bd534,2026-09-21T20:01:46.368+00:00,,true,366262550389695
-1216059079569947050,8296228992289093808,067005_TG 116,Brynkinalt,Ceiriog,Dee,Y Waun / Chirk,Unknown,52.928701,-3.050056,329510,337328,1970-01-01,,,1fe5a5e4970a86587e383b7d680414d9,2026-09-21T20:01:46.368+00:00,,true,366262550389695
413512330016036521,-493181848382850753,067015_TG 132,Manley Hall,River Dee,Dee,Manley Hall,Unknown,52.966639,-2.971614,334840,341474,1969-01-01,,,1bd8c5cda383bfd56c00a12482de9485,2026-09-21T20:01:46.368+00:00,,true,366262550389695
279389630459877474,7429978134584992062,067021,Lea Hall,Aldford Brook,Dee,Aldford,Unknown,53.120007,-2.847029,343409,358429,1975-01-01,,,856a65db4b3a27b6ef576b6f1c26a131,2026-09-21T20:01:46.368+00:00,,true,366262550389695
1457916268838702195,-3512269229974947893,067022,Tattenhall High Street,Mill Brook,Dee,Tattenhall,Active,53.119553,-2.76962,348589,358320,2023-07-21,,1,174d58df24db10ea363a84d4a861205f,2026-09-21T20:01:46.368+00:00,,true,366262550389695
4282080746399708223,-2976479227006462736,067027_TG 127,Ironbridge,River Dee,Dee,Aldford,Unknown,53.134133,-2.871357,341800,360020,1993-01-01,,,6a04d7fe24ba42779fcd6fa4ae3c38f6,2026-09-21T20:01:46.368+00:00,,true,366262550389695
7435059325939856423,-1028455338846079488,067624_TG 126,Farndon,River Dee,Dee,Farndon,Unknown,53.08308,-2.879119,341211,354347,1985-01-01,,,fbafb661f54c81df5c5967b2a3633c6e,2026-09-21T20:01:46.368+00:00,,true,366262550389695
-7402717374365971864,6255691146912374718,067639,"Knolls Bridge, Chester",Finchett's Gutter,Dee,Chester,Active,53.216883,-2.906882,339540,369255,2002-05-09,,1,353e4b1e88c26cfd39bfec95f490c353,2026-09-21T20:01:46.368+00:00,,true,366262550389695
2563652418787510642,4552557442242065417,067647,"Countess Way, Abbot's Mead",Finchett's Gutter,Dee,"Abbot's Mead, Chester",Active,53.205519,-2.902345,339827,367987,2025-10-31,,1,69f89d54d4929d9c81bf1f31f42d1b31,2026-09-21T20:01:46.368+00:00,,true,366262550389695
-5419300088676677898,-3197976447281368898,0680TH,Fairford,River Coln,Cotswolds,Fairford,Active,51.709394,-1.783971,415023,201207,1991-01-25,,2,312d4d0db53eaedd45eb9163e5e36884,2026-09-21T20:01:46.368+00:00,,true,366262550389695
-7248168517522412684,3011407700413973557,0701TH,St Johns Lock,River Thames,Cotswolds,Lechlade On Thames,Active,51.68931,-1.678796,422300,199000,1995-01-01,,3,cdc8855c427e8465d549643ca0af0bbc,2026-09-21T20:01:46.368+00:00,,true,366262550389695
-5472721658347967960,2305001831941261175,0710TH,Lower Stratton,River Cole,Vale of White Horse,Stratton St Margaret,Active,51.569689,-1.735909,418400,185680,2001-01-01,,1,4605bfdb27afd401ac5adb1986eaf674,2026-09-21T20:01:46.368+00:00,,true,366262550389695
-6489217519838411005,-2733543386457855403,0712TH,Kestrel Drive,Dorcan Brook,Vale of White Horse,Wanborough,Active,51.563545,-1.722961,419300,185000,2001-01-01,,1,829543d6281bd850f4712bfedb3a0383,2026-09-21T20:01:46.368+00:00,,true,366262550389695
-775362073976805666,-7256719333816464717,0782SO,Riddles Lane,Groundwater Level,Swale,,Active,51.331532,0.714832,589224,162659,2001-10-01,,2,7394b21db3a42f3437c070fd4fe93201,2026-09-21T20:01:46.368+00:00,,true,366262550389695
4070592041409729759,2822752750613505038,0790TH,Inglesham,River Cole,Vale of White Horse,Upper Inglesham,Active,51.670899,-1.700313,420821,196946,1976-01-01,,2,a994070ed1ae33884bf7ed2e2e833500,2026-09-21T20:01:46.368+00:00,,true,366262550389695
-5375119501798231789,-7678861443759628615,0890TH,Lechlade,River Leach,Cotswolds,Lechlade On Thames,Active,51.692891,-1.672984,422700,199400,1986-01-01,,3,39ec75e3f02543986ae20fce89d4f840,2026-09-21T20:01:46.368+00:00,,true,366262550389695
3970672982357328130,-5699350982478253308,0898TH,Buscot Lock,River Thames,Cotswolds,Buscot,Active,51.68119,-1.668729,423000,198100,1995-01-01,,3,902dcbd840bdb2b6ec272c67955782f7,2026-09-21T20:01:46.368+00:00,,true,366262550389695
-4272152362481945127,-4796275800929620255,0901TH,Grafton Lock,River Thames,Vale of White Horse,Eaton Hastings,Active,51.690894,-1.607898,427200,199200,2002-01-01,,4,698461e45b86bf255d8271a6ab8e0f51,2026-09-21T20:01:46.368+00:00,,true,366262550389695
7375210824948210740,2977660336515353610,0902TH,Radcot Lock,River Thames,Vale of White Horse,Radcot,Active,51.699764,-1.573094,429600,200200,2002-01-01,,4,49e265e631082e64f59f25483971786a,2026-09-21T20:01:46.368+00:00,,true,366262550389695
7110006780075732444,2901793380468083523,0903TH,Rushey Lock,River Thames,Cotswolds,Carswell Marsh,Active,51.698716,-1.534037,432300,200100,2000-12-01,,4,2b630e1fc25361e0bd620f1d3df81a6d,2026-09-21T20:01:46.368+00:00,,true,366262550389695
6311642958319332801,8319745410432652747,0904SO,Vexour Bridge,Eden Tributary  Medway,Medway,Chiddingstone Causeway,Active,51.189651,0.160853,551100,145600,1967-01-01,,2,9e26ae32613970e535b2cfd97a5c7be5,2026-09-21T20:01:46.368+00:00,,true,366262550389695
6063157809418077298,3407658847552014208,0904TH,Shifford Lock,River Thames,Vale of White Horse,Shifford,Active,51.70718,-1.465193,437051,201074,2002-01-01,,4,dacb8bb23feab5441573e1f00041debe,2026-09-21T20:01:46.368+00:00,,true,366262550389695
-846092094164291295,-6964089161451982913,0911TH,Clanfield,Clanfield Brook,Cotswolds,Clanfield,Active,51.719421,-1.588977,428490,202380,2004-01-01,,1,1d39883cc8006ef1bc352a628194b8cd,2026-09-21T20:01:46.368+00:00,,true,366262550389695
-8909449805457983383,-6128118467130462039,0913TH,Bampton,Shill Brook,Cotswolds,Bampton,Active,51.72466,-1.54887,431257,202979,2009-06-09,,1,8260fbcf1562b6313b508da21a4c8880,2026-09-21T20:01:46.368+00:00,,true,366262550389695
-1876932676191969444,1446617333086575278,1003SO,West Gate Gardens,Great Stour,Stour,Canterbury,Active,51.280821,1.073832,614465,158008,2001-07-17,,2,46782cc1e65a2eef04970eab54772289,2026-09-21T20:01:46.368+00:00,,true,366262550389695
-495374041100000983,4945720744509854664,1020TH,Bourton Windrush,River Windrush,Cotswolds,Bourton-On-The-Water,Active,51.886693,-1.767911,416070,220930,1994-01-01,,2,ffe10c689a739ed32ba4c5142ded759b,2026-09-21T20:01:46.368+00:00,,true,366262550389695
-2565703983407159383,304989650380185793,1029TH,Bourton Dickler,River Dikler,Cotswolds,Little Rissington,Active,51.874767,-1.740083,417990,219610,1994-01-01,,2,2cee1e0ebb86095cb10ab978c40dc6c1,2026-09-21T20:01:46.368+00:00,,true,366262550389695
8929551279516328458,-9117469012870363397,1080TH,Worsham,River Windrush,Cotswolds,Charterville Allotments,Active,51.793689,-1.564378,430140,210650,1987-01-01,,3,808c39932c01ad5da4b68edf9d13745a,2026-09-21T20:01:46.368+00:00,,true,366262550389695
-2241714400433617029,4839366433299162957,1082TH,Witney,River Windrush,Cotswolds,Witney,Active,51.789786,-1.484269,435668,210252,2008-01-01,,1,82f5f92f71ec64fe179362575ea2ebb4,2026-09-21T20:01:46.368+00:00,,true,366262550389695
-4065939099189181401,5139295636620326336,1090TH,Newbridge GS,River Windrush,Cotswolds,Standlake,Active,51.715253,-1.41933,440213,201996,2023-10-05,,2,c538223086835ba126d789dd6a1017bf,2026-09-21T20:01:46.368+00:00,,true,366262550389695
2847820466139522473,1870879904811500444,1090_w1TH,Newbridge Weir A,River Windrush,Cotswolds,Standlake,Closed,51.713499,-1.420988,440100,201800,1986-01-01,,1,246dac6500da373618fe480ed0f6f474,2026-09-21T20:01:46.368+00:00,,true,366262550389695
-322058605812471686,6598079452570685187,1099TH,Northmoor Lock,River Thames,Cotswolds,Appleton,Active,51.716858,-1.374624,443300,202200,1995-01-01,,4,2378c3202dd3dff83b5123017ece62f4,2026-09-21T20:01:46.368+00:00,,true,366262550389695
-7188668234723149388,-1777720724171043995,1100TH,Farmoor,River Thames,Cotswolds,Farmoor,Active,51.757544,-1.366384,443830,206730,1991-01-01,,2,892a80bbed4879ebcce9fe2bbc58cdd3,2026-09-21T20:01:46.368+00:00,,true,366262550389695
-8376825610710360472,5590096699964004925,1102TH,Pinkhill Lock,River Thames,Cotswolds,Farmoor,Active,51.761748,-1.362413,444100,207200,1997-01-01,,4,adfa92693e841d3e4a0847f4ae05d9bf,2026-09-21T20:01:46.368+00:00,,true,366262550389695
-84755469079192246,589780963256382939,1113SO,Sellindge,East Stour Trib  Great Stour,Stour,Sellindge,Active,51.099225,1.00828,610721,137629,2015-10-31,,2,5d0ebb3ac25a005e65b562d54244f144,2026-09-21T20:01:46.368+00:00,,true,366262550389695
-7080184515714293663,-2051171360502059050,1201TH,Eynsham Lock,River Thames,Vale of White Horse,Swinford,Active,51.774692,-1.356854,444471,208643,1999-01-01,,4,21820d8d0cc670f98eebecd5ee81cd8d,2026-09-21T20:01:46.368+00:00,,true,366262550389695
-2589863313092129994,-6316373995847084628,1208TH,Moreton,River Evenlode,Cotswolds,Moreton in Marsh,Active,51.988876,-1.697906,420841,232313,2008-01-01,,2,498908c261f7a5c3eed2041d75da65a9,2026-09-21T20:01:46.368+00:00,,true,366262550389695
-6275854768038873600,7920037709542128773,1210TH,Evenlode Bridge,River Evenlode,Cotswolds,Evenlode,Active,51.95095,-1.679842,422100,228100,2001-01-01,,1,4c0cccfab3dbbba21038344b8f1d68ab,2026-09-21T20:01:46.368+00:00,,true,366262550389695
-3748188206202828694,-4244264267150017363,1238TH,Shipton,River Evenlode,Cotswolds,Shipton Under Wychwood,Active,51.861678,-1.594363,428030,218200,1997-01-01,,1,58b9a3523d41facce9c095caad389adc,2026-09-21T20:01:46.368+00:00,,true,366262550389695
-1619203011067949959,8959179221210916992,1285SO,Black Bull Road,Pent Stream,Stour,Folkestone,Active,51.085655,1.177662,622643,136619,2015-10-23,,3,294c96674f9489f550b8d7d5ad8fcc19,2026-09-21T20:01:46.368+00:00,,true,366262550389695
8421112725621183306,-6130856009052805780,1289TH,Woodstock,River Glyme,Cotswolds,Wootton,Active,51.864215,-1.356609,444400,218600,1996-01-01,,2,f7bde984be85ce01527da430544e0766,2026-09-21T20:01:46.368+00:00,,true,366262550389695
660878265034308887,-5590882415597173997,1290_w1TH,Cassington Weir A,River Evenlode,Cotswolds,Cassington,Active,51.786053,-1.351198,444850,209910,1986-01-01,,1,856d4b4d443e46b798a950f0006c593d,2026-09-21T20:01:46.368+00:00,,true,366262550389695
-1966398277206780777,243473622661595739,1290_w2TH,Cassington Weir B,River Evenlode,Cotswolds,Cassington,Active,51.786053,-1.351198,444850,209910,1986-01-01,,1,1c39ab2965d6559a01f2dcce0cfbee5a,2026-09-21T20:01:46.368+00:00,,true,366262550389695
6047317123915779061,-7341515537955734330,1301TH,Kings Lock,River Thames,Vale of White Horse,Wolvercote,Active,51.789307,-1.306931,447900,210300,2000-01-01,,4,2c87a6ef53c37c471d391066b305a9ca,2026-09-21T20:01:46.368+00:00,,true,366262550389695
-6662260197012853223,-6098785677545173410,1302TH,Godstow Lock,River Thames,Vale of White Horse,Wytham,Active,51.776669,-1.298428,448500,208900,1997-01-01,,4,16848954766fb88b868474b69656dd56,2026-09-21T20:01:46.368+00:00,,true,366262550389695
5015004826422609382,-1206084853798765812,1303TH,Osney Lock,River Thames,Vale of White Horse,Botley,Active,51.74909,-1.272781,450300,205850,1995-01-01,,2,caf6827bb2260803971a3ebab8937761,2026-09-21T20:01:46.368+00:00,,true,366262550389695
-4253524911941983346,-3790799977787511636,1408TH,Woodford Halse,River Cherwell,Cherwell Thame and Wye,Hinton,Active,52.167771,-1.212815,453936,252460,2003-01-01,,1,331bc3d9fe589b3ab3d2cbb4047affe2,2026-09-21T20:01:46.368+00:00,,true,366262550389695
-2475102538228341897,6073871020703201105,1416TH,Cropredy Bridge,River Cherwell,Cherwell Thame and Wye,Cropredy,Active,52.114915,-1.315184,446990,246510,1997-01-01,,1,7f2f242c3682e6e5537309d2023e66a5,2026-09-21T20:01:46.368+00:00,,true,366262550389695
4783693622173981983,-3147691043118078895,1420TH,Banbury,River Cherwell,Cherwell Thame and Wye,Banbury,Active,52.066379,-1.333286,445800,241100,1986-01-01,,2,2caaf475c6a0bfd844ece4f0d64ae691,2026-09-21T20:01:46.368+00:00,,true,366262550389695
-3103272330133457801,9219715666039792464,1431TH,Bloxham,Bloxham Brook,Cherwell Thame and Wye,Bloxham,Active,52.017279,-1.380792,442590,235610,2000-01-01,,1,939cb99490e0b6d27dc6ce98fe0cab82,2026-09-21T20:01:46.368+00:00,,true,366262550389695
5843572357677284649,-8693299059837718042,1437TH,Bodicote,Sor Brook,Cherwell Thame and Wye,Bodicote,Active,52.028582,-1.326852,446280,236900,1994-01-01,,2,9bf3423f9b90706a62bd21ad98bdcb24,2026-09-21T20:01:46.368+00:00,,true,366262550389695
5783960525484443833,-4740131657134054347,1453TH,Heyford Bridge,River Cherwell,Cherwell Thame and Wye,Steeple Aston,Active,51.920573,-1.306366,447800,224900,1997-01-01,,2,ef805f44000c177a597ec563a27d43d4,2026-09-21T20:01:46.368+00:00,,true,366262550389695
-1234247780035223770,-3488067229941631153,1460_w1TH,Enslow Weir A,River Cherwell,Cherwell Thame and Wye,Shipton-On-Cherwell,Active,51.861393,-1.30321,448080,218320,1986-01-01,,1,831b85277568d83775a720a1e8ec183f,2026-09-21T20:01:46.368+00:00,,true,366262550389695
-356820600436519608,-770259822700445828,1465TH,Thrupp,River Cherwell,Cherwell Thame and Wye,Thrupp,Active,51.840425,-1.30005,448320,215990,2000-01-01,,1,686459597295aebc89b184cd60b32062,2026-09-21T20:01:46.368+00:00,,true,366262550389695
1389058616840272680,-2954542455244349551,1471TH,Grendon Underwood,River Ray,Cherwell Thame and Wye,Grendon Underwood,Active,51.884491,-1.012852,468040,221120,1986-01-01,,2,23c384901cbfccac489d339407734dc3,2026-09-21T20:01:46.368+00:00,,true,366262550389695
-4904074792328665697,-5983744035231980824,1480SO,Alkham Valley,Groundwater Level,Stour,,Active,51.139335,1.236398,626493,142766,1995-01-01,,2,e2b0f33c67da43694eba4409b4c05dac,2026-09-21T20:01:46.368+00:00,,true,366262550389695
8613218328561482507,-1831648314355130828,1483TH,Lower Arncott,River Ray,Cherwell Thame and Wye,Lower Arncott,Active,51.861059,-1.119228,460750,218420,1997-01-01,,1,214819cc38e08d5dd9e9fded881161b3,2026-09-21T20:01:46.368+00:00,,true,366262550389695
7828533153064244588,1643808496907053379,1484TH,Langford Village,Langford Brook,Cherwell Thame and Wye,Launton,Active,51.895439,-1.13585,459560,222230,2004-01-01,,1,cb8eeac3fe73c0da36430c41e4a80819,2026-09-21T20:01:46.368+00:00,,true,366262550389695
-4716975181941730040,2031659794199086542,1486TH,Wendlebury,Wendlebury Brook,Cherwell Thame and Wye,Wendlebury,Active,51.874246,-1.18499,456205,219834,2006-01-01,,1,feaf47fa374904daad727769ba958a7e,2026-09-21T20:01:46.368+00:00,,true,366262550389695
1591989503366458633,-7432634311317205839,1489TH,Islip,River Ray,Cherwell Thame and Wye,islip,Active,51.819783,-1.242178,452331,213734,1995-08-15,,5,0cded62ea5451e7ca2d6e163b3c13bf2,2026-09-21T20:01:46.368+00:00,,true,366262550389695
5715384649207157772,826859995735513582,1490TH,Oxford Botanical Gardens,River Cherwell,Cherwell Thame and Wye,Oxford,Active,51.750579,-1.24661,452105,206034,1996-06-05,,4,bce9dbd99ddd90a01de71547476579f0,2026-09-21T20:01:46.368+00:00,,true,366262550389695
-1930394204155753954,1233620220369032268,1491TH,Kings Mill,River Cherwell,Cherwell Thame and Wye,Oxford,Active,51.756247,-1.238765,452640,206670,1997-01-01,,2,422dfb752e9a46481d96731bb72932cb,2026-09-21T20:01:46.368+00:00,,true,366262550389695
7050041082379876599,-1425883897432299359,1501TH,Iffley Lock,River Thames,Cherwell Thame and Wye,Kennington,Active,51.72955,-1.239792,452600,203700,1995-01-01,,4,5a598ae5ed07ef346e82e545cba1d7ca,2026-09-21T20:01:46.368+00:00,,true,366262550389695
-6693958908060171434,8554492629839811397,1502TH,Sandford-on-Thames,River Thames,Cherwell Thame and Wye,Sandford-on-Thames,Active,51.708312,-1.232825,453106,201343,2011-07-13,,2,fdc018f7551fe3e46492266c493db1d7,2026-09-21T20:01:46.368+00:00,,true,366262550389695
3666157628505191095,2314809289576479589,1503TH,Abingdon Lock,River Thames,Cherwell Thame and Wye,Abingdon,Active,51.670388,-1.268257,450700,197100,1997-01-01,,4,eaf9c65b9947c216fce16956b1736627,2026-09-21T20:01:46.368+00:00,,true,366262550389695
-3957508039253004634,7325183202376874784,1635TH,Minns Estate,Seacourt Stream,Vale of White Horse,Botley,Active,51.753242,-1.290099,449100,206300,2002-01-01,,1,38fc948e0bbe66016de58c6982f64c39,2026-09-21T20:01:46.368+00:00,,true,366262550389695
979556771279992765,7788194805926415046,1645TH,New Botley,Bulstake Stream,Vale of White Horse,Botley,Active,51.752648,-1.281126,449720,206240,2001-01-01,,1,0caedac6a05a30193ec661c0420db0e9,2026-09-21T20:01:46.368+00:00,,true,366262550389695
243804891238384532,7541281286197316845,1674TH,Hinksey Lake,Hinksey Stream,Vale of White Horse,"Hinksey Lake, Oxford",Active,51.740477,-1.259957,451195,204901,2015-10-14,,3,fc4ac70316f0d5b4503bea1b99e28905,2026-09-21T20:01:46.368+00:00,,true,366262550389695
-627534001432667766,-407610220073682577,1675TH,Cold Harbour,Hinksey Stream,Vale of White Horse,South Hinksey,Active,51.730973,-1.251352,451800,203850,2001-01-01,,1,8242ddf4b5f621d9266addb778e9c98f,2026-09-21T20:01:46.368+00:00,,true,366262550389695
-8336383403561844682,3290197892027977260,1679TH,Abingdon,River Stert,Vale of White Horse,Abingdon,Active,51.684602,-1.282696,449686,198671,2009-08-03,,1,64d2a8fbd43533bfd6a632d48c33b3af,2026-09-21T20:01:46.368+00:00,,true,366262550389695
4906508763721298652,1044698112945154649,1681TH,Abingdon Peachcroft,Radley Park Ditch,Vale of White Horse,Abingdon,Active,51.683092,-1.268125,450695,198513,2012-03-22,,1,fef1eb133ffa4c8978ebd64d66cf942f,2026-09-21T20:01:46.368+00:00,,true,366262550389695
6455001966342441214,5816059861830982088,1745TH,Stanford Vale,River Ock,Vale of White Horse,Stanford In The Vale,Active,51.632965,-1.505814,434300,192800,1997-01-01,,1,414f7eb119c6dc6115ecdb01d99dc4f6,2026-09-21T20:01:46.368+00:00,,true,366262550389695
-3776253234687419004,-33254971365737751,1756TH,Wantage,Letcombe Brook,Vale of White Horse,Wantage,Active,51.588848,-1.431205,439502,187931,2008-01-01,,1,84eb6c9d88deb01e38a75ee0f41c4130,2026-09-21T20:01:46.368+00:00,,true,366262550389695
-6186326331066275851,-8959932148286309344,1757TH,Charney Bassett,River Ock,Vale of White Horse,Charney Bassett,Active,51.64711,-1.451462,438050,194400,1998-01-01,,1,507f6e985c45df462cf584a60dbc0049,2026-09-21T20:01:46.368+00:00,,true,366262550389695
3053733041763076106,-6451644750506972744,1761TH,Letcombe Bassett,Letcombe Brook,Vale of White Horse,Letcombe Bassett,Active,51.565511,-1.460667,437480,185320,1990-01-01,,1,a6b0bf79109e27bbcc6d554e87d0bbb2,2026-09-21T20:01:46.368+00:00,,true,366262550389695
-7595678200597412952,1533354426626046666,1771TH,Letcombe Regis,Letcombe Brook,Vale of White Horse,Letcombe Regis,Active,51.571482,-1.449342,438260,185990,1991-01-01,,1,9e438c52f66f974c1e3de8e074c12ae6,2026-09-21T20:01:46.368+00:00,,true,366262550389695
5569963152656732406,-1233869075987468821,1790TH,Abingdon,River Ock,Vale of White Horse,Abingdon,Active,51.666656,-1.305189,448150,196660,1978-01-01,,2,9de53f64edb7006d374cff16b73a02a5,2026-09-21T20:01:46.368+00:00,,true,366262550389695
2124146168072817146,2033207300067576986,1796TH,Steventon,Ginge Brook,Vale of White Horse,Steventon,Active,51.621195,-1.323534,446928,191592,2005-01-01,,2,e973a7184f2e2a1688c41bde8a588053,2026-09-21T20:01:46.368+00:00,,true,366262550389695
-6116766825408768296,-3543455275288139983,1799TH,Culham Lock,River Thames,Cherwell Thame and Wye,Culham,Active,51.6506,-1.267131,450800,194900,1995-01-01,,2,8fa2f8d2048fd2397f48aeef66e06a27,2026-09-21T20:01:46.368+00:00,,true,366262550389695
5253076428438849349,-6350932595264809116,1800TH,Sutton Courtenay,River Thames,Vale of White Horse,Culham,Active,51.647821,-1.254167,451700,194600,1983-01-01,,4,9c668cc1bcea964342de8f19fedbb611,2026-09-21T20:01:46.368+00:00,,true,366262550389695
1687065341006371396,-3263713368006105825,1801TH,Clifton Lock,River Thames,Cherwell Thame and Wye,Long Wittenham,Active,51.648617,-1.210808,454699,194720,1997-01-01,,4,48f811e093217d944be42003648eb781,2026-09-21T20:01:46.368+00:00,,true,366262550389695
-1640770925645945572,-3184210677999224970,1899TH,Days Lock,River Thames,Cherwell Thame and Wye,Little Wittenham,Active,51.638206,-1.179444,456882,193586,2005-01-01,,4,9420df4b747a163bd345d90cc4448c02,2026-09-21T20:01:46.368+00:00,,true,366262550389695
9043228209662104914,-6779047222152936277,1904TH,Rowsham Bridge,River Thame,Cherwell Thame and Wye,Rowsham,Active,51.850671,-0.772585,484640,217610,1997-01-01,,1,8a46268bca085f5db7790d247ea6ff93,2026-09-21T20:01:46.368+00:00,,true,366262550389695
-7759921599376465983,-244212079089797005,1911TH,Aylesbury Thame,River Thame,Cherwell Thame and Wye,Stone,Active,51.826251,-0.856541,478900,214800,1987-01-01,,1,dbdad8ddf181075d0de94e7968533b4e,2026-09-21T20:01:46.368+00:00,,true,366262550389695
400410487939263189,7653489116113718468,1922TH,Weston Turville,Wendover Springs,Cherwell Thame and Wye,Weston Turville,Active,51.78506,-0.75797,485771,210330,2006-01-01,,1,dd6a7c685517bebb21e6b73779bb22e1,2026-09-21T20:01:46.368+00:00,,true,366262550389695
-1039739402276934010,7291249850590502528,1925TH,Aylesbury,Bear Brook,Cherwell Thame and Wye,Aylesbury,Active,51.817792,-0.801624,482700,213920,2000-01-01,,1,e3fc2e6b47724d5910d6d58518c89ec2,2026-09-21T20:01:46.368+00:00,,true,366262550389695
4889765807930651422,108791506214364316,1930TH,Cuddington,River Thame,Cherwell Thame and Wye,Cuddington,Active,51.795602,-0.944321,472900,211300,2001-01-01,,2,a62ad7ba74d4c41b5cdaab48bf902220,2026-09-21T20:01:46.368+00:00,,true,366262550389695
-1265935515525590881,-1702330237048014009,1934TH,Churchill Avenue,Southcourt Brook,Cherwell Thame and Wye,Aylesbury,Active,51.808843,-0.823619,481200,212900,2002-01-01,,3,589b04eb64d7e45a33afc74e34d867be,2026-09-21T20:01:46.368+00:00,,true,366262550389695
189251446424720907,-3790588346239865833,1961TH,Thame Bridge,River Thame,Cherwell Thame and Wye,Thame,Active,51.753138,-0.982253,470350,206540,1997-01-01,,2,a23e227364bfccddfd3dc64e4e0dc42d,2026-09-21T20:01:46.368+00:00,,true,366262550389695
6362840293370173718,6243364418267987672,1980TH,Wheatley,River Thame,Cherwell Thame and Wye,Wheatley,Active,51.740637,-1.115198,461190,205030,1988-01-01,,2,142375cce010fc6e82e53cda583dc7b6,2026-09-21T20:01:46.368+00:00,,true,366262550389695
9023116668112373269,8670396752261955375,1984TH,Chalgrove,Chalgrove Brook,Cherwell Thame and Wye,Chalgrove,Active,51.663282,-1.075268,464056,196461,2012-03-21,,2,bfb9f46583769199b1ef6152460dc8b0,2026-09-21T20:01:46.368+00:00,,true,366262550389695
-3430920095922673522,8262995414880723279,1990TH,Stadhampton,River Thame,Cherwell Thame and Wye,Stadhampton,Active,51.675126,-1.132094,460110,197730,2001-01-01,,1,0b42f765006e8f2be4273236bfdcdd92,2026-09-21T20:01:46.368+00:00,,true,366262550389695
-4225302144977492066,5844218961290217427,1993TH,Dorchester,River Thame,Cherwell Thame and Wye,Dorchester,Active,51.641035,-1.163757,457964,193913,2011-04-01,,1,7113990bcd309451b732f70f23530825,2026-09-21T20:01:46.368+00:00,,true,366262550389695
-6873299117468589567,1904231849909583348,1995TH,Ewelme,Ewelme Brook,Cherwell Thame and Wye,Ewelme,Active,51.619653,-1.073786,464220,191610,1990-01-01,,1,664cdd17f37d5f8bff6fe7fe48ab860c,2026-09-21T20:01:46.368+00:00,,true,366262550389695
653447861935221737,3777732230727552763,2001,Bewdley,River Severn,Worcestershire Middle Severn,Bewdley,Active,52.383563,-2.322438,378150,276220,1921-04-01,,2,8a339f61296801b52876666144bc4d70,2026-09-21T20:01:46.368+00:00,,true,366262550389695
3135572081604923969,5722690462382514910,2001TH,Benson Lock,River Thames,Vale of White Horse,Benson,Active,51.617191,-1.116011,461300,191300,1995-01-01,,4,0c09e18556d9e40b975c9125d5f309ef,2026-09-21T20:01:46.368+00:00,,true,366262550389695
-1261609204658914471,6654152783902638849,2002,Evesham,River Avon,Warwickshire Avon,Evesham,Active,52.092165,-1.942876,404010,243760,1936-12-01,,1,97517be0a64c629abfe35a617d765a4c,2026-09-21T20:01:46.368+00:00,,true,366262550389695
7962515779102714332,3174578913448790213,2002TH,Cleeve Lock,River Thames,Cherwell Thame and Wye,Goring,Active,51.529995,-1.135937,460035,181586,1995-01-01,,3,c406dcc934ca41487dd1b6e0f05711e0,2026-09-21T20:01:46.368+00:00,,true,366262550389695
8772370018139273299,5469072133750474709,2003TH,Goring Lock,River Thames,Cherwell Thame and Wye,Streatley,Active,51.523317,-1.141252,459675,180839,1995-01-01,,4,feb55fa80ccbab762753200faed56e8f,2026-09-21T20:01:46.368+00:00,,true,366262550389695
-8358696358302896271,1502274172106414220,2004TH,Whitchurch Lock,River Thames,Cherwell Thame and Wye,Pangbourne,Active,51.486605,-1.088869,463360,176800,2001-01-01,,4,9cc11f38cf419cf3a6a256822e66400c,2026-09-21T20:01:46.368+00:00,,true,366262550389695
7450246079931857855,9166703360852545357,2005,Montford,River Severn,Severn Uplands,Montford,Active,52.724474,-2.872198,341190,314450,1952-04-28,,4,cd67adaea3ba68a8f700e704e1ea41ba,2026-09-21T20:01:46.368+00:00,,true,366262550389695
8601751121087897859,-8796839877300594141,2008,Tenbury,River Teme,Teme,Tenbury Wells,Active,52.313207,-2.591539,359770,268510,1956-10-01,,1,b13eecfd86391ca67e369284a3e6944e,2026-09-21T20:01:46.368+00:00,,true,366262550389695
7788244227427443682,7592477295508672855,2011,Harford Hill,River Salwarpe,Worcestershire Middle Severn,Salwarpe,Active,52.255374,-2.193909,386860,261930,1960-12-19,,1,a3a9f8637e9446874ced12c98af9f67f,2026-09-21T20:01:46.368+00:00,,true,366262550389695
6680796905832205694,6998049615688767595,2012,Walcot,River Tern,Shropshire Middle Severn,Walcot,Active,52.706629,-2.60558,359180,312280,1959-05-12,,1,4c174ceb8d6b3e6aa43d2d2f8df470af,2026-09-21T20:01:46.368+00:00,,true,366262550389695
5693489005189456006,-439554953525770578,2015,Besford Bridge,Bow Brook,Warwickshire Avon,Pershore,Active,52.114425,-2.108012,392700,246240,1961-09-26,,1,714346b2c86b742eca5c9619af200ff6,2026-09-21T20:01:46.368+00:00,,true,366262550389695
-2040755792303771981,3103293157184030312,2016,Rodington,River Roden,Shropshire Middle Severn,Rodington,Active,52.723597,-2.609812,358910,314170,1961-03-02,,1,41a69f84877b768ae7cd97b088ce54c2,2026-09-21T20:01:46.368+00:00,,true,366262550389695
-8219475162193971007,-5803319831315644712,2017,Wedderburn Bridge,River Leadon,Severn Vale,Highleadon,Active,51.909034,-2.32673,377620,223440,1961-07-21,,1,35560093b75530b15b5c440c3799c3c3,2026-09-21T20:01:46.368+00:00,,true,366262550389695
-1848319874973123271,-6273634830108044781,2018,Hookagate,Rea Brook,Severn Uplands,Hookagate,Active,52.678113,-2.791698,346570,309230,1962-10-01,,1,216d5984253ada226101a26d12f100d3,2026-09-21T20:01:46.368+00:00,,true,366262550389695
456899929926668192,-2197464577446118464,2019,Stareton,River Avon,Warwickshire Avon,Stareton,Active,52.340881,-1.512833,433287,271535,1962-09-26,,1,28968658e80ac9f07cc6391b3e1a329f,2026-09-21T20:01:46.368+00:00,,true,366262550389695
-5002706008140947897,-4039091202846418007,2020,Yeaton,River Perry,Shropshire Middle Severn,Yeaton,Active,52.76777,-2.839715,343440,319240,1963-09-25,,1,779dd386d61158fe92ca74853fc2fa4e,2026-09-21T20:01:46.368+00:00,,true,366262550389695
961246547719189803,-4561471304599022469,2020TH,Blewbury,Mill Brook,Vale of White Horse,Blewbury,Active,51.573061,-1.233747,453200,186300,1995-01-01,,3,05b0f789037a0e8425bc40bce8d52bb7,2026-09-21T20:01:46.368+00:00,,true,366262550389695
3463520307547382999,-879032862586738925,2023,Offenham,Badsey Brook,Warwickshire Avon,Aldington,Active,52.100775,-1.910164,406250,244720,1968-05-01,,1,233f9dde763837a8b44cc76d121bd27d,2026-09-21T20:01:46.368+00:00,,true,366262550389695
4817018519909779033,-5309423078190238737,2024,Burcote,River Worfe,Worcestershire Middle Severn,Allscott,Active,52.555203,-2.376056,374600,295330,1969-03-21,,1,e60eb6413bcb8b8777e0a36fbd81900a,2026-09-21T20:01:46.368+00:00,,true,366262550389695
8449906371795466134,-6101220704592532690,2027,Ebley Mill,River Frome (Severn),Severn Vale,Stroud,Active,51.740019,-2.24687,383050,204620,1969-04-14,,1,9af3150d1546849a90dfd7ddad4c935f,2026-09-21T20:01:46.368+00:00,,true,366262550389695
-812492617721847600,5040528090965956533,2029,Knightsford Bridge,River Teme,Teme,Knightwick,Active,52.198971,-2.389281,373490,255710,1970-06-26,,1,5a7e3e8868bb4f0ad9ddb3e92d58c328,2026-09-21T20:01:46.368+00:00,,true,366262550389695
-4234454562389424791,2075256772911531349,2032,Saxons Lode,River Severn,Severn Vale,Naunton,Active,52.049661,-2.200744,386330,239050,1970-06-05,,2,0546471015c0e7ec6480d2af9ea4c29a,2026-09-21T20:01:46.368+00:00,,true,366262550389695
8338748461739242637,551657087024153105,2034,Oak Cottage,Dowles Brook,Worcestershire Middle Severn,Wyre Forest,Active,52.385318,-2.337878,377100,276420,1971-08-24,,1,34ee7c1f2f8e3965767f055de11af214,2026-09-21T20:01:46.368+00:00,,true,366262550389695
5400489903718934268,-2397963996057048846,2036,Hinton On Green,River Isbourne,Warwickshire Avon,Hinton On The Green,Active,52.064842,-1.966688,402380,240720,1972-03-01,,1,e8cacab4abba3e11946e126a53197a4c,2026-09-21T20:01:46.368+00:00,,true,366262550389695
-6206243626388099767,-7397397876958315856,2038,Llanyblodwel,River Tanat,Severn Uplands,Llanyblodwel,Active,52.794313,-3.110292,325230,322440,1973-05-11,,1,a5508346382fa68bc5dd03bd76127e0a,2026-09-21T20:01:46.368+00:00,,true,366262550389695
5592056878071078933,-695826548866005603,2039,Newnham Bridge,River Rea,Teme,Newnham Bridge,Active,52.32,-2.523849,364390,269230,2002-02-21,,1,2709192f383e4847de1bda564fd97232,2026-09-21T20:01:46.368+00:00,,true,366262550389695
-7408951213525947121,-4618842671935314752,2040,Tibberton,River Meese,Shropshire Middle Severn,Tibberton,Active,52.781029,-2.474812,368070,320490,1973-10-30,,1,61d311f5647718453a533081a2d9ee2a,2026-09-21T20:01:46.368+00:00,,true,366262550389695
7499532391047873192,-6093217517840341377,2044,Ternhill,River Tern,Severn Uplands,,Active,52.879528,-2.553394,362854,331485,2022-01-03,,1,7c5e38bb3df1acbd5e5f2434e35fc669,2026-09-21T20:01:46.368+00:00,,true,366262550389695
-3629338931891457085,3526077648130850229,2046,Cosford River,River Worfe,Shropshire Middle Severn,,Active,52.639325,-2.326002,378036,304671,2022-01-03,,2,85fbb6d75e38d6e67474998b02d07694,2026-09-21T20:01:46.368+00:00,,true,366262550389695
-4676762325182588097,-2145906405275691688,2048,Wellesbourne,River Dene,Warwickshire Avon,Wellesbourne,Active,52.197687,-1.602579,427260,255570,1976-05-12,,1,7fcb321d1d101c0d8584cc786c4e37ca,2026-09-21T20:01:46.368+00:00,,true,366262550389695
-9181851340721272795,884184819520654039,2050,Eathorpe,River Leam,Warwickshire Avon,Eathorpe,Active,52.316208,-1.431466,438852,268831,1972-06-16,,1,9dad20237886c0dce05505fb304b58c2,2026-09-21T20:01:46.368+00:00,,true,366262550389695
5192618161675758492,-3130246006828639040,2054,Onibury,River Onny,Teme,Onibury,Active,52.405995,-2.80328,345450,278970,1998-05-11,,1,5d958535cc8f6ff6cb8d9e681f906610,2026-09-21T20:01:46.368+00:00,,true,366262550389695
8257192800686717577,5212985187452638387,2056,Clungunford,River Clun,Teme,,Active,52.401891,-2.892925,339346,278585,2022-01-03,,1,ef14391c7be22e1aab04da75d4bb0237,2026-09-21T20:01:46.368+00:00,,true,366262550389695
8802117069794994512,-6209136221620983346,2057,Haw Bridge,River Severn,Severn Vale,Apperley,Active,51.948918,-2.227065,384490,227850,1971-07-01,,1,8caf466b0c55628c0bb1cb3609fdd04f,2026-09-21T20:01:46.368+00:00,,true,366262550389695
-6466969017403867294,6313044230766082551,2067,Swindon,Smestow Brook,Worcestershire Middle Severn,Swindon,Active,52.51274,-2.205945,386120,290560,1976-04-06,,1,e1fc8478572911ecc0c9cc5c33e37f0b,2026-09-21T20:01:46.368+00:00,,true,366262550389695
8380558192158385581,-5625980781222146802,2071,Ashleworth,River Severn,Severn Vale,Ashleworth,Active,51.922936,-2.265002,381872,224969,1978-01-01,,1,0e05f6d3b6504b3f3a148797ff15cdec,2026-09-21T20:01:46.368+00:00,,true,366262550389695
2505175282183676729,-6158975148619776435,2077,Welsh Bridge,River Severn,Severn Uplands,Shrewsbury,Active,52.709797,-2.75808,348880,312730,1985-12-27,,1,f693a34715d31ce533c8064c3e0d8343,2026-09-21T20:01:46.368+00:00,,true,366262550389695
2169344632652880150,-6837197223691375020,2083,Stourbridge,River Stour,Worcestershire Middle Severn,Stourbridge,Active,52.457997,-2.140347,390560,284460,1991-12-13,,1,ba9e611746c1022532e8b6373657b913,2026-09-21T20:01:46.368+00:00,,true,366262550389695
5256911985612226172,-1222766592569058534,2084,Stourton,River Stour,Worcestershire Middle Severn,Stourton,Active,52.461315,-2.207471,386000,284840,1966-03-14,,1,6a014a53ddb62b7e8344727d14f62207,2026-09-21T20:01:46.368+00:00,,true,366262550389695
2085659953293294389,-6902409847252565709,2085,Diglis,River Severn,Worcestershire Middle Severn,Worcester,Active,52.179799,-2.225461,384680,253530,1986-01-02,,1,6984a478db1f551ff56cc78b83e59276,2026-09-21T20:01:46.368+00:00,,true,366262550389695
7354460362262501836,7751435804079454983,2086,Bransford,River Teme,Teme,Bransford,Active,52.177055,-2.28833,380380,253240,1993-03-17,,1,909fcee308b5c0d68d1a27cc2882e828,2026-09-21T20:01:46.368+00:00,,true,366262550389695
-234772068262293931,6757600864657151651,2087,Mythe Bridge,River Severn,Severn Vale,The Mythe,Active,52.00171,-2.163093,388900,233710,1989-04-21,,1,b3f8699ad20d201c7b70499429403a59,2026-09-21T20:01:46.368+00:00,,true,366262550389695
-7817404378551246471,-2715411016636612888,2088,Lilbourne,River Avon,Warwickshire Avon,Lilbourne,Active,52.395138,-1.173153,456360,277780,1972-04-27,,2,c82fb29e5c153f9ae3732b109cb4560c,2026-09-21T20:01:46.368+00:00,,true,366262550389695
8734982353446349732,9030831142267735331,2090,Rugby,River Avon,Warwickshire Avon,Newbold On Avon,Active,52.38548,-1.26252,450290,276640,1973-09-20,,1,3a1e02a5fa44c37fa149cde5932bfaaa,2026-09-21T20:01:46.368+00:00,,true,366262550389695
-1210994628903905447,-5292541165801324810,2091,Warwick,River Avon,Warwickshire Avon,Warwick,Active,52.284932,-1.562658,429930,265290,1972-05-17,,1,9000287b9b6b4345aa2b7690a4a88260,2026-09-21T20:01:46.368+00:00,,true,366262550389695
8439899782127743945,-5930790024248328657,2092,Shipston,River Stour,Warwickshire Avon,Shipston-On-Stour,Active,52.062264,-1.622014,426010,240500,1972-04-24,,1,9ff4ece24ceeca33e3d208e01a6f3081,2026-09-21T20:01:46.368+00:00,,true,366262550389695
5745369641305225339,-1677155694246726105,2093,Stratford,River Avon,Warwickshire Avon,Stratford-Upon-Avon,Active,52.191595,-1.70123,420520,254860,1987-12-30,,1,ac6be679dbcfce4358ff0cdb46c1f673,2026-09-21T20:01:46.368+00:00,,true,366262550389695
2413175012022826904,2435186385092561384,2094,Studley,River Arrow,Warwickshire Avon,Studley,Active,52.274092,-1.88959,407630,264000,1984-02-28,,1,2bb82c778fa741061daa12c5a6f3b8fa,2026-09-21T20:01:46.368+00:00,,true,366262550389695
-1675629622753256755,5843735680643991218,2095,Little Alne,River Alne,Warwickshire Avon,Little Alne,Active,52.247533,-1.793996,414161,261060,1995-12-15,,1,bd9dafac47daea2544ed504c19f100ea,2026-09-21T20:01:46.368+00:00,,true,366262550389695
125391367501842918,4595335408302245436,2097,Pershore,River Avon,Warwickshire Avon,Pershore,Active,52.10744,-2.07193,395170,245460,2000-06-02,,2,9fd9efa151703568137358f946c481b6,2026-09-21T20:01:46.368+00:00,,true,366262550389695
-5686006227963989804,4613727793402242479,2098,Upper Pound,River Avon,Warwickshire Avon,Tewkesbury,Active,51.998663,-2.155508,389420,233370,1993-12-06,,1,708b67d3585ef8c68e9528f79ab0bbc3,2026-09-21T20:01:46.368+00:00,,true,366262550389695
-959480318227878414,3792418253589450542,2100,Tewkesbury Woolstone,Tirle Brook,Warwickshire Avon,,Active,51.971084,-2.064273,395681,230293,2023-08-16,,1,57a5e5d0b301d8aace518b412f331413,2026-09-21T20:01:46.368+00:00,,true,366262550389695
-2103381384585024464,5088075919653135367,2101,Tewkesbury Tredington,River Swilgate,Warwickshire Avon,,Active,51.966299,-2.146648,390021,229769,2023-08-08,,2,d148811c304d60f316b70c56fed62aa4,2026-09-21T20:01:46.368+00:00,,true,366262550389695
5791221208364482920,-1348076817146617992,2102,Minsterworth,River Severn,Severn Vale,Minsterworth,Active,51.850206,-2.336612,376910,216900,1993-03-01,,1,eea841d7b61b61352e20cb7701a51856,2026-09-21T20:01:46.368+00:00,,true,366262550389695
842372876787632378,2666356507023572645,2104,Broom,River Arrow,Warwickshire Avon,Broom,Active,52.180399,-1.87505,408640,253580,1957-10-01,,1,5ad06062ac91dbae1c9c9c3f59b7fc18,2026-09-21T20:01:46.368+00:00,,true,366262550389695
3135003193556229838,5088379072880654449,2107,Knighton,River Teme,Teme,Knighton,Active,52.344778,-3.043943,328980,272370,2002-12-01,,1,26913fa1a45883bb1ecadd2cd2380bc1,2026-09-21T20:01:46.368+00:00,,true,366262550389695
-7325838287193235576,-2365811689293006601,2117,Churchover,River Swift,Warwickshire Avon,,Active,52.421794,-1.255694,450713,280684,1998-07-29,,1,160d67811344114d0126640941d01c23,2026-09-21T20:01:46.368+00:00,,true,366262550389695
6778800896890581796,6391046670796059477,2124,Parkend,River Lyd,Severn Vale,Parkend,Active,51.764493,-2.556805,361670,207460,1978-07-28,,1,c17cf9e7ca4bd40359947982077276ba,2026-09-21T20:01:46.368+00:00,,true,366262550389695
-4685530762878563071,-5916238575294076586,2125,Castle Foregate,Bagley Brook,Shropshire Middle Severn,Shrewsbury,Active,52.714919,-2.749968,349434,313294,2010-06-20,,1,b4d78e119f3c4175f245cb296e91486e,2026-09-21T20:01:46.368+00:00,,true,366262550389695
-2150596067760481297,4820834182845715255,2128,Bredon,River Avon,Warwickshire Avon,Bredon,Active,52.03494,-2.116566,392100,237400,1988-01-01,,3,8d6c2a86e7f740fee8bdb88c50598e9d,2026-09-21T20:01:46.368+00:00,,true,366262550389695
9099746968765846805,1590583784840788697,2129,Holyhead Road,River Sherbourne,Warwickshire Avon,,Active,52.417908,-1.54648,430941,280088,2003-03-11,,2,623e49d94610f107572c883fc1f9bacd,2026-09-21T20:01:46.368+00:00,,true,366262550389695
-4347469534476247834,-5256176134706902237,2131,Shelley Close,Barbourne Brook,Worcestershire Middle Severn,Worcester,Active,52.211373,-2.215962,385340,257040,2003-02-01,,1,df20930d4afdc82f50ad3551c734b3e4,2026-09-21T20:01:46.368+00:00,,true,366262550389695
4223863107866201775,-7592012583942829015,2132,Leintwardine,River Teme,Teme,Leintwardine,Active,52.359087,-2.876144,340430,273810,1998-05-11,,1,208113e5ff9a6389d2792fc33abf0c32,2026-09-21T20:01:46.368+00:00,,true,366262550389695
-4274151860730560587,4191039494685913994,2133,Wyre Piddle,Piddle Brook,Warwickshire Avon,Wyre Piddle,Active,52.126787,-2.056054,396259,247611,2000-07-27,,1,60ccdad3b963ed360636b53f5d6b72b7,2026-09-21T20:01:46.368+00:00,,true,366262550389695
6897052460589921674,-330143251994168910,2134,Buildwas,River Severn,Worcestershire Middle Severn,Buildwas,Active,52.636354,-2.524962,364570,304420,1977-09-07,,2,ebc1523e70b6b6cc1aa530b1121eb116,2026-09-21T20:01:46.368+00:00,,true,366262550389695
-6487890974134499156,507277155698078322,2139,Charlton Kings,River Chelt,Severn Vale,Cheltenham,Active,51.885938,-2.052672,396471,220822,2001-09-11,,1,9a5309408b03e2602674dc96a5f6dca9,2026-09-21T20:01:46.368+00:00,,true,366262550389695
-4860649576041613869,1166435623103121460,2140TH,Frilsham,River Pang,Vale of White Horse,Frilsham,Active,51.453438,-1.228555,453700,173000,1991-01-01,,2,335c6cf97b06049109ec2d0abd50a3bc,2026-09-21T20:01:46.368+00:00,,true,366262550389695
-8286403493044232918,5976566043751062024,2150TH,Bucklebury,River Pang,Vale of White Horse,Bucklebury,Active,51.435635,-1.201665,455590,171040,1990-01-01,,2,8bfac87c3536ec369625512362b8396b,2026-09-21T20:01:46.368+00:00,,true,366262550389695
8848146540262423563,-5097620966406078698,2153,Epney,River Severn,Severn Vale,Epney,Active,51.797035,-2.348106,376090,210990,1982-01-01,,1,032e1422a53ca1619a2dc0493108b116,2026-09-21T20:01:46.368+00:00,,true,366262550389695
6776158016719235403,7003141153377398785,2165,Gloucester,River Severn,Severn Vale,Gloucester,Active,51.864982,-2.252201,382730,218520,1985-12-27,,1,c00bb79642b921a12c5f62752883cd5f,2026-09-21T20:01:46.368+00:00,,true,366262550389695
5343475652966714026,4694370602587593595,2169,Ludlow Corve,River Corve,Teme,Ludlow,Active,52.381603,-2.724237,350800,276200,1998-03-04,,1,bba942691fadb8288964758f90292449,2026-09-21T20:01:46.368+00:00,,true,366262550389695
6568269949197713682,453973099084795064,2170,Crudgington,River Strine,Shropshire Middle Severn,Crudgington,Active,52.754258,-2.534083,364050,317540,1987-01-01,,3,37f05c5a0adf89cab143eb0d31eaacf3,2026-09-21T20:01:46.368+00:00,,true,366262550389695
-3409247155215283275,-2460087684941255317,2175,Crew Green,River Severn,Severn Uplands,Crewgreen,Active,52.735739,-2.994315,332960,315810,1991-12-27,,1,7bcb6d2117627bf93eebe6dfd73b21fb,2026-09-21T20:01:46.368+00:00,,true,366262550389695
2435056871527482189,3775996680395189880,2180,Bridgnorth,River Severn,Worcestershire Middle Severn,Bridgnorth,Active,52.534933,-2.415835,371890,293090,1985-11-08,,1,2bc146a79f24cd83ad0d574f50ab92d4,2026-09-21T20:01:46.368+00:00,,true,366262550389695
-2027231698144324355,3434228898635873835,2180TH,Tidmarsh,River Pang,Vale of White Horse,Tidmarsh,Active,51.468325,-1.08539,463627,174770,2000-01-01,,2,2f6a4be7a80ebdae5b5d8f50bc2f765e,2026-09-21T20:01:46.368+00:00,,true,366262550389695
2628351627704028075,-8062883494781227994,2188,Leigh Court,Leigh Brook,Severn Vale,The Leigh,Active,51.926224,-2.197575,386510,225320,1986-09-30,,1,655f68964b1c060d563cc7a15675c0b7,2026-09-21T20:01:46.368+00:00,,true,366262550389695
2137238884960425660,-6717297108016620720,2190TH,Pangbourne,River Pang,Vale of White Horse,Pangbourne,Active,51.484688,-1.087539,463455,176588,1985-01-01,,2,446c2a8c278236818a0fa56f6f57fa04,2026-09-21T20:01:46.368+00:00,,true,366262550389695
-3303604094141917142,3443730067288512864,2195,Sharpness,River Severn,Severn Vale,Newtown,Active,51.717437,-2.482837,366740,202190,1993-04-23,,1,f2f38b685fdcec8504d136493da9d58f,2026-09-21T20:01:46.368+00:00,,true,366262550389695
2750247313426800202,-8170002087934295076,2195TH,Sulham,Sulham Brook,Vale of White Horse,Sulham,Active,51.462237,-1.077263,464200,174100,1990-01-01,,2,919829ecac8daade6b33e255214a4f69,2026-09-21T20:01:46.368+00:00,,true,366262550389695
-2256622933097263607,8623910705200665204,2199TH,Mapledurham Lock,River Thames,Vale of White Horse,Mapledurham,Active,51.486033,-1.039654,466778,176780,1995-01-01,,3,6e7aa5b18e8217e643572f5440b3209a,2026-09-21T20:01:46.368+00:00,,true,366262550389695
4772541918784432758,7339333141195089349,2200,Wimpstone,River Stour,Warwickshire Avon,"Wimpstone, Stratford-upon-Avon",Active,52.141002,-1.689543,421343,249236,2010-05-18,,1,28a8c4be5514d4c4965261a70a9638fc,2026-09-21T20:01:46.368+00:00,,true,366262550389695
-7917454593599518082,7672038522824941429,2200TH,Reading,River Thames,Cherwell Thame and Wye,Reading,Active,51.461325,-0.967884,471800,174100,1991-01-01,,4,4233c2fe9bdcf55a65824faaa69adffe,2026-09-21T20:01:46.368+00:00,,true,366262550389695
6490698735865460471,2834718718414399514,2201TH,Caversham Lock,River Thames,Cherwell Thame and Wye,Reading,Active,51.460811,-0.963635,472096,174047,1995-01-01,,2,aed99bf49f808c17869227008c63d578,2026-09-21T20:01:46.368+00:00,,true,366262550389695
-9111710006060907288,-39322599119148521,2204TH,Winterborne Monkton,River Kennet,Vale of White Horse,Winterbourne Monkton,Active,51.450901,-1.859793,409839,172445,2006-01-01,,1,ab285d23085a8162eda5f6231d9cc34e,2026-09-21T20:01:46.368+00:00,,true,366262550389695
146784333828636567,844033308875390688,2205,Brimscombe,River Frome (Severn),Severn Vale,Stroud,Active,51.724364,-2.200326,386259,202869,2018-04-30,,1,5664687b17ce155ed561c83a12e1387a,2026-09-21T20:01:46.368+00:00,,true,366262550389695
7543093023655457574,-4598434401110429899,2206,Merrywalks,Slad Brook,Severn Vale,Stroud,Active,51.746918,-2.217953,385049,205381,2009-04-07,,2,8d5925a7caa3aa8263fe065591aeffe1,2026-09-21T20:01:46.368+00:00,,true,366262550389695
-740648568096375573,-4801085984319987718,2207,Hall Green Road,River Sowe,Warwickshire Avon,,Active,52.440197,-1.475212,435770,282600,2008-11-21,,1,a66ecf03fc566d299d0c9a43b742be03,2026-09-21T20:01:46.368+00:00,,true,366262550389695
22369423506561760,-4489470192087030238,2209,Longford,River Sowe,Warwickshire Avon,,Active,52.446651,-1.487391,434937,283312,2009-01-21,,1,b1b846291a0d2d7af6a2c13a6be90996,2026-09-21T20:01:46.368+00:00,,true,366262550389695
2609427879166179467,-3159250780146031555,2210TH,Marlborough,River Kennet,Vale of White Horse,Marlborough,Active,51.416287,-1.732479,418700,168620,1986-01-01,,2,4d81bb651beb799c45faf32bc2475cce,2026-09-21T20:01:46.368+00:00,,true,366262550389695
-1251668122836699662,1169252844740028061,2213,"Hope Street, Coventry",River Sherbourne,Warwickshire Avon,,Active,52.40689,-1.522294,432594,278873,2009-02-24,,1,f6dd1cf5fae70e5cc8b939c121c89a43,2026-09-21T20:01:46.368+00:00,,true,366262550389695
-7544145422844186216,1409953929678753348,2215,Sir Henry Parkes Road,Canley Brook,Warwickshire Avon,,Active,52.39358,-1.551005,430650,277380,2009-07-27,,1,e1782ef189c805336262a9cd9f4597f8,2026-09-21T20:01:46.368+00:00,,true,366262550389695
-2619005104688043965,1769325984479870655,2216,Torrington Avenue,Canley Brook,Warwickshire Avon,,Active,52.396604,-1.591684,427880,277700,2009-02-25,,1,f7b047535e78b032a70dffaf9621ca9d,2026-09-21T20:01:46.368+00:00,,true,366262550389695
-3062336753034494070,-2144013758394834543,2218,Charterhouse Bridge,River Sherbourne,Warwickshire Avon,,Active,52.401988,-1.495801,434400,278340,2009-02-26,,1,657f3c69d3b3dda09e51bfa761fb6e64,2026-09-21T20:01:46.368+00:00,,true,366262550389695
9151424950091415527,8842983805504608239,2219TH,Poulton Farm,River Og,Vale of White Horse,Marlborough,Active,51.427238,-1.724504,419250,169840,1986-01-01,,2,7364ece13025917b83f90b18d26defe1,2026-09-21T20:01:46.368+00:00,,true,366262550389695
1356734299457880094,3039295423029448407,2221,Clomoney Way,Horsbere Brook,Severn Vale,Gloucester,Active,51.881479,-2.206851,385858,220345,2010-03-04,,1,34b81e49b9d36f154f2d63abd6aea6aa,2026-09-21T20:01:46.368+00:00,,true,366262550389695
-348401615740363852,8768083495648864167,2223,College Road,River Chelt,Severn Vale,Cheltenham,Active,51.896062,-2.069746,395297,221949,2010-01-27,,1,e2fc4fa8336df9c7139ff16d91badada,2026-09-21T20:01:46.368+00:00,,true,366262550389695
-406732609332297716,5986526794210090499,2225,Bodiam Avenue,Daniels Brook,Severn Vale,Gloucester,Active,51.832287,-2.270144,381481,214888,2010-01-27,,1,31ca1e8bdad6d46d31fb8fb2f123d255,2026-09-21T20:01:46.368+00:00,,true,366262550389695
4688259225752630030,7824368366821700306,2226,Slad Road,Slad Brook,Severn Vale,Stroud,Active,51.747599,-2.214291,385302,205456,2010-04-06,,2,beb77f09061fc4fbfa819a960877757f,2026-09-21T20:01:46.368+00:00,,true,366262550389695
-8654169110261015269,-3806801388371329692,2227,Tenbury,Kyre Brook,Teme,Tenbury,Active,52.309779,-2.59384,359610,268130,2009-12-14,,1,d9005426c182064e639031ece21fd1cc,2026-09-21T20:01:46.368+00:00,,true,366262550389695
-2229161729287698769,2716506526732996518,2228,Sutton Bridge,Kyre Brook,Teme,Tenbury,Active,52.298087,-2.55805,362040,266810,2009-12-14,,1,6d4b314f289d7938c76f4fc813e3ce0f,2026-09-21T20:01:46.368+00:00,,true,366262550389695
-5916948313309551558,-1756339323685258412,2230TH,Knighton Main,River Kennet,Vale of White Horse,Whittonditch,Suspended,51.437409,-1.576981,429500,171020,1986-01-01,,2,090f82e9c6c5bbeef0f775113303eed6,2026-09-21T20:01:46.368+00:00,,true,366262550389695
6595752810616387952,-7774320391223356811,2232TH,Knighton Side,River Kennet,Vale of White Horse,Whittonditch,Active,51.436872,-1.577706,429450,170960,1986-01-01,,2,9c4a6256c9a5b1cb90f79ef3eb7a0216,2026-09-21T20:01:46.368+00:00,,true,366262550389695
1953440034905723974,-6180072023180086887,2239TH,Hungerford Dun,River Dun,Vale of White Horse,Hungerford,Active,51.414788,-1.539372,432130,168520,1985-01-01,,1,922957bc16847de58bfe9b0d6ccde401,2026-09-21T20:01:46.368+00:00,,true,366262550389695
777277020466001925,7312337064511574143,2241TH,Hungerford Shalbourne,River Shalbourne,Vale of White Horse,Hungerford,Active,51.412847,-1.526019,433060,168310,1996-01-01,,2,f47f7dc192eee4f695ec84e693ae3a11,2026-09-21T20:01:46.368+00:00,,true,366262550389695
1076083828353595717,-5971533381273552520,2250TH,Newbury,River Kennet,Vale of White Horse,Newbury,Active,51.401605,-1.323874,447130,167170,1988-01-01,,2,103fe35fc14794d93db3cc1d35514ccd,2026-09-21T20:01:46.368+00:00,,true,366262550389695
-4017921838590679878,8804914517127440512,2251TH,Lambourn,River Lambourn,Vale of White Horse,Lambourn,Active,51.508084,-1.530219,432700,178900,2000-01-01,,1,6f038c874903a8117ff717ba5fb80cda,2026-09-21T20:01:46.368+00:00,,true,366262550389695
-7091845871281052370,-6357169636551162066,2254TH,Eastbury Flood Control Structure,River Lambourn,Vale of White Horse,Eastbury,Active,51.497183,-1.511619,433999,177696,2016-02-08,,2,6a4a144293f0fa620ca0e22692e17d14,2026-09-21T20:01:46.368+00:00,,true,366262550389695
-1145690842720981464,5214890543801651329,2255,Bosbury,River Leadon,Severn Vale,Bosbury,Active,52.08804,-2.446839,369480,243394,2008-10-14,,1,0bf69b61f846324cd3b6a96510fe97a5,2026-09-21T20:01:46.368+00:00,,true,366262550389695
-3589684494692313331,760713463095401760,2258,The Causeway,Dimore Brook,Severn Vale,Gloucester,Active,51.824551,-2.297854,379568,214035,2010-07-30,,1,7d5d028478667e4a291a80d3d014cb48,2026-09-21T20:01:46.368+00:00,,true,366262550389695
-8504895405341326039,5311836879340231256,2261,Zoons Court,Horsbere Brook,Severn Vale,Gloucester,Active,51.868901,-2.196147,386591,218944,2012-03-02,,1,19dccf702b86673dbaff9f7caaf8b479,2026-09-21T20:01:46.368+00:00,,true,366262550389695
-4510710358102790262,8002182332875676424,2262,Zoons Court Flood Storage,Horsbere Brook,Severn Vale,Gloucester,Active,51.868695,-2.195623,386627,218921,2012-03-02,,1,4f2231b83d7db460b116fac2bf0699f3,2026-09-21T20:01:46.368+00:00,,true,366262550389695
8426873782712034810,1919767759179962890,2264TH,Bagnor,Winterbourne Stream,Vale of White Horse,Bagnor,Active,51.422436,-1.350461,445260,169470,1986-01-01,,1,7105e10a7eae19bace2a11c18f136b44,2026-09-21T20:01:46.368+00:00,,true,366262550389695
4201786534489289618,6305845144379421313,2265,Farley Bridge,Rea Brook,Severn Uplands,,Active,52.664312,-2.90597,338825,307786,2022-01-03,,1,cc5062e885a69efdbf5ef40231fc74bc,2026-09-21T20:01:46.368+00:00,,true,366262550389695
4043478976728640763,824697155725405217,2267,Puxton,River Stour,Stour,Kidderminster,Active,52.394519,-2.253581,382841,277420,2004-10-22,,1,4b78f9593128397be0315a93e4ebaa3a,2026-09-21T20:01:46.368+00:00,,true,366262550389695
-9126179903420103787,8083123816831916110,2268,Kingscroft Road,Wotton Brook,Severn Vale,Gloucester,Active,51.85196,-2.18652,387249,217058,2013-09-19,,1,641fc809e5d3913d8d669f45fcb23b79,2026-09-21T20:01:46.368+00:00,,true,366262550389695
4138723034016564038,-8680318851296349560,2269,Shepherd Road,Whaddon Brook,Severn Vale,Gloucester,Active,51.835524,-2.26623,381752,215247,2013-09-19,,1,5cd0582074c4d9cbd8086e8613a859ca,2026-09-21T20:01:46.368+00:00,,true,366262550389695
7044348700517070110,-8588241592790522883,2270,Field Court Drive,Dimore Brook,Severn Vale,Quedgeley,Active,51.819013,-2.28698,380315,213416,2013-10-03,,1,50621f0b60b4c0348601f46902d2e3a5,2026-09-21T20:01:46.368+00:00,,true,366262550389695
1424420126640317248,9039628367731609156,2270_w1TH,Shaw,River Lambourn,Vale of White Horse,Shaw,Active,51.411884,-1.321048,447316,168315,2013-10-23,,4,d2b513bd363005030eb0e9397a938349,2026-09-21T20:01:46.368+00:00,,true,366262550389695
-9049914796523422047,-46702083923847801,2272,Armscroft Place,Wotton Brook,Severn Vale,Gloucester,Active,51.863183,-2.221361,384853,218313,2013-09-19,,1,fe84c7034829d85748a6783b3e2c45aa,2026-09-21T20:01:46.368+00:00,,true,366262550389695
2814238668269635710,-186621664686693547,2273,India Road,River Twyver,Severn Vale,Gloucester,Active,51.856617,-2.227456,384431,217584,2014-03-04,,1,45ecf2f5e069763c0a6a4a3a82f6c7c9,2026-09-21T20:01:46.368+00:00,,true,366262550389695
5056888328318735308,6168869714257286860,2275,Egypt Mill,Nailsworth Stream,Severn Vale,Nailsworth,Active,51.697286,-2.218553,384991,199861,2014-05-26,,1,f753cc5923b2258070cec62e61abad88,2026-09-21T20:01:46.368+00:00,,true,366262550389695
-6934045460535321554,3207605845638043814,2275TH,Kingsclere,Kingsclere Brook,Vale of White Horse,Kingsclere,Active,51.325621,-1.249358,452400,158770,1996-01-01,,2,f6123fc8fc12f702d843a3850d18d3fd,2026-09-21T20:01:46.368+00:00,,true,366262550389695
-2567872578242477494,-7122739958391837892,2277,Cheyney Close,Sud Brook,Severn Vale,Gloucester,Active,51.848593,-2.220433,384912,216690,2015-11-16,,1,0db4a1af382626204d5da264ce7af4ea,2026-09-21T20:01:46.368+00:00,,true,366262550389695
-967224338706920939,-6285012628300577558,2279TH,Brimpton,River Enborne,Vale of White Horse,Wasing,Active,51.379146,-1.185549,456780,164770,1967-01-01,,3,cc4712eb5614c914d31df317bafb2b0b,2026-09-21T20:01:46.368+00:00,,true,366262550389695
-7227881696582968453,6910106903030054823,2292BTH,Reading Calcot Bridge,River Kennet,Vale of White Horse,Calcot,Active,51.434117,-1.048842,466215,170998,2019-02-14,,5,84e5feb603e3b2727968fbdb3173d3bf,2026-09-21T20:01:46.368+00:00,,true,366262550389695
-8033540692833653211,3919352648985548983,2293TH,Beech Hill,Foudry Brook,Vale of White Horse,Grazeley,Active,51.385195,-1.002649,469500,165600,2001-01-01,,2,e0ed2dc66e7af037b726dde547fbaf5f,2026-09-21T20:01:46.368+00:00,,true,366262550389695
-4898309390265192310,-2824172761812912883,2298TH,Blakes Lock,River Kennet,Vale of White Horse,Reading,Active,51.456172,-0.954614,472730,173540,1990-01-01,,2,133c4d95b2c9ec816f434cdb49a17cb6,2026-09-21T20:01:46.368+00:00,,true,366262550389695
2945458783843334754,534214998176648632,2301TH,Sonning Lock,River Thames,Vale of White Horse,Sonning,Active,51.473138,-0.917727,475265,175464,1995-01-01,,2,06979169929531f679b6b5f2e88531ef,2026-09-21T20:01:46.368+00:00,,true,366262550389695
4483862725513771712,8718602290083725917,2302TH,Shiplake Lock,River Thames,Cherwell Thame and Wye,Lower Shiplake,Active,51.501042,-0.886307,477400,178600,2000-01-01,,4,29666e06d83ad9c59dbd1de11129dedd,2026-09-21T20:01:46.368+00:00,,true,366262550389695
1184200936649074039,1936283741167223859,2320,Lydbrook,River Wye,Wye,Lydbrook,Active,51.85366,-2.578653,360241,217389,2011-08-31,,1,14d51f525ded1cda4db99830d8ae0d84,2026-09-21T20:01:46.368+00:00,,true,366262550389695
-3692738525034130470,-6153778739914129609,2401TH,Pyotts Bridge,River Loddon,Loddon,Old Basing,Active,51.278294,-1.045224,466692,153672,2006-11-01,,1,dfc3d95df07360c8ddcd58cfbfd4d839,2026-09-21T20:01:46.368+00:00,,true,366262550389695
-3785780242643537673,-4050894465593007808,2406TH,Chineham,Petty's Brook,Loddon,Chineham,Active,51.296962,-1.056426,465884,155738,2006-01-01,,1,f3d44446a7d1e90b51db262be1a6e0b7,2026-09-21T20:01:46.368+00:00,,true,366262550389695
5680935043404587456,-7793746926956741714,2409TH,Longbridge Mill,River Loddon,Loddon,Sherfield On Loddon,Active,51.3188,-1.019874,468400,158200,2002-01-01,,1,6c862fbd067ea81379d95d3b97c6e04f,2026-09-21T20:01:46.368+00:00,,true,366262550389695
8869379673621397313,-1777107368488263991,2416TH,Kings Road Bridge,Fleet Brook,Loddon,Fleet,Active,51.282041,-0.831662,481581,154304,2021-11-25,,2,56749f4f042cdf5941a27f646f167c8d,2026-09-21T20:01:46.368+00:00,,true,366262550389695
-7990176009754270983,1725590420934869889,2419TH,Tongham,River Blackwater,Loddon,Ash,Active,51.237339,-0.736289,488318,149443,2006-01-01,,2,4123e5e286714ce60603faa1f0fcd0e7,2026-09-21T20:01:46.368+00:00,,true,366262550389695
-4837361027742890459,7187459991649472060,2420_w1TH,Sheepbridge Weir Mill Stream,River Loddon,Loddon,Swallowfield,Active,51.381826,-0.966655,472010,165260,1986-01-01,,3,1b9a528b169e84853a1d8bbff278e92a,2026-09-21T20:01:46.368+00:00,,true,366262550389695
7834248717128759725,5591442685458512077,2420_w2TH,Sheepbridge,River Loddon,Loddon,Swallowfield,Active,51.381826,-0.966655,472010,165260,1986-01-01,,2,5388e394c278aab357d679c8d40d31ed,2026-09-21T20:01:46.368+00:00,,true,366262550389695
-2719361270138814976,4498688217486339837,2423TH,Cove Hazel Avenue,Cove Brook,Loddon,,Active,51.291321,-0.774462,485553,155401,2007-11-21,,2,83b9743e02992634c64c659fae12234c,2026-09-21T20:01:46.368+00:00,,true,366262550389695
5786962661742345958,-6492233986700535008,2425,Bodiam Avenue Relief Channel,Daniels Brook,Severn Vale,Gloucester,Active,51.832287,-2.270144,381481,214888,2010-02-01,,1,bbe00a369b056ba06ca19a62aa7bbfd5,2026-09-21T20:01:46.368+00:00,,true,366262550389695
8543037220529663669,-8166595131004839795,2427TH,Farnborough,River Blackwater,Loddon,Mytchett,Active,51.29741,-0.739058,488010,156120,1993-01-01,,2,1dfa626abdfbb7a51a959cfafb75a5ba,2026-09-21T20:01:46.368+00:00,,true,366262550389695
8620291635825292343,8784750217165211334,2431TH,Blackwater Bridge,River Blackwater,Loddon,Blackwater,Active,51.330889,-0.775604,485400,159800,1997-01-01,,2,9ba5c6d9117b4753b200d00e3c756a5c,2026-09-21T20:01:46.368+00:00,,true,366262550389695
1926098750971899527,-4246787546569838717,2432TH,Mayfield Road,Cove Brook,Loddon,Cove,Active,51.306404,-0.772253,485679,157081,2009-06-13,,2,e9454f13a09df05f95cdab2a95a7bf44,2026-09-21T20:01:46.368+00:00,,true,366262550389695
5636289012286112520,-8689085040302189332,2435TH,Eversley,River Blackwater,Loddon,Eversley,Active,51.356292,-0.888384,477500,162500,1985-01-01,,1,2ae6e0b450532fa995b55ecaddc3e003,2026-09-21T20:01:46.368+00:00,,true,366262550389695
3764271083757347205,271773251535945174,2438SO,Borough Grove,Petersfield Stream,East Hampshire,Petersfield,Active,51.000834,-0.944385,474168,122913,2017-07-18,,1,a6561eb28475d43d004e480f2d85f276,2026-09-21T20:01:46.368+00:00,,true,366262550389695
6799484820743615042,3717644499577118478,2440SO,Winchester Road,Petersfield Stream,East Hampshire,Petersfield,Active,51.008633,-0.945733,474061,123779,2017-07-18,,1,b14fb03d6e8f7410c4a386e467971d73,2026-09-21T20:01:46.368+00:00,,true,366262550389695
4491475892293950367,-6845335057817710023,2442TH,Lodge Farm,River Whitewater,Loddon,North Warnborough,Active,51.263973,-0.950093,473350,152170,1986-01-01,,3,ca3f2cd685761312cdf3cd3630276a59,2026-09-21T20:01:46.368+00:00,,true,366262550389695
5248570095867066201,-8248571506026304975,2450TH,Crondall Bridge,River Hart,Loddon,Crondall,Active,51.237527,-0.858803,479765,149324,2021-10-20,,1,002c56b8cf0adda44ce242a9ac1b30b4,2026-09-21T20:01:46.368+00:00,,true,366262550389695
8935426678594768509,5575122076357380404,2451TH,Crondall Pond,River Hart,Loddon,Crondall,Active,51.232867,-0.864146,479400,148800,2005-01-01,,1,6dbf6e074f490de27a65769b91cccfdd,2026-09-21T20:01:46.368+00:00,,true,366262550389695
2203295991136149083,3584466656284753056,2453TH,Redlands Lane,River Hart,Loddon,Crondall,Closed,51.237321,-0.859739,479700,149300,2004-01-01,,1,7a1103bcfb9836e5c5d6a292267607af,2026-09-21T20:01:46.368+00:00,,true,366262550389695
2738521134498312549,-1377284286956806334,2455TH,Crookham Village,River Hart,Loddon,Crookham Village,Active,51.262934,-0.867562,479110,152140,2004-01-01,,1,621764a9c204a4013e78016c3024b886,2026-09-21T20:01:46.368+00:00,,true,366262550389695
-330414793107535721,-4633662575754817154,2458TH,Bramshill,River Hart,Loddon,Hazeley,Active,51.32671,-0.917374,475530,159180,1986-01-01,,2,422aca587c17b2f127eea048a3be3e9c,2026-09-21T20:01:46.368+00:00,,true,366262550389695
2648108081203609877,7111270262146222043,2469_w1TH,Swallowfield,River Blackwater,Loddon,Swallowfield,Active,51.377564,-0.952526,473000,164800,1986-01-01,,1,dd79c03418e8ebeaf30bfb781fbeeea2,2026-09-21T20:01:46.368+00:00,,true,366262550389695
4897702165228308191,2675027924167540430,2469_w2TH,Swallowfield Side Channel,River Blackwater,Loddon,Swallowfield,Active,51.377564,-0.952526,473000,164800,1986-01-01,,6,40582e1a6509097a26d53fa9a1d9a11b,2026-09-21T20:01:46.368+00:00,,true,366262550389695
2284795577126031372,-8194536524186366008,2473TH,Arborfield Bridge,River Loddon,Loddon,Shinfield,Active,51.403467,-0.933245,474300,167700,1997-01-01,,1,0d5f9b8fe402945473a8baa332d03da5,2026-09-21T20:01:46.368+00:00,,true,366262550389695
5327577904381633469,-4414773196085848321,2481TH,Sindlesham Mill,River Loddon,Loddon,Sindlesham,Active,51.426522,-0.898188,476700,170300,1997-01-01,,2,0497ddc99784024278b01454b58ffa7a,2026-09-21T20:01:46.368+00:00,,true,366262550389695
-6994882665758002449,1044597830863995834,2486TH,Wokingham,Emm Brook,Loddon,Wokingham,Active,51.40345,-0.836924,481000,167800,2002-01-01,,2,a03eb6610613c8133cf1dd5a57c6b3ac,2026-09-21T20:01:46.368+00:00,,true,366262550389695
-5979500508940443650,-4626181155368519584,2490TH,Twyford,River Loddon,Loddon,Charvil,Active,51.484806,-0.880942,477800,176800,1994-01-01,,3,7e4ef88727099eebc4a322db8a55bd3e,2026-09-21T20:01:46.368+00:00,,true,366262550389695
-3797724195691149178,8402462632166053392,2495TH,Marsh Lock,River Thames,Cherwell Thame and Wye,Harpsden,Active,51.528776,-0.885703,477395,181685,1995-01-01,,4,21b2e4e550ab889078bb32418256e3ef,2026-09-21T20:01:46.368+00:00,,true,366262550389695
-7952868522276676425,-6952544108501704668,2496TH,Hambleden Lock,River Thames,Thames from Hurley to Teddington,Henley-On-Thames,Active,51.559931,-0.873315,478201,185163,2025-06-13,,1,bcaa76735e0a96c599c224215b729a98,2026-09-21T20:01:46.368+00:00,,true,366262550389695
-4529313385024674999,356290828151418806,2497TH,Hurley Lock,River Thames,Thames from Hurley to Teddington,Hurley,Active,51.55135,-0.808421,482715,184280,2006-01-01,,4,ab02603f36267cdd74c3af74641fc628,2026-09-21T20:01:46.368+00:00,,true,366262550389695
-8125406788500897931,8708210984473927716,2498TH,Temple Lock,River Thames,Thames from Hurley to Teddington,Marlow,Active,51.552057,-0.793965,483716,184375,2025-06-13,,1,06c88ce317cb5ccd07b048eb24e4a151,2026-09-21T20:01:46.368+00:00,,true,366262550389695
746069440262490031,-8794326945890601318,2499TH,Marlow Lock,River Thames,Thames from Hurley to Teddington,Marlow,Active,51.567382,-0.769176,485406,186108,2002-02-12,,4,76e013cbc8420f8f41058273308b01c4,2026-09-21T20:01:46.368+00:00,,true,366262550389695
7422370374747259095,8152730829678038477,2511,Windyridge Road,Wymans Brook,Warwickshire Avon,Cheltenham,Active,51.91699,-2.086745,394130,224278,2007-10-17,,1,11e0825717913d3c4dc0139cc157281f,2026-09-21T20:01:46.368+00:00,,true,366262550389695
1633389602343744773,-2324921005644425432,2512,Hucclecote,Horsbere Brook,Severn Vale,Gloucester,Active,51.857643,-2.180344,387676,217689,2014-07-16,,1,6b0279669a3172eb588df27ea7625bb6,2026-09-21T20:01:46.368+00:00,,true,366262550389695
-6719424370822899737,2900638462326786365,2512SO,Brownwich Pond,Brownwich Stream,East Hampshire,Tichfiled,Active,50.830654,-1.263797,451944,103716,2006-02-28,,2,e6319d32c8ce9f4d0d761cef48b1d6e1,2026-09-21T20:01:46.368+00:00,,true,366262550389695
-7353421629048647360,-8839588796706815470,2513,Eastington,River Frome (Severn),Severn Vale,Stroud,Active,51.753386,-2.322244,377852,206127,2007-04-16,,1,3da1441849da11891f4a796be1bc641c,2026-09-21T20:01:46.368+00:00,,true,366262550389695
2044886518167101708,5041717215287568266,2514,Cam,River Cam,Severn Vale,Cam,Active,51.699985,-2.360238,375200,200200,2007-04-09,,1,7d822d9baece98d942f25f0923f1ceb7,2026-09-21T20:01:46.368+00:00,,true,366262550389695
-6342711685588196597,653796501510634593,2515,Stoke Prior,River Salwarpe,Worcestershire Middle Severn,Stoke Prior,Active,52.306762,-2.076947,394850,267631,2007-04-30,,1,8c829edfdd6dc579f2bc233a464843f1,2026-09-21T20:01:46.368+00:00,,true,366262550389695
-1461707687744904118,2992242143843773180,2516,Halesowen,River Stour,Worcestershire Middle Severn,Halesowen,Active,52.462884,-2.061427,395923,284996,2007-10-26,,2,28c7dec7d92b2da818c506f319695cc4,2026-09-21T20:01:46.368+00:00,,true,366262550389695
681496354771540173,-423044054433811725,2528,Childswickham,Badsey Brook,Warwickshire Avon,,Active,52.044806,-1.886436,407885,238497,2018-10-16,,1,c81683ef54f0ce7a543db2cf57c41038,2026-09-21T20:01:46.368+00:00,,true,366262550389695
526396664826523915,7589338167334655724,2529,Broadway Flood Storage Area,Badsey Brook,Warwickshire Avon,,Active,52.034502,-1.868386,409125,237353,2018-10-10,,1,a3c4abd8c12582d76d26a3c61a2f5c18,2026-09-21T20:01:46.368+00:00,,true,366262550389695
-1808342185848879661,2185088353710722279,2531,Leominster Osbourne Place,Kenwater,Wye,,Active,52.231172,-2.743689,349304,259481,2022-01-03,,1,2e77eeb707ebd2fdb9000e0ca5c60390,2026-09-21T20:01:46.368+00:00,,true,366262550389695
-436052591477577949,3296524898531321562,2532,Leominster Upper Marsh,River Lugg,Wye,,Active,52.233327,-2.73412,349960,259714,2022-01-03,,1,7ddc24d3245002c0fe2849b47998a13d,2026-09-21T20:01:46.368+00:00,,true,366262550389695
-1745762631416266923,8545595997734164565,2534,Deerhurst Flood Plain Level,River Severn,Severn Vale,Flood plain,Active,51.96853,-2.189668,387066,230024,1998-10-16,,1,d1c76bae14f675b1c479ffa7039718d3,2026-09-21T20:01:46.368+00:00,,true,366262550389695
-6021616452105357281,1586746253237908965,2537,Criftin Ford bridge,River Teme,Teme,,Active,52.343165,-2.852812,341998,272020,2022-01-03,,1,4d6d376224ee9ff681d372c04ff155c8,2026-09-21T20:01:46.368+00:00,,true,366262550389695
-1332904057099283702,-6146686277793848125,2538,Halesowen Manor Way,Illey Brook,Stour,Halesowen Manor Way,Active,52.4452,-2.041438,397280,283028,2021-08-09,,1,40f4f63609dc9b64fc7044969421ff75,2026-09-21T20:01:46.368+00:00,,true,366262550389695
9009259046527468433,1551888551577502909,2539,Halesowen Dogkennel Lane,River Stour,Stour,Halesowen Dogkennel Lane,Active,52.44527,-2.047146,396892,283036,2021-04-14,,1,a1b01a62ce05202cb07f79e0c0ef1350,2026-09-21T20:01:46.368+00:00,,true,366262550389695
1407630115797393836,3300807182959155784,2544,Bromsgrove Burcot Avenue,Spadesbourne Brook,Worcestershire Middle Severn,,Active,52.342826,-2.051161,396611,271641,2021-05-06,,1,3c01f0daac82c8ae83a446bc622dea70,2026-09-21T20:01:46.368+00:00,,true,366262550389695
4379235471819748320,-7305612560795413546,2545,Bromsgrove Factory Lane,Spadesbourne Brook,Worcestershire Middle Severn,,Active,52.331364,-2.068303,395442,270367,2021-05-06,,1,16b6c04cd961a35a437561a025e57d66,2026-09-21T20:01:46.368+00:00,,true,366262550389695
3428171082624735927,-7259632266804808549,2547,Craven Arms,Field Drain,Teme,,Active,52.439087,-2.837158,343188,282677,2022-01-03,,1,bd6d50192ebce875f04bae73df836339,2026-09-21T20:01:46.368+00:00,,true,366262550389695
-4498335504150607946,2338739707471841258,2548,Orleton Millbrook Way,Mill Brook,Teme,,Active,52.300223,-2.751592,348844,267167,2021-07-13,,1,fc8ba87c17c2673aec6b40cd7b1c95e3,2026-09-21T20:01:46.368+00:00,,true,366262550389695
-6903394924767253548,8053497061750701948,2549,Slad Steanbridge Lane,Slad Brook,Severn Vale,,Active,51.767788,-2.179956,387678,207695,2021-06-10,,1,5e4927d178c14a1864b380006901b9a6,2026-09-21T20:01:46.368+00:00,,true,366262550389695
7014964953243411825,-4073245693985525790,2550TH,Wycombe Wye,River Wye,Cherwell Thame and Wye,High Wycombe,Suspended,51.635466,-0.76901,485290,193680,1996-01-01,,2,c3e479aff097a04d9f358093d1c50c10,2026-09-21T20:01:46.368+00:00,,true,366262550389695
-1141397557725386477,-7196690016319158320,2552,Cleobury Mortimer,Pudding Brook,Teme,,Active,52.377781,-2.481344,367330,275637,2022-01-03,,1,ee3242a368bcf4c8ebf1ec7e34ea5dee,2026-09-21T20:01:46.368+00:00,,true,366262550389695
-1297077652482543314,4358159960648134341,2553,Ewyas Harold,Dulas Brook,Wye,Dulas Brook,Active,51.958229,-2.898779,338336,229243,2021-10-11,,1,48d1a35f12f9fbb447e42126011e619d,2026-09-21T20:01:46.368+00:00,,true,366262550389695
-197990770011581003,-4518485287170586103,2556,Tewkesbury Teddington,Carrant Brook,Warwickshire Avon,,Active,52.014485,-2.057749,396133,235120,2023-09-27,,1,f1f328c5b5c4199b7abbcf7c30ec7452,2026-09-21T20:01:46.368+00:00,,true,366262550389695
8567445260359475021,-325181943250767928,2569TH,Wycombe Hugh,Hughenden Stream,Cherwell Thame and Wye,High Wycombe,Active,51.635574,-0.753691,486350,193710,1996-01-01,,2,be566ec42010a700321f9a2e3e87204a,2026-09-21T20:01:46.368+00:00,,true,366262550389695
-6129086826641548049,-6449452696801347156,2590TH,Bourne End,River Wye,Cherwell Thame and Wye,Bourne End,Active,51.571155,-0.708557,489600,186600,1984-01-01,,1,6f9e71095ec87b9248520e311510a858,2026-09-21T20:01:46.368+00:00,,true,366262550389695
-3126231739826197591,8890099927660811048,2598SO,Kings Somborne,Somborne Stream,Test and Itchen,Kings Somborne,Active,51.078486,-1.480122,436515,131147,2017-07-13,,1,b1f09315d84869d17b7c8e20e1048581,2026-09-21T20:01:46.368+00:00,,true,366262550389695
-8663601559146201871,7704643667969087913,2601TH,Cookham Lock,River Thames,Thames from Hurley to Teddington,Cookham,Active,51.560993,-0.694635,490585,185487,1997-01-01,,4,7b06bf91757e1d2f037391b645e7f511,2026-09-21T20:01:46.368+00:00,,true,366262550389695
1514945868722272010,1758244627104894151,2602,Whitleyford Bridge,Lonco Brook,Shropshire Middle Severn,,Active,52.811691,-2.37757,374647,323862,2020-11-01,,1,2c78d928b78b13889d60c9fdadfd005e,2026-09-21T20:01:46.368+00:00,,true,366262550389695
-5689249094561493671,5429059831319006251,2602TH,Boulters Lock,River Thames,Thames from Hurley to Teddington,Taplow,Active,51.532713,-0.699466,490306,182336,1994-01-01,,4,ce769e4ca58864b0b7c38063f355b211,2026-09-21T20:01:46.368+00:00,,true,366262550389695
276739349609978516,-1100153479290747105,2603,Cambridge,River Cam,Severn Vale,Cambridge,Active,51.730432,-2.362218,375080,203587,1992-09-10,,2,9758e744d1db8858423ca25a5f22a58b,2026-09-21T20:01:46.368+00:00,,true,366262550389695
-3030531034144005873,-853989835811660928,2603TH,Taplow,Jubilee River,Thames from Hurley to Teddington,Taplow,Active,51.529307,-0.697199,490470,181960,2002-01-01,,2,848247888481fb530852cc94bdcb0f67,2026-09-21T20:01:46.368+00:00,,true,366262550389695
4521597159084996281,1300882033735047253,2604TH,Maidenhead,River Thames,Thames from Hurley to Teddington,Taplow,Active,51.524146,-0.702103,490140,181380,2002-01-01,,2,eca625580650123a42b887fa384d197b,2026-09-21T20:01:46.368+00:00,,true,366262550389695
-8954074305511840637,-2169273160136460819,2606,Deerhurst,River Severn,Severn Vale,Deerhurst,Active,51.969234,-2.193572,386798,230103,1995-12-01,,2,73a923654a1d3b540601dd3628b24179,2026-09-21T20:01:46.368+00:00,,true,366262550389695
-3894379001971786853,455191988587350249,2607,Bromsberrow,Glynch Brook,Leadon,Bromsberrow,Active,51.996906,-2.373352,374463,233229,1995-08-03,,1,91e859e924a62846eeca2ad41b80c51a,2026-09-21T20:01:46.368+00:00,,true,366262550389695
-8633750654273313003,-1331826095202687417,2607TH,Bray Lock,River Thames,Thames from Hurley to Teddington,Bray,Active,51.509305,-0.69032,490987,179744,1997-01-01,,4,3c9b66f5c9bbbd89e5315bdaabcfa9b8,2026-09-21T20:01:46.368+00:00,,true,366262550389695
285655863196945238,2760305613959155065,2608,Boreton Bridge,Cound Brook,Severn Uplands,,Active,52.656574,-2.716652,351620,306781,2022-01-01,,1,fb9f9f2e5f34ad46dba5b152868b9e36,2026-09-21T20:01:46.368+00:00,,true,366262550389695
8095221694866927140,8346515837911159082,2609,Kites Hardwick,River Leam,Warwickshire Avon,Kites Hardwick,Active,52.313513,-1.314911,446800,268600,2000-01-25,,2,7448f666c1821b1d8fc5f279ec9f2e58,2026-09-21T20:01:46.368+00:00,,true,366262550389695
2257985327292574978,-8561272538196959177,2609TH,Boveney Lock,River Thames,Thames from Hurley to Teddington,Windsor,Active,51.490965,-0.640892,494455,177767,2025-06-13,,1,fa92f38af1660219e224fa48a31fab36,2026-09-21T20:01:46.368+00:00,,true,366262550389695
9052141411612444077,466222227382910078,2613,Southam,River Itchen,Warwickshire Avon,Bascote,Active,52.260974,-1.408027,440500,262700,2000-07-28,,2,3f703de3cb220471aba532d7f64fc717,2026-09-21T20:01:46.368+00:00,,true,366262550389695
7563467926804918067,-6344190050412811087,2613TH,Warfield,The Cut,Cut,Warfield,Active,51.436318,-0.747222,487177,171558,2015-09-04,,1,15923966646bd7810910138e41aa53d5,2026-09-21T20:01:46.368+00:00,,true,366262550389695
-3077048222665251143,-1108729082512477420,2615,Bidford on Avon,River Avon,Warwickshire Avon,Bidford on Avon,Active,52.164097,-1.857348,409854,251769,2001-04-11,,1,a7e1b49573c0f85a9da3f7a88ec4a3dd,2026-09-21T20:01:46.368+00:00,,true,366262550389695
-5873328405472302552,8193230886025564534,2616,Kempsey Yacht Club,River Severn,Severn Vale,Callow End,Active,52.158602,-2.219449,385084,251171,2002-11-01,,1,729d197a2ddc32e7bb7f4245071de96d,2026-09-21T20:01:46.368+00:00,,true,366262550389695
-5385134946095254659,8498002363114630617,2617,Chalford,River Frome (Severn),Severn Vale,Stroud,Active,51.723887,-2.130978,391049,202805,2001-11-30,,1,a9d87bba4bcf2a9ee4d2e423a8b6f1e9,2026-09-21T20:01:46.368+00:00,,true,366262550389695
-1595492035416778358,8030366353732517417,2618,Sandhurst,River Severn,Severn Vale,Maisemore,Active,51.887415,-2.252167,382741,221015,2002-02-28,,1,c387c741c1e103dcaebc8dc4af62052e,2026-09-21T20:01:46.368+00:00,,true,366262550389695
-8159599409693171612,-5312692743748459425,2619,Sandhurst,Hatherley Brook,Severn Vale,Sandhurst,Active,51.887632,-2.251427,382792,221039,2002-02-28,,1,d45908318009798c6f9bc96c6d711ff4,2026-09-21T20:01:46.368+00:00,,true,366262550389695
-6210551391216449208,3383083303724046457,2620TH,Binfield,The Cut,Cut,Binfield,Active,51.433827,-0.773574,485350,171250,1986-01-01,,2,182491eebd04c3c92437e1e767830bed,2026-09-21T20:01:46.368+00:00,,true,366262550389695
2347520189105920077,-6159716912907346756,2621,Henley River,River Alne,Warwickshire Avon,Henley-In-Arden,Active,52.29694,-1.777373,415279,266559,2003-03-28,,1,5ba688a90afb34590e0ce54108886220,2026-09-21T20:01:46.368+00:00,,true,366262550389695
2251271634871248476,3845485137039771490,2625,Ludlow Teme,River Teme,Teme,Ludlow,Active,52.36409,-2.706474,351990,274240,2002-05-15,,1,11cffeb5e9cef0a8c4bae8250cc0f39d,2026-09-21T20:01:46.368+00:00,,true,366262550389695
-6486060102557668550,527113643709380034,2626,Feckenham,Bow Brook,Warwickshire Avon,Feckenham,Active,52.248746,-1.994455,400475,261175,2002-12-25,,1,03e41d4de528ae769e6ecb521e8630fc,2026-09-21T20:01:46.368+00:00,,true,366262550389695
-5648210412324149314,7059914120688917915,2627,Kenilworth,Finham Brook,Warwickshire Avon,Kenilworth,Active,52.352672,-1.567041,429586,272823,2003-11-25,,1,0a6a5721b561a7d5e6cb9fcb7b7cb023,2026-09-21T20:01:46.368+00:00,,true,366262550389695
4450212917412356504,7038593705586686471,2629,Lydney,River Lyd,Severn Vale,Lydney,Active,51.72971,-2.534804,363160,203580,2004-01-14,,2,95bb43afa8d63888834429cdb5ac8c8a,2026-09-21T20:01:46.368+00:00,,true,366262550389695
7160248545373315908,953005767157908363,2634,Burford Bridge,Ledwyche Brook,Teme,Burford,Active,52.311774,-2.625404,357460,268370,2004-11-09,,1,f0630be080b93bd23b6216c8372a19af,2026-09-21T20:01:46.368+00:00,,true,366262550389695
-2180523644757912799,-4404233927269733165,2635,Cox's Meadow Storage Area,River Chelt,Severn Vale,Cheltenham,Active,51.890714,-2.066105,395547,221354,2006-11-13,,1,dc8bed0fa274fbc73248ad93693c8b82,2026-09-21T20:01:46.368+00:00,,true,366262550389695
-2821231312833893037,-3646214710884337577,26350,Hereford - Ledbury Road,Yazor Brook,Wye,,Active,52.054981,-2.701455,351999,239855,2023-09-01,,1,d965f3224c64a6874b7a6f1a43dac74b,2026-09-21T20:01:46.368+00:00,,true,366262550389695
-5655204921143037007,-2827946054401204689,2636,Mor Brook,Moors River,Shropshire Middle Severn,,Active,52.50955,-2.429504,370946,290272,2022-01-03,,1,162b82b52a82ba90af049a0254eb053a,2026-09-21T20:01:46.368+00:00,,true,366262550389695
5567663825691718475,2183653282893346871,2639,Dutlas,River Teme,Teme,Dutlas,Active,52.394857,-3.160345,321140,278061,2006-01-31,,1,d0846d5d327d3182618ee434a1ddd78f,2026-09-21T20:01:46.368+00:00,,true,366262550389695
-8971062142016181403,-2957918752416277860,2641,Wightwick,Smestow Brook,Worcestershire Middle Severn,Wightwick,Active,52.582389,-2.192192,387074,298305,2006-04-12,,1,6c7a349ee0a31df833a79dc25baba117,2026-09-21T20:01:46.368+00:00,,true,366262550389695
4201480844306658855,5600848993594716741,2642,Worcester (Barbourne),River Severn,Worcestershire Middle Severn,Worcester,Active,52.206967,-2.235272,384019,256554,2005-11-04,,1,209a3f42fc79e990ef9f3e747e5dac38,2026-09-21T20:01:46.368+00:00,,true,366262550389695
7383984807155356348,8497034812994494353,2644,Sandhurst Horn's Ditch,River Severn,Severn Vale,Maisemore,Closed,51.888033,-2.253216,382669,221084,2016-04-11,,1,4f78903243ccd112b1bc831d1871d525,2026-09-21T20:01:46.368+00:00,,true,366262550389695
-2932817339906613052,981853008593669429,2646,Stanford Bridge,River Teme,Teme,Stanford Bridge,Active,52.28899,-2.418688,371538,265734,2007-11-14,,1,7c11c7c2e7572a7537d6674b69acd604,2026-09-21T20:01:46.368+00:00,,true,366262550389695
3811232364682950433,-404705789797314776,2648,Toddington,River Isbourne,Warwickshire Avon,Toddington,Active,51.999754,-1.952083,403386,233481,2008-08-04,,1,73fbf186d99c81220fc378c91b490e0d,2026-09-21T20:01:46.368+00:00,,true,366262550389695
-4773660904993745778,-6272957010309483927,2649,Clay Coton,Clay Coton Brook,Warwickshire Avon,Clay Coton,Active,52.387107,-1.128914,459381,276922,2006-04-13,,1,232fb8354cb9dcee93fa7014552a19e5,2026-09-21T20:01:46.368+00:00,,true,366262550389695
-3568136555867701050,-8288987441777118878,2650,Arle,River Chelt,Severn Vale,Cheltenham,Active,51.91358,-2.100884,393157,223900,2006-12-24,,1,99fc108e419129cd367652510a8310cc,2026-09-21T20:01:46.368+00:00,,true,366262550389695
-8305349811447224271,4954964429435340123,2653,Merestones Road,Hatherley Brook,Severn Vale,Cheltenham,Active,51.88594,-2.093645,393651,220825,2007-01-05,,1,7350d20105787821cea717ac7a10277d,2026-09-21T20:01:46.368+00:00,,true,366262550389695
7861837999794409071,2458657906633803828,2654,Cox's Flume,River Chelt,Severn Vale,Cheltenham,Active,51.889602,-2.062354,395805,221230,2007-05-05,,1,60822a4c88d3a5a41ff75042db091662,2026-09-21T20:01:46.368+00:00,,true,366262550389695
3543339914980878127,8336541819862418261,2655TH,Raymill Road,Maidenhead Ditch,Thames from Hurley to Teddington,Maidenhead,Active,51.528985,-0.716959,489100,181900,1997-01-01,,1,77068829b68821e6e23d3a524f26e907,2026-09-21T20:01:46.368+00:00,,true,366262550389695
-5013796149035041279,-3423795593871382125,2660,Prestbury Road,Wymans Brook,Warwickshire Avon,Cheltenham,Active,51.907359,-2.061419,395871,223205,2007-09-28,,1,c5a4a23437a37806f0cff97252235554,2026-09-21T20:01:46.368+00:00,,true,366262550389695
402031850046174890,-2308934491417270898,2661,Witcombe,Horsbere Brook,Severn Vale,Gloucester,Active,51.840037,-2.142115,390305,215725,2007-10-25,,1,393a5714db7f79707ba5eba67e68a690,2026-09-21T20:01:46.368+00:00,,true,366262550389695
-902384447671806838,-604696039967224527,2662,Abbeymead Avenue,River Twyver,Severn Vale,Gloucester,Active,51.840929,-2.202237,386163,215834,2007-11-14,,1,72c6fbb4df3e16301cbab5fa7c1f64ac,2026-09-21T20:01:46.368+00:00,,true,366262550389695
528738244502598111,-7996539329252878385,2666,Matson Place,Sud Brook,Severn Vale,Gloucester,Active,51.85211,-2.233328,384025,217084,2007-11-14,,1,3acd387756a677dd7654e34f1a403617,2026-09-21T20:01:46.368+00:00,,true,366262550389695
6962337934026144613,6518671675435434889,2667,Bondend Road,River Twyver,Severn Vale,Gloucester,Active,51.834606,-2.193371,386772,215129,2008-06-13,,1,79f579922e832e030e376e423b2cb42e,2026-09-21T20:01:46.368+00:00,,true,366262550389695
-672861190920666624,6209902322683135714,2669,Shifnal,Wesley Brook,Worcestershire Middle Severn,Shifnal,Active,52.67455,-2.379329,374448,308607,2008-04-27,,1,dbae320937979e366b83a35ea8b91a78,2026-09-21T20:01:46.368+00:00,,true,366262550389695
183626871587747970,8979506920032948969,2670,Saintbridge,River Twyver,Severn Vale,Gloucester,Active,51.848419,-2.217412,385120,216670,2008-11-05,,1,595bb7117705acd5bd009413a98ce038,2026-09-21T20:01:46.368+00:00,,true,366262550389695
-5797735250679251461,-8791549200299163728,2671,Moorend Road,Lilley Brook,Severn Vale,Cheltenham,Active,51.883138,-2.061691,395850,220511,2008-09-15,,1,7e54d48a10df2898874a72c21e34e704,2026-09-21T20:01:46.368+00:00,,true,366262550389695
-3192398664376682210,-8345540587544372034,2694TH,The Binghams,The Cut,Cut,Maidenhead,Active,51.506197,-0.710164,489616,179374,2009-04-22,,1,5f63650f271e5825f322916e1310af5f,2026-09-21T20:01:46.368+00:00,,true,366262550389695
5744783474836039967,8209039847826405145,2698TH,Romney Lock,River Thames,Thames from Hurley to Teddington,Eton,Active,51.491873,-0.604104,497007,177916,2001-01-01,,2,6e6e801d130646cda7f5d800e6f5b482,2026-09-21T20:01:46.368+00:00,,true,366262550389695
7463021339816790467,2113508082510709915,2700TH,Windsor Park,River Thames,Thames from Hurley to Teddington,Datchet,Active,51.485795,-0.589124,498060,177260,1978-01-01,,3,84339a12e856e55f1c7547ff6319bbe1,2026-09-21T20:01:46.368+00:00,,true,366262550389695
-8251369826179087643,8402616710846994411,2702TH,Bell Weir,River Thames,Thames from Hurley to Teddington,Hythe End,Active,51.438166,-0.537257,501767,172034,1985-01-01,,3,8ab77cc3cd1a4e6cc3d0c204877327c3,2026-09-21T20:01:46.368+00:00,,true,366262550389695
5242404555695758184,-5611190804435563815,2703TH,Old Windsor Lock,River Thames,Thames from Hurley to Teddington,Old Windsor,Active,51.463198,-0.569077,499501,174774,2001-01-01,,2,43c08ad6b99ae6daebcd48c95456e2fa,2026-09-21T20:01:46.368+00:00,,true,366262550389695
1379628772166738229,-8694915225334588892,2705,Church Stretton,Ash Brook,Teme,Church Stretton,Active,52.5405,-2.801605,345730,293930,2008-05-02,,1,3fa584ed68719cbf5b5d8a8d847296b4,2026-09-21T20:01:46.368+00:00,,true,366262550389695
-1803206019627129438,7300084396536430758,2708SO,Medmerry,Tide,Arun and Western Streams,Selsey,Active,50.740234,-0.817856,483510,94069,1992-03-10,,1,6bc86070ab0adbfcd0fb07e77a53538e,2026-09-21T20:01:46.368+00:00,,true,366262550389695
-335532632211768580,8403389438154361345,2711,Sedgeberrow,River Isbourne,Warwickshire Avon,Sedgeberrow,Active,52.04668,-1.963362,402609,238700,2009-08-25,,1,91733090804fadc975e90b74274bc723,2026-09-21T20:01:46.368+00:00,,true,366262550389695
-7093746217169387476,-9085010371999996394,2716SO,Emsworth,West Brook,East Hampshire,Emsworth,Active,50.848736,-0.939866,474728,106004,2014-02-04,,1,693ab4c11c91cc26bc4bd9254dd940f2,2026-09-21T20:01:46.368+00:00,,true,366262550389695
5319542657348997613,-3676182364870748637,2802BTH,Woodhall Avenue,River Pinn,Pinn,,Active,51.603582,-0.384817,511956,190652,2022-06-08,,1,7b71429a4762b221cced26753f0c551f,2026-09-21T20:01:46.368+00:00,,true,366262550389695
-1552299484835118901,4378640960061386299,2802TH,Waxwell Lane,River Pinn,Pinn,Pinner,Active,51.602909,-0.384264,511996,190578,2000-01-01,,1,c681f55493b350e43ea2ebdffcd5669c,2026-09-21T20:01:46.368+00:00,,true,366262550389695
8020896430092732327,8719482288915990463,2803TH,"Pinner, Avenue Road",River Pinn,Pinn,Pinner,Active,51.597129,-0.381769,512183,189939,2000-01-01,,2,fa29d754ee88cfc7307b77e369f9c115,2026-09-21T20:01:46.368+00:00,,true,366262550389695
-7275062525574738428,3515073415965052141,2804TH,"Pinner, Eastcote Road",River Pinn,Pinn,Pinner,Active,51.589297,-0.381167,512244,189069,2000-01-01,,1,cf1d4e34786cde8b4345f746e2b9c9eb,2026-09-21T20:01:46.368+00:00,,true,366262550389695
-5682046899325474895,6410422305600111367,2805TH,"Howletts Lane, Ruislip",Cannon Brook,Pinn,Howletts Lane,Active,51.58453,-0.439448,508218,188451,2017-07-26,,1,b52b16f69a09b82bc1715ae3cf9ffefe,2026-09-21T20:01:46.368+00:00,,true,366262550389695
7762933589185705839,-7549397791336375428,2807TH,Ruislip,River Pinn,Pinn,Ruislip,Active,51.58043,-0.426065,509155,188015,2009-08-06,,1,ae2ff839bd759e3a33680fe5051c09ec,2026-09-21T20:01:46.368+00:00,,true,366262550389695
8303579816375424643,7856483570989981902,2808TH,Radlett,Radlett Brook,Colne (Upper),Radlett,Active,51.682315,-0.315607,516547,199516,2001-01-01,,1,68ec563504153b5c69fb62539c4ee0fc,2026-09-21T20:01:46.368+00:00,,true,366262550389695
-3581373757482587209,8634858102147064326,2809TH,Mimmshall Brook,Mimmshall Brook,Colne (Upper),South Mimms,Active,51.706896,-0.217824,523240,202410,2001-01-01,,1,1369c2fa9c4a015211b15f7c894630b5,2026-09-21T20:01:46.368+00:00,,true,366262550389695
-6106903846636258674,847271607585648156,2810TH,North Mymms,Mimmshall Brook,Colne (Upper),Water End,Active,51.718066,-0.219123,523120,203650,1985-01-01,,1,7a9a2ed00c21eb6b586f136b27342f45,2026-09-21T20:01:46.368+00:00,,true,366262550389695
1714306569034000525,-7900283791505457528,2813TH,Markyate,River Ver,Colne (Upper),Markyate,Active,51.838108,-0.461149,506120,216620,2003-01-01,,2,8dab4c0ab0b4ce9e67265c8e449178c1,2026-09-21T20:01:46.368+00:00,,true,366262550389695
-5600149051658823203,707110574455013017,2814TH,London Colney,River Colne,Colne (Upper),London Colney,Active,51.719476,-0.289861,518230,203690,1995-01-01,,1,631557ddd4326d72ce387b0a5a75a4a7,2026-09-21T20:01:46.368+00:00,,true,366262550389695
-6415331542310086085,3115105120028495837,2815TH,Redbourn,River Ver,Colne (Upper),Redbourn,Active,51.794792,-0.393076,510916,211904,1986-01-01,,2,3d354e636730f1e8361163dbf9a906e4,2026-09-21T20:01:46.368+00:00,,true,366262550389695
3504901737161068829,-5715573203145641101,2816TH,Redbourn,River Red,Colne (Upper),Redbourn,Active,51.793132,-0.396615,510676,211714,1992-01-01,,2,31fdbe576ff6a0249e49bf8f7bcd34a8,2026-09-21T20:01:46.368+00:00,,true,366262550389695
6335440072872489973,-2642693433630442099,2819TH,Colney Street,River Ver,Colne (Upper),Colney Street,Active,51.704664,-0.336052,515077,201969,1985-01-01,,1,2faeb25fd79e3f30fa066812b2623407,2026-09-21T20:01:46.368+00:00,,true,366262550389695
2997813378401905580,4032089093405080719,2821TH,Borehamwood,Borehamwood Brook,Colne (Upper),Green Street,Active,51.668568,-0.287687,518513,198032,2009-08-06,,1,dac6de08b41d0600579d243ee38bbf7a,2026-09-21T20:01:46.368+00:00,,true,366262550389695
2203297931726665519,4721581118224855915,2830,Hayes Basin,Field Drain,Severn Uplands,Alberbury,Active,52.735118,-2.960681,335230,315710,1994-09-14,,1,0a9c86400cc08ccd78e1aee81c07d52f,2026-09-21T20:01:46.368+00:00,,true,366262550389695
-1442796028748785663,7456038033992844431,2830TH,Watford,River Colne,Colne (Upper),Watford,Active,51.670654,-0.380235,512108,198118,1985-01-01,,2,9e82660535c75991bcb5a34c844b0b1e,2026-09-21T20:01:46.368+00:00,,true,366262550389695
2852426722354944776,6240790716061456839,2831,Cae Howel,River Severn,Severn Uplands,Cae Howel,Active,52.74738,-2.971662,334507,317084,1994-05-24,,1,b62f634685caa2750215e29fc14402c4,2026-09-21T20:01:46.368+00:00,,true,366262550389695
-502395385634084151,-7930323066723907007,2832,Maesbrook,Flood Channel,Severn Uplands,Maesbrook,Active,52.779686,-3.037866,330090,320740,1994-04-26,,1,1638252e397e1c712a77d821d4ec73ac,2026-09-21T20:01:46.368+00:00,,true,366262550389695
-1574722592206834498,4523124383266075284,2832SO,Portsmouth,Tide,England - South Coast,Gosport,Active,50.791824,-1.107903,462975,99519,2012-03-23,,2,772f282c5b695724d5990e4afcd6d4bb,2026-09-21T20:01:46.368+00:00,,true,366262550389695
9167191209823207332,-5128982615627398668,2833,Cae Howel,New Cut,Severn Uplands,Melverley,Active,52.747481,-2.972523,334449,317096,1994-05-24,,1,6754143913cbe40053ce651fc95b1af2,2026-09-21T20:01:46.368+00:00,,true,366262550389695
-7234131305864591730,-1555015516689975869,2834,Buckley Farm,Pentre Brook,Severn Uplands,On Prentre Brook approx 400m from confluence with River Severn.,Active,52.743972,-2.943914,336375,316680,2022-01-01,,1,ad77f301c50949b675659bc8c5683e13,2026-09-21T20:01:46.368+00:00,,true,366262550389695
2696233953317473607,-4673533925901850694,2840TH,Gadebridge Park,River Gade,Colne (Upper),Hemel Hempstead,Active,51.757886,-0.475121,505344,207678,2025-04-16,,3,253f0fb355d0c4f04d2b152966826fad,2026-09-21T20:01:46.368+00:00,,true,366262550389695
-2403527985556838736,-7870068154568912278,2841TH,"Hemel Hempstead, Bury Mill",River Gade,Colne (Upper),Hemel Hempstead,Closed,51.757619,-0.475391,505326,207648,1985-01-01,,1,f79a15783d336322e96e7e8f62e99d97,2026-09-21T20:01:46.368+00:00,,true,366262550389695
7920958889522059437,-4497954870821893186,2844TH,"Hemel Hempstead, Old Fishery Lane",River Bulbourne,Colne (Upper),Hemel Hempstead,Active,51.744674,-0.49654,503896,206178,1985-01-01,,1,8aa9f6ccdaecfddc68c99b67f1704bc8,2026-09-21T20:01:46.368+00:00,,true,366262550389695
3133733713943171209,-5968477896724727006,2846TH,"Hemel Hempstead, Two Waters Road",River Bulbourne,Colne (Upper),Hemel Hempstead,Active,51.741057,-0.47337,505504,205809,1985-01-01,,1,ae6d7521568861941881d4066ea92162,2026-09-21T20:01:46.368+00:00,,true,366262550389695
-1318670817716576935,-8258696224803697172,2849TH,Croxley Green,River Gade,Colne (Upper),Croxley Green,Active,51.645553,-0.436992,508243,195241,1984-01-01,,1,4cb6ced4d8b92881f60b916a30f0bb40,2026-09-21T20:01:46.368+00:00,,true,366262550389695
6938490310717251916,3713208535998148804,2852TH,Chesham,River Chess,Colne (Upper),Chesham,Active,51.702625,-0.614039,495873,201341,2006-01-01,,1,471e945656d9c42c2d67e50a31990f23,2026-09-21T20:01:46.368+00:00,,true,366262550389695
3588101907052955488,4289037380129566567,2859TH,Rickmansworth,River Chess,Colne (Upper),Rickmansworth,Active,51.641989,-0.46125,506573,194809,1985-01-01,,2,a6d9199f073cbb2506e2e05db7186ef5,2026-09-21T20:01:46.368+00:00,,true,366262550389695
7836116974085909619,3806909785182453485,2862TH,Moor Lane,River Colne,Colne (Upper),Rickmansworth,Active,51.635575,-0.443997,507782,194121,2014-11-06,,1,2d30d1409e6252addf23ea52baa6aaea,2026-09-21T20:01:46.368+00:00,,true,366262550389695
5059440818575052584,6054385874774897713,2870TH,Denham Colne,River Colne,Colne (Lower),Denham,Active,51.56631,-0.483905,505180,186360,1986-01-01,,1,8834c10c1c909485d85ddd90fe8fb87e,2026-09-21T20:01:46.368+00:00,,true,366262550389695
