measure_key,measure_notation,station_key,station_reference,label,parameter,parameter_name,qualifier,period_seconds,unit,unit_name,value_type,datum_type,latest_reading_ts,latest_reading_value,updated_at,run_id
1060173052280416741,0-level-stage-i-15_min-mAOD,-6091425354261976140,0,BRUTON DAM - level-stage-i-15_min-mAOD,level,Water Level,Stage,900,unit#Meter,mAOD,instantaneous,http://environment.data.gov.uk/flood-monitoring/def/core/datumAOD,,,2026-09-22T14:05:22.349+00:00,504336403758981
170142092903528812,0-level-2-i-15_min-m,-6091425354261976140,0,HELEBRIDGE - level-2-i-15_min-m,level,Water Level,2,900,unit#Meter,m,instantaneous,,,,2026-09-22T14:05:22.349+00:00,504336403758981
1567388451687820330,0-level-4-i-15_min-m,-6091425354261976140,0,CLAPTON PILL OUTFALL - level-4-i-15_min-m,level,Water Level,4,900,unit#Meter,m,instantaneous,,,,2026-09-22T14:05:22.349+00:00,504336403758981
7848711424105512734,0-level-1-i-15_min-m,-6091425354261976140,0,OKEHAMPTON MELDON RESERVOIR - level-1-i-15_min-m,level,Water Level,1,900,unit#Meter,m,instantaneous,,,,2026-09-22T14:05:22.349+00:00,504336403758981
8357028729855938103,0-flow-water-i-15_min-m3_s,-6091425354261976140,0,MEVAGISSEY FIRE STATION - flow-water-i-15_min-m3_s,flow,Flow,Water,900,unit#CubicMeterPerSecond,m3/s,instantaneous,,,,2026-09-22T14:05:22.349+00:00,504336403758981
406458125732001341,0-velocity-water-i-15_min-m_s,-6091425354261976140,0,MEVAGISSEY FIRE STATION - velocity-water-i-15_min-m_s,velocity,Velocity,Water,900,unit#MeterPerSecond,m/s,instantaneous,,,,2026-09-22T14:05:22.349+00:00,504336403758981
-3111802407691577447,0-area-water-i-15_min-m2,-6091425354261976140,0,MEVAGISSEY FIRE STATION - area-water-i-15_min-m2,area,Area,Water,900,,m2,instantaneous,,,,2026-09-22T14:05:22.349+00:00,504336403758981
-9134689165572300296,0-level-1-i-15_min-mAOD,-6091425354261976140,0,WESTOVER - level-1-i-15_min-mAOD,level,Water Level,1,900,unit#Meter,mAOD,instantaneous,http://environment.data.gov.uk/flood-monitoring/def/core/datumAOD,,,2026-09-22T14:05:22.349+00:00,504336403758981
1719522047831638865,0-level-stage-i-15_min-m,-6091425354261976140,0,OCCOMBE VALLEY ROAD - level-stage-i-15_min-m,level,Water Level,Stage,900,unit#Meter,m,instantaneous,,,,2026-09-22T14:05:22.349+00:00,504336403758981
-3591648376272657292,0-level-groundwater-i-15_min-mAOD,-6091425354261976140,0,WHITEGATE COTTAGE - level-groundwater-i-15_min-mAOD,level,Water Level,Groundwater,900,unit#Meter,mAOD,instantaneous,http://environment.data.gov.uk/flood-monitoring/def/core/datumAOD,,,2026-09-22T14:05:22.349+00:00,504336403758981
5443756554909436371,0-rainfall-tipping_bucket_raingauge-t-15_min-mm,-6091425354261976140,0,rainfall-tipping_bucket_raingauge-t-15_min-mm,rainfall,Rainfall,Tipping Bucket Raingauge,900,unit#Millimeter,mm,total,,,,2026-09-22T14:05:22.349+00:00,504336403758981
-4708572513508529562,0-level-3-i-15_min-m,-6091425354261976140,0,CLAPTON PILL OUTFALL - level-3-i-15_min-m,level,Water Level,3,900,unit#Meter,m,instantaneous,,,,2026-09-22T14:05:22.349+00:00,504336403758981
-8312158970649578396,000008-rainfall-tipping_bucket_raingauge-i-15_min-mm,-5207083487514729754,000008,rainfall-tipping_bucket_raingauge-i-15_min-mm,rainfall,Rainfall,Tipping Bucket Raingauge,900,unit#Millimeter,mm,instantaneous,,2026-09-22T13:30:00.000+00:00,0,2026-09-22T14:05:22.349+00:00,504336403758981
101320255923330696,000008-rainfall-tipping_bucket_raingauge-t-15_min-mm,-5207083487514729754,000008,rainfall-tipping_bucket_raingauge-t-15_min-mm,rainfall,Rainfall,Tipping Bucket Raingauge,900,unit#Millimeter,mm,total,,,,2026-09-22T14:05:22.349+00:00,504336403758981
5978879402516375430,000028-rainfall-tipping_bucket_raingauge-t-15_min-mm,-6294206584728288549,000028,rainfall-tipping_bucket_raingauge-t-15_min-mm,rainfall,Rainfall,Tipping Bucket Raingauge,900,unit#Millimeter,mm,total,,2026-09-22T13:15:00.000+00:00,0,2026-09-22T14:05:22.349+00:00,504336403758981
458377489824703505,000032-rainfall-tipping_bucket_raingauge-t-15_min-mm,-3799057368085716238,000032,rainfall-tipping_bucket_raingauge-t-15_min-mm,rainfall,Rainfall,Tipping Bucket Raingauge,900,unit#Millimeter,mm,total,,,,2026-09-22T14:05:22.349+00:00,504336403758981
-5268124831180486132,000075TP-rainfall-tipping_bucket_raingauge-t-15_min-mm,-6980694111902425742,000075TP,rainfall-tipping_bucket_raingauge-t-15_min-mm,rainfall,Rainfall,Tipping Bucket Raingauge,900,unit#Millimeter,mm,total,,2026-09-22T13:30:00.000+00:00,0,2026-09-22T14:05:22.349+00:00,504336403758981
6070160277743139369,000076TP-rainfall-tipping_bucket_raingauge-t-15_min-mm,2758381146106184626,000076TP,rainfall-tipping_bucket_raingauge-t-15_min-mm,rainfall,Rainfall,Tipping Bucket Raingauge,900,unit#Millimeter,mm,total,,2026-09-22T13:15:00.000+00:00,0,2026-09-22T14:05:22.349+00:00,504336403758981
2033181656736833863,0001-level-tidal_level-i-15_min-mAOD,6012784903122893037,0001,Silvertown - level-tidal_level-i-15_min-mAOD,level,Water Level,Tidal Level,900,unit#Meter,mAOD,instantaneous,http://environment.data.gov.uk/flood-monitoring/def/core/datumAOD,2026-09-22T13:30:00.000+00:00,-0.384,2026-09-22T14:05:22.349+00:00,504336403758981
-6404585620983312787,000102TP-rainfall-tipping_bucket_raingauge-t-15_min-mm,-7562069204969123241,000102TP,rainfall-tipping_bucket_raingauge-t-15_min-mm,rainfall,Rainfall,Tipping Bucket Raingauge,900,unit#Millimeter,mm,total,,,,2026-09-22T14:05:22.349+00:00,504336403758981
609570110134325978,000180TP-rainfall-tipping_bucket_raingauge-t-15_min-mm,-2725050842619483025,000180TP,rainfall-tipping_bucket_raingauge-t-15_min-mm,rainfall,Rainfall,Tipping Bucket Raingauge,900,unit#Millimeter,mm,total,,2026-09-22T13:30:00.000+00:00,0,2026-09-22T14:05:22.349+00:00,504336403758981
2295153945514750343,000181TP-rainfall-tipping_bucket_raingauge-t-15_min-mm,-5255421873379241065,000181TP,rainfall-tipping_bucket_raingauge-t-15_min-mm,rainfall,Rainfall,Tipping Bucket Raingauge,900,unit#Millimeter,mm,total,,2026-09-22T13:30:00.000+00:00,0,2026-09-22T14:05:22.349+00:00,504336403758981
-6041095809996425080,000182TP-rainfall-tipping_bucket_raingauge-t-15_min-mm,3106877796882716750,000182TP,rainfall-tipping_bucket_raingauge-t-15_min-mm,rainfall,Rainfall,Tipping Bucket Raingauge,900,unit#Millimeter,mm,total,,2026-09-22T13:30:00.000+00:00,0,2026-09-22T14:05:22.349+00:00,504336403758981
1223754846373846762,0003-level-tidal_level-i-15_min-mAOD,53813611653493888,0003,Charlton - level-tidal_level-i-15_min-mAOD,level,Water Level,Tidal Level,900,unit#Meter,mAOD,instantaneous,http://environment.data.gov.uk/flood-monitoring/def/core/datumAOD,2026-09-22T13:30:00.000+00:00,-0.315,2026-09-22T14:05:22.349+00:00,504336403758981
5409735595189489531,0004-level-tidal_level-i-15_min-mAOD,-2287989957278801513,0004,Sheerness - level-tidal_level-i-15_min-mAOD,level,Water Level,Tidal Level,900,unit#Meter,mAOD,instantaneous,http://environment.data.gov.uk/flood-monitoring/def/core/datumAOD,2026-09-22T13:30:00.000+00:00,-0.877,2026-09-22T14:05:22.349+00:00,504336403758981
-813071284193901801,0006-level-tidal_level-i-1_min-mAOD,-4721263032920898261,0006,Westminster - level-tidal_level-i-1_min-mAOD,level,Water Level,Tidal Level,60,unit#Meter,mAOD,instantaneous,http://environment.data.gov.uk/flood-monitoring/def/core/datumAOD,,,2026-09-22T14:05:22.349+00:00,504336403758981
7983859694695248154,0006-level-tidal_level-i-15_min-mAOD,-4721263032920898261,0006,Westminster - level-tidal_level-i-15_min-mAOD,level,Water Level,Tidal Level,900,unit#Meter,mAOD,instantaneous,http://environment.data.gov.uk/flood-monitoring/def/core/datumAOD,2026-09-22T13:30:00.000+00:00,0.158,2026-09-22T14:05:22.349+00:00,504336403758981
8072965877000278976,0007-level-tidal_level-i-15_min-mAOD,113990546409461569,0007,Tower Pier TL - level-tidal_level-i-15_min-mAOD,level,Water Level,Tidal Level,900,unit#Meter,mAOD,instantaneous,http://environment.data.gov.uk/flood-monitoring/def/core/datumAOD,2026-09-22T13:30:00.000+00:00,-0.136,2026-09-22T14:05:22.349+00:00,504336403758981
-407230366297847828,0007-level-tidal_level-i-1_min-mAOD,113990546409461569,0007,Tower Pier - level-tidal_level-i-1_min-mAOD,level,Water Level,Tidal Level,60,unit#Meter,mAOD,instantaneous,http://environment.data.gov.uk/flood-monitoring/def/core/datumAOD,,,2026-09-22T14:05:22.349+00:00,504336403758981
-2046141493287843975,0008-level-tidal_level-i-15_min-mAOD,8029756499637724900,0008,Chelsea - level-tidal_level-i-15_min-mAOD,level,Water Level,Tidal Level,900,unit#Meter,mAOD,instantaneous,http://environment.data.gov.uk/flood-monitoring/def/core/datumAOD,,,2026-09-22T14:05:22.349+00:00,504336403758981
5136518223484608557,0009-level-tidal_level-i-15_min-mAOD,7238783482535492442,0009,Richmond - level-tidal_level-i-15_min-mAOD,level,Water Level,Tidal Level,900,unit#Meter,mAOD,instantaneous,http://environment.data.gov.uk/flood-monitoring/def/core/datumAOD,2026-09-22T13:30:00.000+00:00,0.892,2026-09-22T14:05:22.349+00:00,504336403758981
-6471829083527101533,000900-rainfall-tipping_bucket_raingauge-t-15_min-mm,1152659408193678080,000900,rainfall-tipping_bucket_raingauge-t-15_min-mm,rainfall,Rainfall,Tipping Bucket Raingauge,900,unit#Millimeter,mm,total,,,,2026-09-22T14:05:22.349+00:00,504336403758981
3262891816813318093,000900-rainfall-tipping_bucket_raingauge-i-15_min-mm,1152659408193678080,000900,rainfall-tipping_bucket_raingauge-i-15_min-mm,rainfall,Rainfall,Tipping Bucket Raingauge,900,unit#Millimeter,mm,instantaneous,,2026-09-22T13:15:00.000+00:00,0,2026-09-22T14:05:22.349+00:00,504336403758981
-2370808636112718653,000997-rainfall-tipping_bucket_raingauge-t-15_min-mm,-9087571947629422598,000997,rainfall-tipping_bucket_raingauge-t-15_min-mm,rainfall,Rainfall,Tipping Bucket Raingauge,900,unit#Millimeter,mm,total,,2026-09-22T13:15:00.000+00:00,0,2026-09-22T14:05:22.349+00:00,504336403758981
-1313040976984598905,0010-level-tidal_level-i-15_min-mAOD,7172347325439775547,0010,Hammersmith - level-tidal_level-i-15_min-mAOD,level,Water Level,Tidal Level,900,unit#Meter,mAOD,instantaneous,http://environment.data.gov.uk/flood-monitoring/def/core/datumAOD,,,2026-09-22T14:05:22.349+00:00,504336403758981
5443684847098777668,0018-level-tidal_level-i-15_min-mAOD,-4620497601194076272,0018,Erith - level-tidal_level-i-15_min-mAOD,level,Water Level,Tidal Level,900,unit#Meter,mAOD,instantaneous,http://environment.data.gov.uk/flood-monitoring/def/core/datumAOD,,,2026-09-22T14:05:22.349+00:00,504336403758981
-8699047344847481094,0018-level-tidal_level-i-1_min-mAOD,-4620497601194076272,0018,Erith - level-tidal_level-i-1_min-mAOD,level,Water Level,Tidal Level,60,unit#Meter,mAOD,instantaneous,http://environment.data.gov.uk/flood-monitoring/def/core/datumAOD,,,2026-09-22T14:05:22.349+00:00,504336403758981
-6736568575205591357,0019-level-tidal_level-i-1_min-mAOD,3424560139236902824,0019,Southend - level-tidal_level-i-1_min-mAOD,level,Water Level,Tidal Level,60,unit#Meter,mAOD,instantaneous,http://environment.data.gov.uk/flood-monitoring/def/core/datumAOD,,,2026-09-22T14:05:22.349+00:00,504336403758981
2332345406865351702,0019-level-tidal_level-i-15_min-mAOD,3424560139236902824,0019,Southend - level-tidal_level-i-15_min-mAOD,level,Water Level,Tidal Level,900,unit#Meter,mAOD,instantaneous,http://environment.data.gov.uk/flood-monitoring/def/core/datumAOD,2026-09-22T13:30:00.000+00:00,-0.898,2026-09-22T14:05:22.349+00:00,504336403758981
8332672672339164310,0020-level-tidal_level-i-15_min-mAOD,-3502659337687024835,0020,Tilbury - level-tidal_level-i-15_min-mAOD,level,Water Level,Tidal Level,900,unit#Meter,mAOD,instantaneous,http://environment.data.gov.uk/flood-monitoring/def/core/datumAOD,2026-09-22T13:30:00.000+00:00,-0.746,2026-09-22T14:05:22.349+00:00,504336403758981
2582604706642709291,003066-rainfall-tipping_bucket_raingauge-t-15_min-mm,4352059822894581407,003066,rainfall-tipping_bucket_raingauge-t-15_min-mm,rainfall,Rainfall,Tipping Bucket Raingauge,900,unit#Millimeter,mm,total,,2026-09-22T06:00:00.000+00:00,0,2026-09-22T14:05:22.349+00:00,504336403758981
3887240108008658245,003232-rainfall-tipping_bucket_raingauge-t-15_min-mm,894016591346824834,003232,rainfall-tipping_bucket_raingauge-t-15_min-mm,rainfall,Rainfall,Tipping Bucket Raingauge,900,unit#Millimeter,mm,total,,,,2026-09-22T14:05:22.349+00:00,504336403758981
-1185158879202749954,003232-rainfall-tipping_bucket_raingauge-i-15_min-mm,894016591346824834,003232,rainfall-tipping_bucket_raingauge-i-15_min-mm,rainfall,Rainfall,Tipping Bucket Raingauge,900,unit#Millimeter,mm,instantaneous,,2026-09-22T13:15:00.000+00:00,0,2026-09-22T14:05:22.349+00:00,504336403758981
7817359144919207323,004942-rainfall-tipping_bucket_raingauge-t-15_min-mm,891463053924276918,004942,rainfall-tipping_bucket_raingauge-t-15_min-mm,rainfall,Rainfall,Tipping Bucket Raingauge,900,unit#Millimeter,mm,total,,2026-09-22T13:15:00.000+00:00,0,2026-09-22T14:05:22.349+00:00,504336403758981
8244719872147957699,005588-rainfall-tipping_bucket_raingauge-t-15_min-mm,38746003976295984,005588,rainfall-tipping_bucket_raingauge-t-15_min-mm,rainfall,Rainfall,Tipping Bucket Raingauge,900,unit#Millimeter,mm,total,,2026-09-22T13:15:00.000+00:00,0,2026-09-22T14:05:22.349+00:00,504336403758981
1296950062387995805,005782-rainfall-tipping_bucket_raingauge-t-15_min-mm,-9074044968808018684,005782,rainfall-tipping_bucket_raingauge-t-15_min-mm,rainfall,Rainfall,Tipping Bucket Raingauge,900,unit#Millimeter,mm,total,,2026-09-22T13:15:00.000+00:00,0,2026-09-22T14:05:22.349+00:00,504336403758981
2120174751671231177,006077-rainfall-tipping_bucket_raingauge-i-15_min-mm,-5005317057615229571,006077,rainfall-tipping_bucket_raingauge-i-15_min-mm,rainfall,Rainfall,Tipping Bucket Raingauge,900,unit#Millimeter,mm,instantaneous,,2026-09-22T13:15:00.000+00:00,0,2026-09-22T14:05:22.349+00:00,504336403758981
6641383246274515911,006077-rainfall-tipping_bucket_raingauge-t-15_min-mm,-5005317057615229571,006077,rainfall-tipping_bucket_raingauge-t-15_min-mm,rainfall,Rainfall,Tipping Bucket Raingauge,900,unit#Millimeter,mm,total,,,,2026-09-22T14:05:22.349+00:00,504336403758981
-428124893282941915,006403-rainfall-tipping_bucket_raingauge-t-15_min-mm,3894413722210309935,006403,rainfall-tipping_bucket_raingauge-t-15_min-mm,rainfall,Rainfall,Tipping Bucket Raingauge,900,unit#Millimeter,mm,total,,2026-09-22T13:15:00.000+00:00,0,2026-09-22T14:05:22.349+00:00,504336403758981
8858350531020736130,007292-rainfall-tipping_bucket_raingauge-t-15_min-mm,-782157445601634713,007292,rainfall-tipping_bucket_raingauge-t-15_min-mm,rainfall,Rainfall,Tipping Bucket Raingauge,900,unit#Millimeter,mm,total,,2026-09-22T13:15:00.000+00:00,0,2026-09-22T14:05:22.349+00:00,504336403758981
479249242752531785,007533-rainfall-tipping_bucket_raingauge-t-15_min-mm,6790108561943910649,007533,rainfall-tipping_bucket_raingauge-t-15_min-mm,rainfall,Rainfall,Tipping Bucket Raingauge,900,unit#Millimeter,mm,total,,,,2026-09-22T14:05:22.349+00:00,504336403758981
5635739299610925606,008062-rainfall-tipping_bucket_raingauge-t-15_min-mm,-5188476284862885802,008062,rainfall-tipping_bucket_raingauge-t-15_min-mm,rainfall,Rainfall,Tipping Bucket Raingauge,900,unit#Millimeter,mm,total,,2026-09-22T13:15:00.000+00:00,0,2026-09-22T14:05:22.349+00:00,504336403758981
3272104902341101668,008632-rainfall-tipping_bucket_raingauge-t-15_min-mm,-1030561816794750501,008632,rainfall-tipping_bucket_raingauge-t-15_min-mm,rainfall,Rainfall,Tipping Bucket Raingauge,900,unit#Millimeter,mm,total,,,,2026-09-22T14:05:22.349+00:00,504336403758981
-5835214485274193943,008632-rainfall-tipping_bucket_raingauge-i-15_min-mm,-1030561816794750501,008632,rainfall-tipping_bucket_raingauge-i-15_min-mm,rainfall,Rainfall,Tipping Bucket Raingauge,900,unit#Millimeter,mm,instantaneous,,2026-09-22T13:15:00.000+00:00,0,2026-09-22T14:05:22.349+00:00,504336403758981
-3181965442543619709,008850-rainfall-tipping_bucket_raingauge-t-15_min-mm,8652959314725872885,008850,rainfall-tipping_bucket_raingauge-t-15_min-mm,rainfall,Rainfall,Tipping Bucket Raingauge,900,unit#Millimeter,mm,total,,2026-09-22T07:00:00.000+00:00,0.2,2026-09-22T14:05:22.349+00:00,504336403758981
5385568973381841498,0095SE-level-stage-i-15_min-mAOD,4836799477355115973,0095SE,Aylesford Stream Medway GS - level-stage-i-15_min-mAOD,level,Water Level,Stage,900,unit#Meter,mAOD,instantaneous,http://environment.data.gov.uk/flood-monitoring/def/core/datumAOD,2026-09-22T13:30:00.000+00:00,6.645,2026-09-22T14:05:22.349+00:00,504336403758981
-43390996627920314,0100LB-level-1-i-1_min-mAOD,7014276963094880516,0100LB,Leigh Barrier - level-1-i-1_min-mAOD,level,Water Level,1,60,unit#Meter,mAOD,instantaneous,http://environment.data.gov.uk/flood-monitoring/def/core/datumAOD,,,2026-09-22T14:05:22.349+00:00,504336403758981
-4535637298060890040,0100LB-level-1-i-15_min-mAOD,7014276963094880516,0100LB,Leigh Barrier - level-1-i-15_min-mAOD,level,Water Level,1,900,unit#Meter,mAOD,instantaneous,http://environment.data.gov.uk/flood-monitoring/def/core/datumAOD,,,2026-09-22T14:05:22.349+00:00,504336403758981
-62001869803905351,010312-rainfall-tipping_bucket_raingauge-t-15_min-mm,-4312984907347976954,010312,rainfall-tipping_bucket_raingauge-t-15_min-mm,rainfall,Rainfall,Tipping Bucket Raingauge,900,unit#Millimeter,mm,total,,2026-09-22T05:45:00.000+00:00,0,2026-09-22T14:05:22.349+00:00,504336403758981
3882069476125091778,010660-rainfall-tipping_bucket_raingauge-t-15_min-mm,7729089656802829159,010660,rainfall-tipping_bucket_raingauge-t-15_min-mm,rainfall,Rainfall,Tipping Bucket Raingauge,900,unit#Millimeter,mm,total,,2026-09-22T13:15:00.000+00:00,0,2026-09-22T14:05:22.349+00:00,504336403758981
9188166605775273482,013045-rainfall-tipping_bucket_raingauge-i-15_min-mm,2754387723936915684,013045,rainfall-tipping_bucket_raingauge-i-15_min-mm,rainfall,Rainfall,Tipping Bucket Raingauge,900,unit#Millimeter,mm,instantaneous,,2026-09-22T13:30:00.000+00:00,0,2026-09-22T14:05:22.349+00:00,504336403758981
3489059220373299041,013045-rainfall-tipping_bucket_raingauge-t-15_min-mm,2754387723936915684,013045,rainfall-tipping_bucket_raingauge-t-15_min-mm,rainfall,Rainfall,Tipping Bucket Raingauge,900,unit#Millimeter,mm,total,,,,2026-09-22T14:05:22.349+00:00,504336403758981
-7010316361844991338,0130TH-level-stage-i-15_min-mASD,-7046363555705029278,0130TH,RIVER THAMES AT EWEN - level-stage-i-15_min-mASD,level,Water Level,Stage,900,unit#Meter,mASD,instantaneous,http://environment.data.gov.uk/flood-monitoring/def/core/datumASD,2026-09-22T13:30:00.000+00:00,-0.28,2026-09-22T14:05:22.349+00:00,504336403758981
-1352818507281950286,0130TH-level-downstage-i-15_min-mASD,-7046363555705029278,0130TH,RIVER THAMES AT EWEN - level-downstage-i-15_min-mASD,level,Water Level,Downstream Stage,900,unit#Meter,mASD,instantaneous,http://environment.data.gov.uk/flood-monitoring/def/core/datumASD,2026-09-22T13:30:00.000+00:00,-1.134,2026-09-22T14:05:22.349+00:00,504336403758981
-6720428704721710721,013336-rainfall-tipping_bucket_raingauge-t-15_min-mm,4261831875621795675,013336,rainfall-tipping_bucket_raingauge-t-15_min-mm,rainfall,Rainfall,Tipping Bucket Raingauge,900,unit#Millimeter,mm,total,,,,2026-09-22T14:05:22.349+00:00,504336403758981
8365661797409159085,013336-rainfall-tipping_bucket_raingauge-i-15_min-mm,4261831875621795675,013336,rainfall-tipping_bucket_raingauge-i-15_min-mm,rainfall,Rainfall,Tipping Bucket Raingauge,900,unit#Millimeter,mm,instantaneous,,2026-09-22T13:15:00.000+00:00,0,2026-09-22T14:05:22.349+00:00,504336403758981
-1945438912254510308,013553-rainfall-tipping_bucket_raingauge-i-15_min-mm,-2857490882221490915,013553,rainfall-tipping_bucket_raingauge-i-15_min-mm,rainfall,Rainfall,Tipping Bucket Raingauge,900,unit#Millimeter,mm,instantaneous,,2026-09-22T13:30:00.000+00:00,0,2026-09-22T14:05:22.349+00:00,504336403758981
-2755466415599816751,013553-rainfall-tipping_bucket_raingauge-t-15_min-mm,-2857490882221490915,013553,rainfall-tipping_bucket_raingauge-t-15_min-mm,rainfall,Rainfall,Tipping Bucket Raingauge,900,unit#Millimeter,mm,total,,,,2026-09-22T14:05:22.349+00:00,504336403758981
2879856797143068632,013878-rainfall-tipping_bucket_raingauge-t-15_min-mm,2396577909489953134,013878,rainfall-tipping_bucket_raingauge-t-15_min-mm,rainfall,Rainfall,Tipping Bucket Raingauge,900,unit#Millimeter,mm,total,,2026-09-22T13:30:00.000+00:00,0,2026-09-22T14:05:22.349+00:00,504336403758981
-6523011161568000989,0144TH-level-stage-i-15_min-mASD,-7183855946959835339,0144TH,River Thames at Somerford Keynes - level-stage-i-15_min-mASD,level,Water Level,Stage,900,unit#Meter,mASD,instantaneous,http://environment.data.gov.uk/flood-monitoring/def/core/datumASD,2026-09-22T13:30:00.000+00:00,0.448,2026-09-22T14:05:22.349+00:00,504336403758981
-2696302749859645881,014555-rainfall-tipping_bucket_raingauge-t-15_min-mm,4451644967128081789,014555,rainfall-tipping_bucket_raingauge-t-15_min-mm,rainfall,Rainfall,Tipping Bucket Raingauge,900,unit#Millimeter,mm,total,,2026-09-22T13:30:00.000+00:00,0,2026-09-22T14:05:22.349+00:00,504336403758981
9158887383481255079,015313-rainfall-tipping_bucket_raingauge-t-15_min-mm,3992137266997777331,015313,rainfall-tipping_bucket_raingauge-t-15_min-mm,rainfall,Rainfall,Tipping Bucket Raingauge,900,unit#Millimeter,mm,total,,2026-09-22T13:30:00.000+00:00,0,2026-09-22T14:05:22.349+00:00,504336403758981
-6769654944654997333,015347-rainfall-tipping_bucket_raingauge-i-15_min-mm,-1842973982026101484,015347,rainfall-tipping_bucket_raingauge-i-15_min-mm,rainfall,Rainfall,Tipping Bucket Raingauge,900,unit#Millimeter,mm,instantaneous,,2026-09-22T13:15:00.000+00:00,0,2026-09-22T14:05:22.349+00:00,504336403758981
2952442626751896673,015347-rainfall-tipping_bucket_raingauge-t-15_min-mm,-1842973982026101484,015347,rainfall-tipping_bucket_raingauge-t-15_min-mm,rainfall,Rainfall,Tipping Bucket Raingauge,900,unit#Millimeter,mm,total,,,,2026-09-22T14:05:22.349+00:00,504336403758981
4952874332806392967,0155TH-level-downstage-i-15_min-mASD,2812916605272563627,0155TH,Swill Brook at Oaksey - level-downstage-i-15_min-mASD,level,Water Level,Downstream Stage,900,unit#Meter,mASD,instantaneous,http://environment.data.gov.uk/flood-monitoring/def/core/datumASD,,,2026-09-22T14:05:22.349+00:00,504336403758981
-7727830932378179878,0155TH-level-stage-i-15_min-mASD,2812916605272563627,0155TH,Swill Brook at Oaksey - level-stage-i-15_min-mASD,level,Water Level,Stage,900,unit#Meter,mASD,instantaneous,http://environment.data.gov.uk/flood-monitoring/def/core/datumASD,2026-09-22T13:30:00.000+00:00,-0.248,2026-09-22T14:05:22.349+00:00,504336403758981
350235093761086682,016140-rainfall-tipping_bucket_raingauge-t-15_min-mm,4361540839868749995,016140,rainfall-tipping_bucket_raingauge-t-15_min-mm,rainfall,Rainfall,Tipping Bucket Raingauge,900,unit#Millimeter,mm,total,,,,2026-09-22T14:05:22.349+00:00,504336403758981
3055028619366947585,016140-rainfall-tipping_bucket_raingauge-i-15_min-mm,4361540839868749995,016140,rainfall-tipping_bucket_raingauge-i-15_min-mm,rainfall,Rainfall,Tipping Bucket Raingauge,900,unit#Millimeter,mm,instantaneous,,2026-09-22T13:15:00.000+00:00,0,2026-09-22T14:05:22.349+00:00,504336403758981
-8520095125295513845,017220-rainfall-tipping_bucket_raingauge-t-15_min-mm,5875952203578982566,017220,rainfall-tipping_bucket_raingauge-t-15_min-mm,rainfall,Rainfall,Tipping Bucket Raingauge,900,unit#Millimeter,mm,total,,,,2026-09-22T14:05:22.349+00:00,504336403758981
-8155511863289008830,017220-rainfall-tipping_bucket_raingauge-i-15_min-mm,5875952203578982566,017220,rainfall-tipping_bucket_raingauge-i-15_min-mm,rainfall,Rainfall,Tipping Bucket Raingauge,900,unit#Millimeter,mm,instantaneous,,2026-09-22T13:15:00.000+00:00,0,2026-09-22T14:05:22.349+00:00,504336403758981
-2716848149120827093,017651-rainfall-tipping_bucket_raingauge-t-15_min-mm,-5655183332447639679,017651,rainfall-tipping_bucket_raingauge-t-15_min-mm,rainfall,Rainfall,Tipping Bucket Raingauge,900,unit#Millimeter,mm,total,,2026-09-22T13:30:00.000+00:00,0,2026-09-22T14:05:22.349+00:00,504336403758981
7605662580105700200,0184TH-level-stage-i-15_min-mASD,-7249665019474573822,0184TH,RIVER KEY AT PURTON STOKE - level-stage-i-15_min-mASD,level,Water Level,Stage,900,unit#Meter,mASD,instantaneous,http://environment.data.gov.uk/flood-monitoring/def/core/datumASD,2026-09-22T13:15:00.000+00:00,0.514,2026-09-22T14:05:22.349+00:00,504336403758981
-623411406227241490,018777-rainfall-tipping_bucket_raingauge-i-15_min-mm,-4136135241863567642,018777,rainfall-tipping_bucket_raingauge-i-15_min-mm,rainfall,Rainfall,Tipping Bucket Raingauge,900,unit#Millimeter,mm,instantaneous,,2026-09-22T13:15:00.000+00:00,0,2026-09-22T14:05:22.349+00:00,504336403758981
-2901351564820492251,018777-rainfall-tipping_bucket_raingauge-t-15_min-mm,-4136135241863567642,018777,rainfall-tipping_bucket_raingauge-t-15_min-mm,rainfall,Rainfall,Tipping Bucket Raingauge,900,unit#Millimeter,mm,total,,,,2026-09-22T14:05:22.349+00:00,504336403758981
-6652420218265181972,0190TH-level-downstage-i-15_min-mASD,-8143993825689061028,0190TH,RIVER THAMES AT CRICKLADE - level-downstage-i-15_min-mASD,level,Water Level,Downstream Stage,900,unit#Meter,mASD,instantaneous,http://environment.data.gov.uk/flood-monitoring/def/core/datumASD,2026-09-22T13:30:00.000+00:00,-0.141,2026-09-22T14:05:22.349+00:00,504336403758981
-8269095579661182403,0190TH-level-stage-i-15_min-mASD,-8143993825689061028,0190TH,RIVER THAMES AT CRICKLADE - level-stage-i-15_min-mASD,level,Water Level,Stage,900,unit#Meter,mASD,instantaneous,http://environment.data.gov.uk/flood-monitoring/def/core/datumASD,2026-09-22T13:30:00.000+00:00,0.048,2026-09-22T14:05:22.349+00:00,504336403758981
7602805754675713540,019271-rainfall-tipping_bucket_raingauge-t-15_min-mm,8889554128362497194,019271,rainfall-tipping_bucket_raingauge-t-15_min-mm,rainfall,Rainfall,Tipping Bucket Raingauge,900,unit#Millimeter,mm,total,,,,2026-09-22T14:05:22.349+00:00,504336403758981
-910459532215123006,019271-rainfall-tipping_bucket_raingauge-i-15_min-mm,8889554128362497194,019271,rainfall-tipping_bucket_raingauge-i-15_min-mm,rainfall,Rainfall,Tipping Bucket Raingauge,900,unit#Millimeter,mm,instantaneous,,2026-09-22T13:15:00.000+00:00,0,2026-09-22T14:05:22.349+00:00,504336403758981
479349665263197677,019356-rainfall-tipping_bucket_raingauge-t-15_min-mm,-6120982780042313653,019356,rainfall-tipping_bucket_raingauge-t-15_min-mm,rainfall,Rainfall,Tipping Bucket Raingauge,900,unit#Millimeter,mm,total,,,,2026-09-22T14:05:22.349+00:00,504336403758981
7675605143103450190,0207SO-flow--i-15_min-m3_s,-8255172887997443466,0207SO,COLLIERS LAND BRIDGE RL - flow--i-15_min-m3_s,flow,Flow,,900,unit#CubicMeterPerSecond,m3/s,instantaneous,,2026-09-22T12:15:00.000+00:00,0.355,2026-09-22T14:05:22.349+00:00,504336403758981
-2900630387509163435,0207SO-flow-none-i-15_min-m3_s,-8255172887997443466,0207SO,COLLIERS LAND BRIDGE RL - flow-none-i-15_min-m3_s,flow,Flow,None,900,unit#CubicMeterPerSecond,m3/s,instantaneous,,,,2026-09-22T14:05:22.349+00:00,504336403758981
8458839536083239760,021009-level-stage-i-15_min-m,7682458262866647198,021009,Norham - level-stage-i-15_min-m,level,Water Level,Stage,900,unit#Meter,m,instantaneous,,2026-09-22T13:30:00.000+00:00,1.134,2026-09-22T14:05:22.349+00:00,504336403758981
-1020030652211359975,021021-level-stage-i-15_min-m,-1303569949325573612,021021,Sprouston - level-stage-i-15_min-m,level,Water Level,Stage,900,unit#Meter,m,instantaneous,,2026-09-22T13:15:00.000+00:00,0.413,2026-09-22T14:05:22.349+00:00,504336403758981
7080928293655959589,021028-rainfall-tipping_bucket_raingauge-t-15_min-mm,-7646405520174466033,021028,rainfall-tipping_bucket_raingauge-t-15_min-mm,rainfall,Rainfall,Tipping Bucket Raingauge,900,unit#Millimeter,mm,total,,2026-09-22T13:30:00.000+00:00,0,2026-09-22T14:05:22.349+00:00,504336403758981
-1863468793824278824,021030-level-stage-i-15_min-m,-7884672260906541872,021030,Coldgate Mill - level-stage-i-15_min-m,level,Water Level,Stage,900,unit#Meter,m,instantaneous,,2026-09-22T13:15:00.000+00:00,-0.213,2026-09-22T14:05:22.349+00:00,504336403758981
-7116076164102583445,021033-level-stage-i-15_min-m,-2958976907183489015,021033,Wooler - level-stage-i-15_min-m,level,Water Level,Stage,900,unit#Meter,m,instantaneous,,2026-09-22T13:30:00.000+00:00,0.083,2026-09-22T14:05:22.349+00:00,504336403758981
-457702462691488548,021034-level-stage-i-15_min-m,8581499506358175150,021034,Doddington Bridge - level-stage-i-15_min-m,level,Water Level,Stage,900,unit#Meter,m,instantaneous,,2026-09-22T13:15:00.000+00:00,0.235,2026-09-22T14:05:22.349+00:00,504336403758981
6981078680691883711,021035-level-stage-i-15_min-m,7773850892994526633,021035,Weetwood Bridge - level-stage-i-15_min-m,level,Water Level,Stage,900,unit#Meter,m,instantaneous,,2026-09-22T13:15:00.000+00:00,0.23,2026-09-22T14:05:22.349+00:00,504336403758981
1113013898254297199,021037-level-stage-i-15_min----,3046733530080121490,021037,Waren Mill - level-stage-i-15_min----,level,Water Level,Stage,900,,---,instantaneous,,,,2026-09-22T14:05:22.349+00:00,504336403758981
4424751350294632821,021037-level-stage-i-15_min-m,3046733530080121490,021037,Waren Mill - level-stage-i-15_min-m,level,Water Level,Stage,900,unit#Meter,m,instantaneous,,2026-09-22T13:15:00.000+00:00,0,2026-09-22T14:05:22.349+00:00,504336403758981
1367920521691565247,021038-level-stage-i-15_min-m,-8771890123368350678,021038,Heaton Mill - level-stage-i-15_min-m,level,Water Level,Stage,900,unit#Meter,m,instantaneous,,2026-09-22T13:30:00.000+00:00,0.215,2026-09-22T14:05:22.349+00:00,504336403758981
6764575241494713703,021039-level-stage-i-15_min-m,-8324525890560485316,021039,Pawston - level-stage-i-15_min-m,level,Water Level,Stage,900,unit#Meter,m,instantaneous,,2026-09-22T13:30:00.000+00:00,0.219,2026-09-22T14:05:22.349+00:00,504336403758981
7856104846196406583,021040-level-stage-i-15_min-m,-2784309197066772925,021040,Warenford - level-stage-i-15_min-m,level,Water Level,Stage,900,unit#Meter,m,instantaneous,,2026-09-22T13:15:00.000+00:00,0.012,2026-09-22T14:05:22.349+00:00,504336403758981
5647969286952227710,021041-level-stage-i-15_min-m,-4193629502519208738,021041,Belford - level-stage-i-15_min-m,level,Water Level,Stage,900,unit#Meter,m,instantaneous,,2026-09-22T13:15:00.000+00:00,0.165,2026-09-22T14:05:22.349+00:00,504336403758981
-7082916052029538090,021228-rainfall-tipping_bucket_raingauge-t-15_min-mm,7572116845772866438,021228,rainfall-tipping_bucket_raingauge-t-15_min-mm,rainfall,Rainfall,Tipping Bucket Raingauge,900,unit#Millimeter,mm,total,,2026-09-22T13:15:00.000+00:00,0,2026-09-22T14:05:22.349+00:00,504336403758981
5394266907610849737,021999-level-tidal_level-i-15_min-m,-821729043686161438,021999,Berwick - level-tidal_level-i-15_min-m,level,Water Level,Tidal Level,900,unit#Meter,m,instantaneous,,,,2026-09-22T14:05:22.349+00:00,504336403758981
8766211163644176695,021999-level-tidal_level-i-15_min-mAOD,-821729043686161438,021999,Berwick - level-tidal_level-i-15_min-mAOD,level,Water Level,Tidal Level,900,unit#Meter,mAOD,instantaneous,http://environment.data.gov.uk/flood-monitoring/def/core/datumAOD,2026-09-22T13:15:00.000+00:00,1.352,2026-09-22T14:05:22.349+00:00,504336403758981
144592595016926078,022001-level-stage-i-15_min----,1226927542862541118,022001,Morwick - level-stage-i-15_min----,level,Water Level,Stage,900,,---,instantaneous,,,,2026-09-22T14:05:22.349+00:00,504336403758981
3419987565624509245,022001-level-stage-i-15_min-m,1226927542862541118,022001,Morwick - level-stage-i-15_min-m,level,Water Level,Stage,900,unit#Meter,m,instantaneous,,,,2026-09-22T14:05:22.349+00:00,504336403758981
2052820378606968811,022003-level-stage-i-15_min-m,5164418144381525022,022003,Shillmoor - level-stage-i-15_min-m,level,Water Level,Stage,900,unit#Meter,m,instantaneous,,2026-09-22T06:00:00.000+00:00,0.02,2026-09-22T14:05:22.349+00:00,504336403758981
-1738933557621440395,022006-level-stage-i-15_min-m,-5222202153739759563,022006,Hartford Bridge - level-stage-i-15_min-m,level,Water Level,Stage,900,unit#Meter,m,instantaneous,,2026-09-22T13:15:00.000+00:00,0.1,2026-09-22T14:05:22.349+00:00,504336403758981
7279167130862741806,022007-level-stage-i-15_min-m,2862431421197125205,022007,Mitford - level-stage-i-15_min-m,level,Water Level,Stage,900,unit#Meter,m,instantaneous,,2026-09-22T13:15:00.000+00:00,0.168,2026-09-22T14:05:22.349+00:00,504336403758981
-4106496722056535225,022009-level-stage-i-15_min----,-1912571103581689923,022009,Rothbury - level-stage-i-15_min----,level,Water Level,Stage,900,,---,instantaneous,,,,2026-09-22T14:05:22.349+00:00,504336403758981
5218176523203701972,022009-level-stage-i-15_min-m,-1912571103581689923,022009,Rothbury - level-stage-i-15_min-m,level,Water Level,Stage,900,unit#Meter,m,instantaneous,,2026-09-22T13:30:00.000+00:00,0.251,2026-09-22T14:05:22.349+00:00,504336403758981
8887272550732801368,022010-level-stage-i-15_min-m,-198847973351262843,022010,Stamfordham Heugh Mill - level-stage-i-15_min-m,level,Water Level,Stage,900,unit#Meter,m,instantaneous,,,,2026-09-22T14:05:22.349+00:00,504336403758981
4006700069296909670,022011-level-stage-i-15_min-m,-1880168126940572551,022011,Hartburn - level-stage-i-15_min-m,level,Water Level,Stage,900,unit#Meter,m,instantaneous,,2026-09-22T05:45:00.000+00:00,0.038,2026-09-22T14:05:22.349+00:00,504336403758981
388257332936419017,022012-level-stage-i-15_min-m,-2498691497957528306,022012,Stamfordham - level-stage-i-15_min-m,level,Water Level,Stage,900,unit#Meter,m,instantaneous,,2026-09-22T13:30:00.000+00:00,0.577,2026-09-22T14:05:22.349+00:00,504336403758981
-4951722485775025313,022013-level-stage-i-15_min-mAOD,178396686412094949,022013,Ponteland - level-stage-i-15_min-mAOD,level,Water Level,Stage,900,unit#Meter,mAOD,instantaneous,http://environment.data.gov.uk/flood-monitoring/def/core/datumAOD,,,2026-09-22T14:05:22.349+00:00,504336403758981
225989354838003207,022013-level-stage-i-15_min-mASD,178396686412094949,022013,Ponteland - level-stage-i-15_min-mASD,level,Water Level,Stage,900,unit#Meter,mASD,instantaneous,http://environment.data.gov.uk/flood-monitoring/def/core/datumASD,2026-09-22T13:30:00.000+00:00,0.04,2026-09-22T14:05:22.349+00:00,504336403758981
-4803631133787925496,022014-level-stage-i-15_min-m,7587774337424068739,022014,Alwinton Bridge - level-stage-i-15_min-m,level,Water Level,Stage,900,unit#Meter,m,instantaneous,,2026-09-22T13:30:00.000+00:00,0.125,2026-09-22T14:05:22.349+00:00,504336403758981
-515331460784374488,022015-level-stage-i-15_min-m,-871192804140681483,022015,Middleton Bridge - level-stage-i-15_min-m,level,Water Level,Stage,900,unit#Meter,m,instantaneous,,2026-09-22T13:30:00.000+00:00,0.004,2026-09-22T14:05:22.349+00:00,504336403758981
-157893086520977390,022016-level-stage-i-15_min----,-2982980616425950546,022016,Nunnykirk - level-stage-i-15_min----,level,Water Level,Stage,900,,---,instantaneous,,,,2026-09-22T14:05:22.349+00:00,504336403758981
9023584982926890243,022016-level-stage-i-15_min-m,-2982980616425950546,022016,Nunnykirk - level-stage-i-15_min-m,level,Water Level,Stage,900,unit#Meter,m,instantaneous,,2026-09-22T13:15:00.000+00:00,0.358,2026-09-22T14:05:22.349+00:00,504336403758981
1230800454326322110,022017-level-stage-i-15_min----,7561916717773925847,022017,Morpeth - level-stage-i-15_min----,level,Water Level,Stage,900,,---,instantaneous,,,,2026-09-22T14:05:22.349+00:00,504336403758981
7891773292731375325,022017-level-stage-i-15_min-mAOD,7561916717773925847,022017,Morpeth - level-stage-i-15_min-mAOD,level,Water Level,Stage,900,unit#Meter,mAOD,instantaneous,http://environment.data.gov.uk/flood-monitoring/def/core/datumAOD,2026-09-22T13:30:00.000+00:00,24.303,2026-09-22T14:05:22.349+00:00,504336403758981
262651784062299041,022020-level-stage-i-15_min-m,2159424601035457290,022020,Warkworth - level-stage-i-15_min-m,level,Water Level,Stage,900,unit#Meter,m,instantaneous,,2026-09-22T13:30:00.000+00:00,2.418,2026-09-22T14:05:22.349+00:00,504336403758981
-1415901697026317080,022021-level-stage-i-15_min-m,3915483751011500122,022021,Mitford Dam - level-stage-i-15_min-m,level,Water Level,Stage,900,unit#Meter,m,instantaneous,,2026-09-22T13:30:00.000+00:00,0.238,2026-09-22T14:05:22.349+00:00,504336403758981
-3480470720076131219,022021-level-stage-i-15_min----,3915483751011500122,022021,Mitford Dam - level-stage-i-15_min----,level,Water Level,Stage,900,,---,instantaneous,,,,2026-09-22T14:05:22.349+00:00,504336403758981
8350552574393125319,022022-level-stage-i-15_min-m,5895864532456021945,022022,Morpeth Cotting Burn Dam - level-stage-i-15_min-m,level,Water Level,Stage,900,unit#Meter,m,instantaneous,,2026-09-22T13:15:00.000+00:00,0.15,2026-09-22T14:05:22.349+00:00,504336403758981
4370104263084289992,022163-rainfall-tipping_bucket_raingauge-t-15_min-mm,794837116805295747,022163,rainfall-tipping_bucket_raingauge-t-15_min-mm,rainfall,Rainfall,Tipping Bucket Raingauge,900,unit#Millimeter,mm,total,,2026-09-22T13:15:00.000+00:00,0,2026-09-22T14:05:22.349+00:00,504336403758981
7037539623687880007,022994-rainfall-tipping_bucket_raingauge-t-15_min-mm,8514563601346433098,022994,rainfall-tipping_bucket_raingauge-t-15_min-mm,rainfall,Rainfall,Tipping Bucket Raingauge,900,unit#Millimeter,mm,total,,2026-09-22T05:45:00.000+00:00,0,2026-09-22T14:05:22.349+00:00,504336403758981
-1542490956072988166,022999-level-tidal_level-i-15_min-mAOD,-5563327134419763779,022999,Blyth - level-tidal_level-i-15_min-mAOD,level,Water Level,Tidal Level,900,unit#Meter,mAOD,instantaneous,http://environment.data.gov.uk/flood-monitoring/def/core/datumAOD,2026-09-22T13:15:00.000+00:00,1.444,2026-09-22T14:05:22.349+00:00,504336403758981
943129555162606677,023001-level-stage-i-15_min-m,5731656788391496224,023001,Bywell - level-stage-i-15_min-m,level,Water Level,Stage,900,unit#Meter,m,instantaneous,,2026-09-22T13:15:00.000+00:00,0.481,2026-09-22T14:05:22.349+00:00,504336403758981
-6179697915290074963,023002-level-stage-i-15_min-m,7325576927421104695,023002,Eddys Bridge - level-stage-i-15_min-m,level,Water Level,Stage,900,unit#Meter,m,instantaneous,,2026-09-22T13:15:00.000+00:00,0.29,2026-09-22T14:05:22.349+00:00,504336403758981
1738249168535884357,023003-level-stage-i-15_min-m,-235825328832263584,023003,Reaverhill - level-stage-i-15_min-m,level,Water Level,Stage,900,unit#Meter,m,instantaneous,,2026-09-22T13:15:00.000+00:00,0.511,2026-09-22T14:05:22.349+00:00,504336403758981
-7413439594450879669,023004-level-stage-i-15_min-m,1156643125203500382,023004,Haydon Bridge - level-stage-i-15_min-m,level,Water Level,Stage,900,unit#Meter,m,instantaneous,,2026-09-22T13:15:00.000+00:00,0.333,2026-09-22T14:05:22.349+00:00,504336403758981
6025446521199149263,023006-level-stage-i-15_min----,3141643923275290588,023006,Featherstone - level-stage-i-15_min----,level,Water Level,Stage,900,,---,instantaneous,,,,2026-09-22T14:05:22.349+00:00,504336403758981
7233511376289674542,023006-level-stage-i-15_min-m,3141643923275290588,023006,Featherstone - level-stage-i-15_min-m,level,Water Level,Stage,900,unit#Meter,m,instantaneous,,2026-09-22T13:15:00.000+00:00,0.21,2026-09-22T14:05:22.349+00:00,504336403758981
7785107765527504806,023007-level-stage-i-15_min-m,3176963604397514130,023007,Rowlands Gill - level-stage-i-15_min-m,level,Water Level,Stage,900,unit#Meter,m,instantaneous,,2026-09-22T13:15:00.000+00:00,0.133,2026-09-22T14:05:22.349+00:00,504336403758981
886412338084192016,023008-level-stage-i-15_min-m,155704408567979552,023008,Rede Bridge - level-stage-i-15_min-m,level,Water Level,Stage,900,unit#Meter,m,instantaneous,,2026-09-22T13:30:00.000+00:00,0.205,2026-09-22T14:05:22.349+00:00,504336403758981
-3108978402837377999,023009-level-stage-i-15_min-m,7173826528810189868,023009,Alston - level-stage-i-15_min-m,level,Water Level,Stage,900,unit#Meter,m,instantaneous,,2026-09-22T13:30:00.000+00:00,0.223,2026-09-22T14:05:22.349+00:00,504336403758981
660848883354783692,023011-level-stage-i-15_min-m,8555736767068077329,023011,Kielder - level-stage-i-15_min-m,level,Water Level,Stage,900,unit#Meter,m,instantaneous,,2026-09-22T05:45:00.000+00:00,0.196,2026-09-22T14:05:22.349+00:00,504336403758981
-779801510047608760,023016-level-stage-i-15_min-m,-5710389207177569791,023016,Jesmond Dene Craghall - level-stage-i-15_min-m,level,Water Level,Stage,900,unit#Meter,m,instantaneous,,2026-09-22T13:30:00.000+00:00,0.043,2026-09-22T14:05:22.349+00:00,504336403758981
12433129466632059,023016-level-stage-i-15_min----,-5710389207177569791,023016,Jesmond Dene Craghall - level-stage-i-15_min----,level,Water Level,Stage,900,,---,instantaneous,,,,2026-09-22T14:05:22.349+00:00,504336403758981
8613865215405674044,023017-level-stage-i-15_min----,786004711998775214,023017,Team Valley - level-stage-i-15_min----,level,Water Level,Stage,900,,---,instantaneous,,,,2026-09-22T14:05:22.349+00:00,504336403758981
-4514309172929118734,023017-level-stage-i-15_min-m,786004711998775214,023017,Team Valley - level-stage-i-15_min-m,level,Water Level,Stage,900,unit#Meter,m,instantaneous,,2026-09-22T13:15:00.000+00:00,0.206,2026-09-22T14:05:22.349+00:00,504336403758981
498569523427882393,023018-level-stage-i-15_min-m,-1597402929206470870,023018,Woolsington - level-stage-i-15_min-m,level,Water Level,Stage,900,unit#Meter,m,instantaneous,,2026-09-22T13:00:00.000+00:00,-0.085,2026-09-22T14:05:22.349+00:00,504336403758981
1044565937341381504,023020-level-stage-i-15_min-mAOD,-7562469357515769348,023020,Hexham - level-stage-i-15_min-mAOD,level,Water Level,Stage,900,unit#Meter,mAOD,instantaneous,http://environment.data.gov.uk/flood-monitoring/def/core/datumAOD,2026-09-22T13:30:00.000+00:00,31.132,2026-09-22T14:05:22.349+00:00,504336403758981
4095273209166569621,023021-level-stage-i-15_min-m,-411431357031270135,023021,Corbridge - level-stage-i-15_min-m,level,Water Level,Stage,900,unit#Meter,m,instantaneous,,2026-09-22T13:30:00.000+00:00,0.212,2026-09-22T14:05:22.349+00:00,504336403758981
-3362119575728592578,023022-level-stage-i-15_min-m,-7790712875181547598,023022,Ugly Dub - level-stage-i-15_min-m,level,Water Level,Stage,900,unit#Meter,m,instantaneous,,2026-09-22T13:00:00.000+00:00,0.478,2026-09-22T14:05:22.349+00:00,504336403758981
3726972231053054557,023023-level-stage-i-15_min-m,5485968725091520407,023023,Riding Mill - level-stage-i-15_min-m,level,Water Level,Stage,900,unit#Meter,m,instantaneous,,2026-09-22T13:30:00.000+00:00,0.43,2026-09-22T14:05:22.349+00:00,504336403758981
1667372821849575421,023024-level-stage-i-15_min-m,-4709211393452950361,023024,Otterburn Mill - level-stage-i-15_min-m,level,Water Level,Stage,900,unit#Meter,m,instantaneous,,2026-09-22T13:30:00.000+00:00,0.282,2026-09-22T14:05:22.349+00:00,504336403758981
7707684964699263614,023025-level-stage-i-15_min-m,-2681576665624344921,023025,Warden Bridge End - level-stage-i-15_min-m,level,Water Level,Stage,900,unit#Meter,m,instantaneous,,2026-09-22T13:30:00.000+00:00,-0.03,2026-09-22T14:05:22.349+00:00,504336403758981
968794911711509521,023026-level-stage-i-15_min-m,-2644227330747340433,023026,Haydon Bridge Brigwood - level-stage-i-15_min-m,level,Water Level,Stage,900,unit#Meter,m,instantaneous,,2026-09-22T13:30:00.000+00:00,0.297,2026-09-22T14:05:22.349+00:00,504336403758981
2951661637885415522,023027-level-stage-i-15_min-m,-7247421898957119537,023027,Haltwhistle - level-stage-i-15_min-m,level,Water Level,Stage,900,unit#Meter,m,instantaneous,,2026-09-22T13:30:00.000+00:00,0.39,2026-09-22T14:05:22.349+00:00,504336403758981
-1481054991736398141,023028-level-stage-i-15_min-m,157889089211044983,023028,Chollerford - level-stage-i-15_min-m,level,Water Level,Stage,900,unit#Meter,m,instantaneous,,2026-09-22T13:15:00.000+00:00,0.206,2026-09-22T14:05:22.349+00:00,504336403758981
-8162599198420066360,023033-level-stage-i-15_min-m,5211913629955339849,023033,Otterburn - level-stage-i-15_min-m,level,Water Level,Stage,900,unit#Meter,m,instantaneous,,2026-09-22T13:15:00.000+00:00,0.436,2026-09-22T14:05:22.349+00:00,504336403758981
-7192396975850549594,023033-level-stage-i-15_min----,5211913629955339849,023033,Otterburn - level-stage-i-15_min----,level,Water Level,Stage,900,,---,instantaneous,,,,2026-09-22T14:05:22.349+00:00,504336403758981
6845090276156572914,023036-level-stage-i-15_min-m,-6983767051291822676,023036,Allen Mill Bridge - level-stage-i-15_min-m,level,Water Level,Stage,900,unit#Meter,m,instantaneous,,2026-09-22T13:30:00.000+00:00,0.201,2026-09-22T14:05:22.349+00:00,504336403758981
6431059741692165645,023037-level-stage-i-15_min-m,8597721390060075982,023037,Bellingham - level-stage-i-15_min-m,level,Water Level,Stage,900,unit#Meter,m,instantaneous,,2026-09-22T13:15:00.000+00:00,0.133,2026-09-22T14:05:22.349+00:00,504336403758981
-7613783150257913589,023038-level-stage-i-15_min----,-7221700184845485636,023038,Hexham Maidenscroft - level-stage-i-15_min----,level,Water Level,Stage,900,,---,instantaneous,,,,2026-09-22T14:05:22.349+00:00,504336403758981
-2551398576983269368,023038-level-stage-i-15_min-m,-7221700184845485636,023038,Hexham Maidenscroft - level-stage-i-15_min-m,level,Water Level,Stage,900,unit#Meter,m,instantaneous,,2026-09-22T13:15:00.000+00:00,0.1,2026-09-22T14:05:22.349+00:00,504336403758981
-693667140815104460,023039-level-stage-i-15_min-m,-3256159870226836173,023039,Hexham Tanners Row - level-stage-i-15_min-m,level,Water Level,Stage,900,unit#Meter,m,instantaneous,,2026-09-22T13:30:00.000+00:00,0.648,2026-09-22T14:05:22.349+00:00,504336403758981
3239648035070475316,023041-level-stage-i-15_min-m,-4722020815202738075,023041,Hexham Tanners Row - level-stage-i-15_min-m,level,Water Level,Stage,900,unit#Meter,m,instantaneous,,2026-09-22T13:30:00.000+00:00,-0.01,2026-09-22T14:05:22.349+00:00,504336403758981
-1660344270195059517,023041-level-stage-i-15_min----,-4722020815202738075,023041,Hexham Tanners Row - level-stage-i-15_min----,level,Water Level,Stage,900,,---,instantaneous,,,,2026-09-22T14:05:22.349+00:00,504336403758981
-6223045093159117157,023042-level-stage-i-15_min-m,-6622861465961245645,023042,Tanfield - level-stage-i-15_min-m,level,Water Level,Stage,900,unit#Meter,m,instantaneous,,2026-09-22T13:30:00.000+00:00,0.203,2026-09-22T14:05:22.349+00:00,504336403758981
-9048612333010414710,023044-level-stage-i-15_min-m,-2571269527809190425,023044,Blackhall Mill - level-stage-i-15_min-m,level,Water Level,Stage,900,unit#Meter,m,instantaneous,,2026-09-22T13:15:00.000+00:00,0.075,2026-09-22T14:05:22.349+00:00,504336403758981
4465963867999506572,023044-level-stage-i-15_min----,-2571269527809190425,023044,Blackhall Mill - level-stage-i-15_min----,level,Water Level,Stage,900,,---,instantaneous,,,,2026-09-22T14:05:22.349+00:00,504336403758981
-4020380525637885043,023047-level-stage-i-15_min-m,-921679239553147038,023047,Gateshead St Omers Haugh - level-stage-i-15_min-m,level,Water Level,Stage,900,unit#Meter,m,instantaneous,,,,2026-09-22T14:05:22.349+00:00,504336403758981
-737801623213797049,023047-level-stage-i-15_min-mAOD,-921679239553147038,023047,Gateshead St Omers Haugh - level-stage-i-15_min-mAOD,level,Water Level,Stage,900,unit#Meter,mAOD,instantaneous,http://environment.data.gov.uk/flood-monitoring/def/core/datumAOD,2026-09-22T13:30:00.000+00:00,1.53,2026-09-22T14:05:22.349+00:00,504336403758981
-8816253535783249504,023049-level-stage-i-15_min-m,-953667397812078629,023049,Hareshaw Burn - level-stage-i-15_min-m,level,Water Level,Stage,900,unit#Meter,m,instantaneous,,2026-09-22T13:30:00.000+00:00,0.131,2026-09-22T14:05:22.349+00:00,504336403758981
-6163714921318410774,023049_-level-stage-i-15_min-m,-3627892243160747379,023049_,Hareshaw Burn - level-stage-i-15_min-m,level,Water Level,Stage,900,unit#Meter,m,instantaneous,,,,2026-09-22T14:05:22.349+00:00,504336403758981
-1463521881137387605,023053-level-stage-i-15_min-m,-4002506526024332065,023053,Falstone - level-stage-i-15_min-m,level,Water Level,Stage,900,unit#Meter,m,instantaneous,,2026-09-22T05:45:00.000+00:00,0.283,2026-09-22T14:05:22.349+00:00,504336403758981
-695202473801210392,023054-level-stage-i-15_min-m,7317209825471078069,023054,Gosforth Golf Course - level-stage-i-15_min-m,level,Water Level,Stage,900,unit#Meter,m,instantaneous,,2026-09-22T13:30:00.000+00:00,0.26,2026-09-22T14:05:22.349+00:00,504336403758981
1331639981359563860,023055-level-reservoir_level-i-15_min-m,-7209289314823635191,023055,Kielder Reservoir - level-reservoir_level-i-15_min-m,level,Water Level,Reservoir Level,900,unit#Meter,m,instantaneous,,2026-09-22T13:15:00.000+00:00,-4.585,2026-09-22T14:05:22.349+00:00,504336403758981
-5609610564525486955,023057-level-stage-i-15_min-m,7138379606427117953,023057,Hexham Wydon Water - level-stage-i-15_min-m,level,Water Level,Stage,900,unit#Meter,m,instantaneous,,2026-09-22T13:15:00.000+00:00,0.003,2026-09-22T14:05:22.349+00:00,504336403758981
-5780269110005800,023058-level-reservoir_level-i-15_min-m,-3540082907795610932,023058,Hindley Wrae - level-reservoir_level-i-15_min-m,level,Water Level,Reservoir Level,900,unit#Meter,m,instantaneous,,2026-09-22T13:30:00.000+00:00,0.036,2026-09-22T14:05:22.349+00:00,504336403758981
4568845332726388087,023060-level-stage-i-15_min-m,-2350472486019331079,023060,Derwent Reservoir - level-stage-i-15_min-m,level,Water Level,Stage,900,unit#Meter,m,instantaneous,,2026-09-22T13:15:00.000+00:00,-6.133,2026-09-22T14:05:22.349+00:00,504336403758981
573557279502067867,023062-level-stage-i-15_min-m,1254817101971827614,023062,Acomb Garden House - level-stage-i-15_min-m,level,Water Level,Stage,900,unit#Meter,m,instantaneous,,2026-09-22T13:30:00.000+00:00,-0.017,2026-09-22T14:05:22.349+00:00,504336403758981
568402253402771851,023063-level-stage-i-15_min-m,1697869809872572554,023063,Acomb Millersfield - level-stage-i-15_min-m,level,Water Level,Stage,900,unit#Meter,m,instantaneous,,2026-09-22T13:30:00.000+00:00,0.11,2026-09-22T14:05:22.349+00:00,504336403758981
4738398315045292206,023066-level-stage-i-15_min-m,-1740031433762117001,023066,Stocksfield Ridley Mill - level-stage-i-15_min-m,level,Water Level,Stage,900,unit#Meter,m,instantaneous,,2026-09-22T13:30:00.000+00:00,0.208,2026-09-22T14:05:22.349+00:00,504336403758981
4098367988146399456,023103-level-stage-i-15_min-m,1089737481231918612,023103,Butteryhaugh - level-stage-i-15_min-m,level,Water Level,Stage,900,unit#Meter,m,instantaneous,,2026-09-22T13:30:00.000+00:00,0.522,2026-09-22T14:05:22.349+00:00,504336403758981
4101421921275583994,023164-rainfall-tipping_bucket_raingauge-t-15_min-mm,-7382809723261382627,023164,rainfall-tipping_bucket_raingauge-t-15_min-mm,rainfall,Rainfall,Tipping Bucket Raingauge,900,unit#Millimeter,mm,total,,,,2026-09-22T14:05:22.349+00:00,504336403758981
-3477666325310748290,023164-rainfall-tipping_bucket_raingauge-i-15_min-mm,-7382809723261382627,023164,rainfall-tipping_bucket_raingauge-i-15_min-mm,rainfall,Rainfall,Tipping Bucket Raingauge,900,unit#Millimeter,mm,instantaneous,,2026-09-22T13:15:00.000+00:00,0,2026-09-22T14:05:22.349+00:00,504336403758981
3398703420132081980,023839-rainfall-3-i-15_min-mm,9134644127991006839,023839,rainfall-3-i-15_min-mm,rainfall,Rainfall,3,900,unit#Millimeter,mm,instantaneous,,2026-09-22T13:15:00.000+00:00,0,2026-09-22T14:05:22.349+00:00,504336403758981
5180699603171771186,023839-rainfall-tipping_bucket_raingauge-t-15_min-mm,9134644127991006839,023839,rainfall-tipping_bucket_raingauge-t-15_min-mm,rainfall,Rainfall,Tipping Bucket Raingauge,900,unit#Millimeter,mm,total,,2026-08-25T10:30:00.000+00:00,0,2026-09-22T14:05:22.349+00:00,504336403758981
6886438289254351124,024000-level-stage-i-15_min-m,-1328765720630946264,024000,South Church - level-stage-i-15_min-m,level,Water Level,Stage,900,unit#Meter,m,instantaneous,,2026-09-22T13:15:00.000+00:00,0.049,2026-09-22T14:05:22.349+00:00,504336403758981
-4481223903832788433,024001-level-stage-i-15_min-m,6906335162033292326,024001,Sunderland Bridge - level-stage-i-15_min-m,level,Water Level,Stage,900,unit#Meter,m,instantaneous,,2026-09-22T13:15:00.000+00:00,0.259,2026-09-22T14:05:22.349+00:00,504336403758981
-8493651603789378017,024003-level-stage-i-15_min----,1738195109259787271,024003,Stanhope - level-stage-i-15_min----,level,Water Level,Stage,900,,---,instantaneous,,,,2026-09-22T14:05:22.349+00:00,504336403758981
6291225105696834940,024003-level-stage-i-15_min-m,1738195109259787271,024003,Stanhope - level-stage-i-15_min-m,level,Water Level,Stage,900,unit#Meter,m,instantaneous,,2026-09-22T13:30:00.000+00:00,0.197,2026-09-22T14:05:22.349+00:00,504336403758981
-8228756875374269973,024004-level-stage-i-15_min-m,-1892843495545973387,024004,Bedburn - level-stage-i-15_min-m,level,Water Level,Stage,900,unit#Meter,m,instantaneous,,2026-09-22T13:30:00.000+00:00,0.031,2026-09-22T14:05:22.349+00:00,504336403758981
-1318036763399313386,024005-level--i-15_min----,1298566350818468824,024005,Burn Hall - level--i-15_min----,level,Water Level,,900,,---,instantaneous,,,,2026-09-22T14:05:22.349+00:00,504336403758981
-8711528867811385927,024005-level--i-15_min-m,1298566350818468824,024005,Burn Hall - level--i-15_min-m,level,Water Level,,900,unit#Meter,m,instantaneous,,,,2026-09-22T14:05:22.349+00:00,504336403758981
-3217989685262620127,024005-level-stage-i-15_min-m,1298566350818468824,024005,Burn Hall - level-stage-i-15_min-m,level,Water Level,Stage,900,unit#Meter,m,instantaneous,,2026-09-22T13:15:00.000+00:00,0.073,2026-09-22T14:05:22.349+00:00,504336403758981
-3822037843856443702,024006-level-stage-i-15_min-mm,-8413046170453480756,024006,Eastgate - level-stage-i-15_min-mm,level,Water Level,Stage,900,unit#Millimeter,mm,instantaneous,,,,2026-09-22T14:05:22.349+00:00,504336403758981
7312440147193627840,024006-level-stage-i-15_min-m,-8413046170453480756,024006,Eastgate - level-stage-i-15_min-m,level,Water Level,Stage,900,unit#Meter,m,instantaneous,,2026-09-22T13:30:00.000+00:00,0.031,2026-09-22T14:05:22.349+00:00,504336403758981
-1795146592632541576,024008-level-stage-i-15_min----,-5426898446857088016,024008,Witton Park - level-stage-i-15_min----,level,Water Level,Stage,900,,---,instantaneous,,,,2026-09-22T14:05:22.349+00:00,504336403758981
8998158358700754464,024008-level-stage-i-15_min-m,-5426898446857088016,024008,Witton Park - level-stage-i-15_min-m,level,Water Level,Stage,900,unit#Meter,m,instantaneous,,2026-09-22T13:15:00.000+00:00,0.311,2026-09-22T14:05:22.349+00:00,504336403758981
1823444273275233645,024009-level-stage-i-15_min-m,-4855696074754602002,024009,Chester Le Street - level-stage-i-15_min-m,level,Water Level,Stage,900,unit#Meter,m,instantaneous,,2026-09-22T13:15:00.000+00:00,0.295,2026-09-22T14:05:22.349+00:00,504336403758981
-3984656333094066602,024009-level-stage-i-15_min----,-4855696074754602002,024009,Chester Le Street - level-stage-i-15_min----,level,Water Level,Stage,900,,---,instantaneous,,,,2026-09-22T14:05:22.349+00:00,504336403758981
2588632235697351237,024010-level-stage-i-15_min----,5409045411348051548,024010,Wearhead - level-stage-i-15_min----,level,Water Level,Stage,900,,---,instantaneous,,,,2026-09-22T14:05:22.349+00:00,504336403758981
-3331003987469253642,024010-level-stage-i-15_min-m,5409045411348051548,024010,Wearhead - level-stage-i-15_min-m,level,Water Level,Stage,900,unit#Meter,m,instantaneous,,2026-09-22T13:15:00.000+00:00,0.077,2026-09-22T14:05:22.349+00:00,504336403758981
-9142017127463847477,024012-level-stage-i-15_min-m,-7511646515696656841,024012,Houghton Le Spring - level-stage-i-15_min-m,level,Water Level,Stage,900,unit#Meter,m,instantaneous,,2026-09-22T13:15:00.000+00:00,0.102,2026-09-22T14:05:22.349+00:00,504336403758981
-3832915026028128789,0240120-level-stage-i-15_min-m,-5934557237113794456,0240120,Durham New Elvet Bridge - level-stage-i-15_min-m,level,Water Level,Stage,900,unit#Meter,m,instantaneous,,2026-09-22T13:30:00.000+00:00,0.21,2026-09-22T14:05:22.349+00:00,504336403758981
-4983920370426911606,024013-level-stage-i-15_min-m,-959565463717608145,024013,Low Lands - level-stage-i-15_min-m,level,Water Level,Stage,900,unit#Meter,m,instantaneous,,2026-09-22T13:30:00.000+00:00,0.073,2026-09-22T14:05:22.349+00:00,504336403758981
-5052034390805521454,024014-level-stage-i-15_min-m,-1443942263144621270,024014,Copley - level-stage-i-15_min-m,level,Water Level,Stage,900,unit#Meter,m,instantaneous,,2026-09-22T05:45:00.000+00:00,0.068,2026-09-22T14:05:22.349+00:00,504336403758981
-5960440590074815494,024014-level-stage-i-15_min----,-1443942263144621270,024014,Copley - level-stage-i-15_min----,level,Water Level,Stage,900,,---,instantaneous,,,,2026-09-22T14:05:22.349+00:00,504336403758981
3620192910339351493,024015-level-stage-i-15_min-m,-2711024864220744896,024015,West Auckland - level-stage-i-15_min-m,level,Water Level,Stage,900,unit#Meter,m,instantaneous,,2026-09-22T13:15:00.000+00:00,0.128,2026-09-22T14:05:22.349+00:00,504336403758981
-3615405330964947233,024016-level-stage-i-15_min-m,1899619969480383204,024016,Bishop Auckland Dovecot Hill - level-stage-i-15_min-m,level,Water Level,Stage,900,unit#Meter,m,instantaneous,,2026-09-22T13:30:00.000+00:00,0.467,2026-09-22T14:05:22.349+00:00,504336403758981
1692562807213307849,024017-level-stage-i-15_min-m,-8324893036493034868,024017,Lanchester Front Street Bridge - level-stage-i-15_min-m,level,Water Level,Stage,900,unit#Meter,m,instantaneous,,2026-09-22T13:15:00.000+00:00,0.217,2026-09-22T14:05:22.349+00:00,504336403758981
-432683437776276991,024019-level-stage-i-15_min-m,-7542517444117252921,024019,Hetton Le Hole - level-stage-i-15_min-m,level,Water Level,Stage,900,unit#Meter,m,instantaneous,,2026-09-22T13:15:00.000+00:00,0.046,2026-09-22T14:05:22.349+00:00,504336403758981
299842399693188625,024023-level-stage-i-15_min----,-8461492133632170620,024023,West Auckland Oakley Cross - level-stage-i-15_min----,level,Water Level,Stage,900,,---,instantaneous,,,,2026-09-22T14:05:22.349+00:00,504336403758981
1622539033263698147,024023-level-stage-i-15_min-m,-8461492133632170620,024023,West Auckland Oakley Cross - level-stage-i-15_min-m,level,Water Level,Stage,900,unit#Meter,m,instantaneous,,2026-09-22T13:15:00.000+00:00,0.203,2026-09-22T14:05:22.349+00:00,504336403758981
-9050274137237808105,024024-level-downstage-i-15_min-m,6761727197291823540,024024,Spring Gardens Dam - level-downstage-i-15_min-m,level,Water Level,Downstream Stage,900,unit#Meter,m,instantaneous,,2026-09-22T13:15:00.000+00:00,0.101,2026-09-22T14:05:22.349+00:00,504336403758981
8239982187563671414,024024-level-1-i-15_min-m,6761727197291823540,024024,Spring Gardens Dam - level-1-i-15_min-m,level,Water Level,1,900,unit#Meter,m,instantaneous,,2026-09-22T13:15:00.000+00:00,0.497,2026-09-22T14:05:22.349+00:00,504336403758981
-8721855894868925088,024024-level-downstage-i-15_min----,6761727197291823540,024024,Spring Gardens Dam - level-downstage-i-15_min----,level,Water Level,Downstream Stage,900,,---,instantaneous,,,,2026-09-22T14:05:22.349+00:00,504336403758981
9001777406262585216,024024-level-1-i-15_min----,6761727197291823540,024024,Spring Gardens Dam - level-1-i-15_min----,level,Water Level,1,900,,---,instantaneous,,,,2026-09-22T14:05:22.349+00:00,504336403758981
4226680420484014728,024027-level-stage-i-15_min-m,-6486568682101036644,024027,Ramshaw - level-stage-i-15_min-m,level,Water Level,Stage,900,unit#Meter,m,instantaneous,,2026-09-22T13:15:00.000+00:00,0.028,2026-09-22T14:05:22.349+00:00,504336403758981
-4193212694391553948,024030-level-stage-i-15_min-m,5483143905692862071,024030,Crook West Bridge Street - level-stage-i-15_min-m,level,Water Level,Stage,900,unit#Meter,m,instantaneous,,2026-09-22T13:30:00.000+00:00,0.007,2026-09-22T14:05:22.349+00:00,504336403758981
8217926992894978718,024121-rainfall-tipping_bucket_raingauge-i-15_min-mm,4900108370495834867,024121,rainfall-tipping_bucket_raingauge-i-15_min-mm,rainfall,Rainfall,Tipping Bucket Raingauge,900,unit#Millimeter,mm,instantaneous,,2026-09-22T13:15:00.000+00:00,0,2026-09-22T14:05:22.349+00:00,504336403758981
3136278844275441991,024121-rainfall-tipping_bucket_raingauge-t-15_min-mm,4900108370495834867,024121,rainfall-tipping_bucket_raingauge-t-15_min-mm,rainfall,Rainfall,Tipping Bucket Raingauge,900,unit#Millimeter,mm,total,,,,2026-09-22T14:05:22.349+00:00,504336403758981
-8240401707754821622,025394-rainfall-tipping_bucket_raingauge-t-15_min-mm,213665824511649633,025394,rainfall-tipping_bucket_raingauge-t-15_min-mm,rainfall,Rainfall,Tipping Bucket Raingauge,900,unit#Millimeter,mm,total,,2026-09-22T13:15:00.000+00:00,0,2026-09-22T14:05:22.349+00:00,504336403758981
6012479653225101915,025878-rainfall-tipping_bucket_raingauge-t-15_min-mm,-3119086512374333021,025878,rainfall-tipping_bucket_raingauge-t-15_min-mm,rainfall,Rainfall,Tipping Bucket Raingauge,900,unit#Millimeter,mm,total,,2026-09-22T13:15:00.000+00:00,0,2026-09-22T14:05:22.349+00:00,504336403758981
-1194782817081521987,026090-rainfall-tipping_bucket_raingauge-t-15_min-mm,-7401501198915439096,026090,rainfall-tipping_bucket_raingauge-t-15_min-mm,rainfall,Rainfall,Tipping Bucket Raingauge,900,unit#Millimeter,mm,total,,2026-09-22T13:15:00.000+00:00,0,2026-09-22T14:05:22.349+00:00,504336403758981
-3298499284919130249,0260TH-level-downstage-i-15_min-mASD,2515139766321199721,0260TH,RIVER CHURN AT CIRENCESTER - level-downstage-i-15_min-mASD,level,Water Level,Downstream Stage,900,unit#Meter,mASD,instantaneous,http://environment.data.gov.uk/flood-monitoring/def/core/datumASD,2026-09-22T13:30:00.000+00:00,-0.034,2026-09-22T14:05:22.349+00:00,504336403758981
-6122162701634203830,0260TH-level-stage-i-15_min-mASD,2515139766321199721,0260TH,RIVER CHURN AT CIRENCESTER - level-stage-i-15_min-mASD,level,Water Level,Stage,900,unit#Meter,mASD,instantaneous,http://environment.data.gov.uk/flood-monitoring/def/core/datumASD,2026-09-22T13:30:00.000+00:00,0.099,2026-09-22T14:05:22.349+00:00,504336403758981
-5613133022933726002,026297-rainfall-tipping_bucket_raingauge-t-15_min-mm,7783088741638862905,026297,rainfall-tipping_bucket_raingauge-t-15_min-mm,rainfall,Rainfall,Tipping Bucket Raingauge,900,unit#Millimeter,mm,total,,2026-09-22T13:30:00.000+00:00,0,2026-09-22T14:05:22.349+00:00,504336403758981
8811882306031008184,026644-rainfall-tipping_bucket_raingauge-t-15_min-mm,4423770091900325517,026644,rainfall-tipping_bucket_raingauge-t-15_min-mm,rainfall,Rainfall,Tipping Bucket Raingauge,900,unit#Millimeter,mm,total,,2026-09-22T08:45:00.000+00:00,0,2026-09-22T14:05:22.349+00:00,504336403758981
3720512572742909601,026958-rainfall-tipping_bucket_raingauge-t-15_min-mm,780368753972399130,026958,rainfall-tipping_bucket_raingauge-t-15_min-mm,rainfall,Rainfall,Tipping Bucket Raingauge,900,unit#Millimeter,mm,total,,,,2026-09-22T14:05:22.349+00:00,504336403758981
419504123227466186,0278TH-level-stage-i-15_min-mASD,-1903803322110582622,0278TH,RIVER CHURN AT SOUTH CERNEY - level-stage-i-15_min-mASD,level,Water Level,Stage,900,unit#Meter,mASD,instantaneous,http://environment.data.gov.uk/flood-monitoring/def/core/datumASD,2026-09-22T13:30:00.000+00:00,0.287,2026-09-22T14:05:22.349+00:00,504336403758981
5332262334528566168,028185-rainfall-tipping_bucket_raingauge-t-15_min-mm,-1240896206893645320,028185,rainfall-tipping_bucket_raingauge-t-15_min-mm,rainfall,Rainfall,Tipping Bucket Raingauge,900,unit#Millimeter,mm,total,,,,2026-09-22T14:05:22.349+00:00,504336403758981
-405380853228997781,028185-rainfall-tipping_bucket_raingauge-i-15_min-mm,-1240896206893645320,028185,rainfall-tipping_bucket_raingauge-i-15_min-mm,rainfall,Rainfall,Tipping Bucket Raingauge,900,unit#Millimeter,mm,instantaneous,,2026-09-22T13:15:00.000+00:00,0,2026-09-22T14:05:22.349+00:00,504336403758981
6671176127873881852,028502-rainfall-tipping_bucket_raingauge-t-15_min-mm,-6503872114946184419,028502,rainfall-tipping_bucket_raingauge-t-15_min-mm,rainfall,Rainfall,Tipping Bucket Raingauge,900,unit#Millimeter,mm,total,,2026-09-22T13:30:00.000+00:00,0,2026-09-22T14:05:22.349+00:00,504336403758981
-1869460562198651043,0290TH-level-stage-i-15_min-mASD,5586603140338643543,0290TH,RIVER CHURN AT CERNEY WICK - level-stage-i-15_min-mASD,level,Water Level,Stage,900,unit#Meter,mASD,instantaneous,http://environment.data.gov.uk/flood-monitoring/def/core/datumASD,2026-09-21T08:00:00.000+00:00,-0.089,2026-09-22T14:05:22.349+00:00,504336403758981
513909457484814948,0290TH-level-downstage-i-15_min----,5586603140338643543,0290TH,RIVER CHURN AT CERNEY WICK - level-downstage-i-15_min----,level,Water Level,Downstream Stage,900,,---,instantaneous,,,,2026-09-22T14:05:22.349+00:00,504336403758981
-8187629430579703270,0290TH-level-downstage-i-15_min-mASD,5586603140338643543,0290TH,RIVER CHURN AT CERNEY WICK - level-downstage-i-15_min-mASD,level,Water Level,Downstream Stage,900,unit#Meter,mASD,instantaneous,http://environment.data.gov.uk/flood-monitoring/def/core/datumASD,2026-09-21T08:00:00.000+00:00,-0.218,2026-09-22T14:05:22.349+00:00,504336403758981
-7929286793279016648,0290TH-level-stage-i-15_min----,5586603140338643543,0290TH,RIVER CHURN AT CERNEY WICK - level-stage-i-15_min----,level,Water Level,Stage,900,,---,instantaneous,,,,2026-09-22T14:05:22.349+00:00,504336403758981
-2249885654351687768,0301TH-level-stage-i-15_min-mASD,9145549715945790366,0301TH,Highworth Bridge RL - level-stage-i-15_min-mASD,level,Water Level,Stage,900,unit#Meter,mASD,instantaneous,http://environment.data.gov.uk/flood-monitoring/def/core/datumASD,2026-09-22T13:30:00.000+00:00,0.053,2026-09-22T14:05:22.349+00:00,504336403758981
1305459695502806339,030377-rainfall-tipping_bucket_raingauge-t-15_min-mm,-2998010646463962178,030377,rainfall-tipping_bucket_raingauge-t-15_min-mm,rainfall,Rainfall,Tipping Bucket Raingauge,900,unit#Millimeter,mm,total,,2026-09-22T13:15:00.000+00:00,0,2026-09-22T14:05:22.349+00:00,504336403758981
-2637389678169446342,0305SO-level-stage-i-15_min-mASD,9045526119345037378,0305SO,LINGFIELD RACECOURSE RL - level-stage-i-15_min-mASD,level,Water Level,Stage,900,unit#Meter,mASD,instantaneous,http://environment.data.gov.uk/flood-monitoring/def/core/datumASD,2026-09-22T13:30:00.000+00:00,1.241,2026-09-22T14:05:22.349+00:00,504336403758981
-3524836593112254537,0305SO-level-stage-i-15_min-mAOD,9045526119345037378,0305SO,LINGFIELD RACECOURSE RL - level-stage-i-15_min-mAOD,level,Water Level,Stage,900,unit#Meter,mAOD,instantaneous,http://environment.data.gov.uk/flood-monitoring/def/core/datumAOD,,,2026-09-22T14:05:22.349+00:00,504336403758981
-1671901197648768398,0311TH-level-stage-i-15_min-mASD,-1473710830781468213,0311TH,RIVER RAY AT RUSHEY PLATT - level-stage-i-15_min-mASD,level,Water Level,Stage,900,unit#Meter,mASD,instantaneous,http://environment.data.gov.uk/flood-monitoring/def/core/datumASD,2026-09-22T13:30:00.000+00:00,0.726,2026-09-22T14:05:22.349+00:00,504336403758981
2587725442171440941,031555-rainfall-tipping_bucket_raingauge-t-15_min-mm,2164837362570845579,031555,rainfall-tipping_bucket_raingauge-t-15_min-mm,rainfall,Rainfall,Tipping Bucket Raingauge,900,unit#Millimeter,mm,total,,2026-09-22T13:15:00.000+00:00,0,2026-09-22T14:05:22.349+00:00,504336403758981
-7518795613904268190,0319TH-level-stage-i-15_min-mASD,-8470575211727675392,0319TH,River Ray (Wilts) at Rodbourne - level-stage-i-15_min-mASD,level,Water Level,Stage,900,unit#Meter,mASD,instantaneous,http://environment.data.gov.uk/flood-monitoring/def/core/datumASD,2026-09-22T13:30:00.000+00:00,0.161,2026-09-22T14:05:22.349+00:00,504336403758981
3453366436083056879,0321TH-level-stage-i-15_min-mAOD,641505466249085990,0321TH,Huntsmoor Weir - level-stage-i-15_min-mAOD,level,Water Level,Stage,900,unit#Meter,mAOD,instantaneous,http://environment.data.gov.uk/flood-monitoring/def/core/datumAOD,2026-09-22T13:30:00.000+00:00,27.365,2026-09-22T14:05:22.349+00:00,504336403758981
-188801504893334074,0321TH-level-stage-i-15_min-mm,641505466249085990,0321TH,Huntsmoor Weir - level-stage-i-15_min-mm,level,Water Level,Stage,900,unit#Millimeter,mm,instantaneous,,,,2026-09-22T14:05:22.349+00:00,504336403758981
-5265835614788237283,0323SO-rainfall-tipping_bucket_raingauge-t-15_min-mm,-14682627133310596,0323SO,rainfall-tipping_bucket_raingauge-t-15_min-mm,rainfall,Rainfall,Tipping Bucket Raingauge,900,unit#Millimeter,mm,total,,,,2026-09-22T14:05:22.349+00:00,504336403758981
9181799722725510302,032822-rainfall-tipping_bucket_raingauge-t-15_min-mm,2987763227436956807,032822,rainfall-tipping_bucket_raingauge-t-15_min-mm,rainfall,Rainfall,Tipping Bucket Raingauge,900,unit#Millimeter,mm,total,,2026-09-22T13:30:00.000+00:00,0,2026-09-22T14:05:22.349+00:00,504336403758981
-8235682847493443009,0328TH-level-downstage-i-15_min-mAOD,4550486819588910357,0328TH,Field End Road FD - level-downstage-i-15_min-mAOD,level,Water Level,Downstream Stage,900,unit#Meter,mAOD,instantaneous,http://environment.data.gov.uk/flood-monitoring/def/core/datumAOD,,,2026-09-22T14:05:22.349+00:00,504336403758981
34021545487319245,0328TH-level-stage-i-15_min-mAOD,4550486819588910357,0328TH,Field End Road FD - level-stage-i-15_min-mAOD,level,Water Level,Stage,900,unit#Meter,mAOD,instantaneous,http://environment.data.gov.uk/flood-monitoring/def/core/datumAOD,2026-09-22T13:30:00.000+00:00,34.69,2026-09-22T14:05:22.349+00:00,504336403758981
-5902538755782331480,033108NE-rainfall-tipping_bucket_raingauge-t-15_min-mm,-1874987810450116916,033108NE,rainfall-tipping_bucket_raingauge-t-15_min-mm,rainfall,Rainfall,Tipping Bucket Raingauge,900,unit#Millimeter,mm,total,,2026-09-22T13:15:00.000+00:00,0,2026-09-22T14:05:22.349+00:00,504336403758981
-7911564933642210008,0331TH-level-stage-i-15_min-mASD,-3359645692763937590,0331TH,Eastbury Road RL - level-stage-i-15_min-mASD,level,Water Level,Stage,900,unit#Meter,mASD,instantaneous,http://environment.data.gov.uk/flood-monitoring/def/core/datumASD,,,2026-09-22T14:05:22.349+00:00,504336403758981
1562198001896877078,0331TH-wind-stage-i-15_min-mASD,-3359645692763937590,0331TH,Eastbury Road RL - wind-stage-i-15_min-mASD,wind,Wind,Stage,900,unit#Meter,mASD,instantaneous,http://environment.data.gov.uk/flood-monitoring/def/core/datumASD,,,2026-09-22T14:05:22.349+00:00,504336403758981
1458448853423323953,034091-rainfall-tipping_bucket_raingauge-t-15_min-mm,-1104432796969374517,034091,rainfall-tipping_bucket_raingauge-t-15_min-mm,rainfall,Rainfall,Tipping Bucket Raingauge,900,unit#Millimeter,mm,total,,2026-09-22T13:30:00.000+00:00,0,2026-09-22T14:05:22.349+00:00,504336403758981
-4282806075543534555,0340TH-level-downstage-i-15_min-mASD,5502262205479403142,0340TH,Markyate FSA - level-downstage-i-15_min-mASD,level,Water Level,Downstream Stage,900,unit#Meter,mASD,instantaneous,http://environment.data.gov.uk/flood-monitoring/def/core/datumASD,,,2026-09-22T14:05:22.349+00:00,504336403758981
8242767853554707263,034459-rainfall-tipping_bucket_raingauge-t-15_min-mm,675306993225444726,034459,rainfall-tipping_bucket_raingauge-t-15_min-mm,rainfall,Rainfall,Tipping Bucket Raingauge,900,unit#Millimeter,mm,total,,,,2026-09-22T14:05:22.349+00:00,504336403758981
-3071353953169104980,035024NE-rainfall-tipping_bucket_raingauge-i-15_min-mm,-6076689158110856506,035024NE,rainfall-tipping_bucket_raingauge-i-15_min-mm,rainfall,Rainfall,Tipping Bucket Raingauge,900,unit#Millimeter,mm,instantaneous,,2026-09-22T13:15:00.000+00:00,0,2026-09-22T14:05:22.349+00:00,504336403758981
-6327240379974019425,035024NE-rainfall-tipping_bucket_raingauge-t-15_min-mm,-6076689158110856506,035024NE,rainfall-tipping_bucket_raingauge-t-15_min-mm,rainfall,Rainfall,Tipping Bucket Raingauge,900,unit#Millimeter,mm,total,,,,2026-09-22T14:05:22.349+00:00,504336403758981
7190490328019020334,0350TH-level-stage-i-15_min-mm,1932254176433412841,0350TH,Rainham Main FD - level-stage-i-15_min-mm,level,Water Level,Stage,900,unit#Millimeter,mm,instantaneous,,,,2026-09-22T14:05:22.349+00:00,504336403758981
-2568329812454128772,0350TH-level-downstage-i-15_min-mAOD,1932254176433412841,0350TH,Rainham Main FD - level-downstage-i-15_min-mAOD,level,Water Level,Downstream Stage,900,unit#Meter,mAOD,instantaneous,http://environment.data.gov.uk/flood-monitoring/def/core/datumAOD,2026-09-22T13:30:00.000+00:00,-0.527,2026-09-22T14:05:22.349+00:00,504336403758981
7607176938258578076,0350TH-level-stage-i-15_min-mAOD,1932254176433412841,0350TH,Rainham Main FD - level-stage-i-15_min-mAOD,level,Water Level,Stage,900,unit#Meter,mAOD,instantaneous,http://environment.data.gov.uk/flood-monitoring/def/core/datumAOD,2026-09-22T13:30:00.000+00:00,-1.254,2026-09-22T14:05:22.349+00:00,504336403758981
7744507719953018537,0350TH-level-stage-i-15_min-mASD,1932254176433412841,0350TH,Rainham Main FD - level-stage-i-15_min-mASD,level,Water Level,Stage,900,unit#Meter,mASD,instantaneous,http://environment.data.gov.uk/flood-monitoring/def/core/datumASD,,,2026-09-22T14:05:22.349+00:00,504336403758981
2542287571300361108,035103-rainfall-tipping_bucket_raingauge-i-15_min-mm,-2613630559233851339,035103,rainfall-tipping_bucket_raingauge-i-15_min-mm,rainfall,Rainfall,Tipping Bucket Raingauge,900,unit#Millimeter,mm,instantaneous,,2026-09-22T13:15:00.000+00:00,0,2026-09-22T14:05:22.349+00:00,504336403758981
8196157385095577586,035103-rainfall-tipping_bucket_raingauge-t-15_min-mm,-2613630559233851339,035103,rainfall-tipping_bucket_raingauge-t-15_min-mm,rainfall,Rainfall,Tipping Bucket Raingauge,900,unit#Millimeter,mm,total,,,,2026-09-22T14:05:22.349+00:00,504336403758981
-4014138024880157089,035302-rainfall-tipping_bucket_raingauge-i-15_min-mm,-2112222276382379888,035302,rainfall-tipping_bucket_raingauge-i-15_min-mm,rainfall,Rainfall,Tipping Bucket Raingauge,900,unit#Millimeter,mm,instantaneous,,2026-09-22T13:15:00.000+00:00,0,2026-09-22T14:05:22.349+00:00,504336403758981
-264174364675926877,035302-rainfall-tipping_bucket_raingauge-t-15_min-mm,-2112222276382379888,035302,rainfall-tipping_bucket_raingauge-t-15_min-mm,rainfall,Rainfall,Tipping Bucket Raingauge,900,unit#Millimeter,mm,total,,,,2026-09-22T14:05:22.349+00:00,504336403758981
-7369393426949315953,035305-rainfall-tipping_bucket_raingauge-t-15_min-mm,-7072284632053194334,035305,rainfall-tipping_bucket_raingauge-t-15_min-mm,rainfall,Rainfall,Tipping Bucket Raingauge,900,unit#Millimeter,mm,total,,,,2026-09-22T14:05:22.349+00:00,504336403758981
-4157284734354507500,035305-rainfall-tipping_bucket_raingauge-i-15_min-mm,-7072284632053194334,035305,rainfall-tipping_bucket_raingauge-i-15_min-mm,rainfall,Rainfall,Tipping Bucket Raingauge,900,unit#Millimeter,mm,instantaneous,,2026-09-22T13:15:00.000+00:00,0,2026-09-22T14:05:22.349+00:00,504336403758981
6792073633878809817,035488-rainfall-tipping_bucket_raingauge-t-15_min-mm,-7429181035677337706,035488,rainfall-tipping_bucket_raingauge-t-15_min-mm,rainfall,Rainfall,Tipping Bucket Raingauge,900,unit#Millimeter,mm,total,,,,2026-09-22T14:05:22.349+00:00,504336403758981
-4651611899409058789,035488-rainfall-tipping_bucket_raingauge-i-15_min-mm,-7429181035677337706,035488,rainfall-tipping_bucket_raingauge-i-15_min-mm,rainfall,Rainfall,Tipping Bucket Raingauge,900,unit#Millimeter,mm,instantaneous,,2026-09-22T13:15:00.000+00:00,0,2026-09-22T14:05:22.349+00:00,504336403758981
-8224133063729926037,036225-rainfall-tipping_bucket_raingauge-t-15_min-mm,650229451800050271,036225,rainfall-tipping_bucket_raingauge-t-15_min-mm,rainfall,Rainfall,Tipping Bucket Raingauge,900,unit#Millimeter,mm,total,,,,2026-09-22T14:05:22.349+00:00,504336403758981
-2690679806275934057,036225-rainfall-tipping_bucket_raingauge-i-15_min-mm,650229451800050271,036225,rainfall-tipping_bucket_raingauge-i-15_min-mm,rainfall,Rainfall,Tipping Bucket Raingauge,900,unit#Millimeter,mm,instantaneous,,2026-09-22T13:15:00.000+00:00,0,2026-09-22T14:05:22.349+00:00,504336403758981
-5365942198573648213,036487-rainfall-tipping_bucket_raingauge-i-15_min-mm,-877950134626602534,036487,rainfall-tipping_bucket_raingauge-i-15_min-mm,rainfall,Rainfall,Tipping Bucket Raingauge,900,unit#Millimeter,mm,instantaneous,,2026-09-22T13:30:00.000+00:00,0,2026-09-22T14:05:22.349+00:00,504336403758981
2744616443384106838,036487-rainfall-tipping_bucket_raingauge-t-15_min-mm,-877950134626602534,036487,rainfall-tipping_bucket_raingauge-t-15_min-mm,rainfall,Rainfall,Tipping Bucket Raingauge,900,unit#Millimeter,mm,total,,,,2026-09-22T14:05:22.349+00:00,504336403758981
-7446786141173677211,036704-rainfall-tipping_bucket_raingauge-t-15_min-mm,-112189298584552517,036704,rainfall-tipping_bucket_raingauge-t-15_min-mm,rainfall,Rainfall,Tipping Bucket Raingauge,900,unit#Millimeter,mm,total,,,,2026-09-22T14:05:22.349+00:00,504336403758981
5726095547041669363,036704-rainfall-tipping_bucket_raingauge-i-15_min-mm,-112189298584552517,036704,rainfall-tipping_bucket_raingauge-i-15_min-mm,rainfall,Rainfall,Tipping Bucket Raingauge,900,unit#Millimeter,mm,instantaneous,,2026-09-22T13:15:00.000+00:00,0,2026-09-22T14:05:22.349+00:00,504336403758981
6598646300348752630,037239-rainfall-tipping_bucket_raingauge-t-15_min-mm,2953781550235513217,037239,rainfall-tipping_bucket_raingauge-t-15_min-mm,rainfall,Rainfall,Tipping Bucket Raingauge,900,unit#Millimeter,mm,total,,2026-09-22T13:30:00.000+00:00,0,2026-09-22T14:05:22.349+00:00,504336403758981
-7838410734191811072,037292-rainfall-tipping_bucket_raingauge-t-15_min-mm,-5930656175987756119,037292,rainfall-tipping_bucket_raingauge-t-15_min-mm,rainfall,Rainfall,Tipping Bucket Raingauge,900,unit#Millimeter,mm,total,,2026-09-22T13:30:00.000+00:00,0,2026-09-22T14:05:22.349+00:00,504336403758981
-814460029726422737,037973-rainfall-tipping_bucket_raingauge-t-15_min-mm,4461124825087288146,037973,rainfall-tipping_bucket_raingauge-t-15_min-mm,rainfall,Rainfall,Tipping Bucket Raingauge,900,unit#Millimeter,mm,total,,2026-09-22T13:30:00.000+00:00,0,2026-09-22T14:05:22.349+00:00,504336403758981
-3501809284737906875,038179-rainfall-tipping_bucket_raingauge-i-15_min-mm,-5251704214318082115,038179,rainfall-tipping_bucket_raingauge-i-15_min-mm,rainfall,Rainfall,Tipping Bucket Raingauge,900,unit#Millimeter,mm,instantaneous,,2026-09-22T13:15:00.000+00:00,0,2026-09-22T14:05:22.349+00:00,504336403758981
5217299532280582995,038179-rainfall-tipping_bucket_raingauge-t-15_min-mm,-5251704214318082115,038179,rainfall-tipping_bucket_raingauge-t-15_min-mm,rainfall,Rainfall,Tipping Bucket Raingauge,900,unit#Millimeter,mm,total,,,,2026-09-22T14:05:22.349+00:00,504336403758981
7717474492279345664,038476-rainfall-tipping_bucket_raingauge-t-15_min-mm,2047577163409122626,038476,rainfall-tipping_bucket_raingauge-t-15_min-mm,rainfall,Rainfall,Tipping Bucket Raingauge,900,unit#Millimeter,mm,total,,,,2026-09-22T14:05:22.349+00:00,504336403758981
-2235855424609185555,0390TH-level-stage-i-15_min-mASD,7551534846390122802,0390TH,RIVER RAY (WILTS) AT WATER EATON - level-stage-i-15_min-mASD,level,Water Level,Stage,900,unit#Meter,mASD,instantaneous,http://environment.data.gov.uk/flood-monitoring/def/core/datumASD,2026-09-22T13:30:00.000+00:00,0.939,2026-09-22T14:05:22.349+00:00,504336403758981
836786466321327019,0390TH-flow--Mean-15_min----,7551534846390122802,0390TH,RIVER RAY (WILTS) AT WATER EATON - flow--Mean-15_min----,flow,Flow,,900,,---,mean,,,,2026-09-22T14:05:22.349+00:00,504336403758981
-4012068718320328234,0390TH-flow--Mean-15_min-m3_s,7551534846390122802,0390TH,RIVER RAY (WILTS) AT WATER EATON - flow--Mean-15_min-m3_s,flow,Flow,,900,unit#CubicMeterPerSecond,m3/s,mean,,2026-09-22T13:30:00.000+00:00,0.289,2026-09-22T14:05:22.349+00:00,504336403758981
2399519321374064513,039163-rainfall-tipping_bucket_raingauge-t-15_min-mm,2655994766966314657,039163,rainfall-tipping_bucket_raingauge-t-15_min-mm,rainfall,Rainfall,Tipping Bucket Raingauge,900,unit#Millimeter,mm,total,,2026-09-22T13:30:00.000+00:00,0,2026-09-22T14:05:22.349+00:00,504336403758981
-3976614580444947426,039268-rainfall-tipping_bucket_raingauge-t-15_min-mm,1599769460988958727,039268,rainfall-tipping_bucket_raingauge-t-15_min-mm,rainfall,Rainfall,Tipping Bucket Raingauge,900,unit#Millimeter,mm,total,,2026-09-22T13:15:00.000+00:00,0,2026-09-22T14:05:22.349+00:00,504336403758981
9097884250451063577,040301001-level-groundwater-i-1_h-mAOD,601780011562883999,040301001,CARISBROOKE GWL - level-groundwater-i-1_h-mAOD,level,Water Level,Groundwater,3600,unit#Meter,mAOD,instantaneous,http://environment.data.gov.uk/flood-monitoring/def/core/datumAOD,2026-09-22T13:00:00.000+00:00,24.736,2026-09-22T14:05:22.349+00:00,504336403758981
6455190414355845397,040492-rainfall-tipping_bucket_raingauge-t-15_min-mm,4039573751625861214,040492,rainfall-tipping_bucket_raingauge-t-15_min-mm,rainfall,Rainfall,Tipping Bucket Raingauge,900,unit#Millimeter,mm,total,,2026-09-22T13:15:00.000+00:00,0,2026-09-22T14:05:22.349+00:00,504336403758981
6180889216089535774,040752-rainfall-tipping_bucket_raingauge-t-15_min-mm,6449236222040117940,040752,rainfall-tipping_bucket_raingauge-t-15_min-mm,rainfall,Rainfall,Tipping Bucket Raingauge,900,unit#Millimeter,mm,total,,,,2026-09-22T14:05:22.349+00:00,504336403758981
1563084440708577129,040752-rainfall-tipping_bucket_raingauge-i-15_min-mm,6449236222040117940,040752,rainfall-tipping_bucket_raingauge-i-15_min-mm,rainfall,Rainfall,Tipping Bucket Raingauge,900,unit#Millimeter,mm,instantaneous,,2026-09-22T13:15:00.000+00:00,0,2026-09-22T14:05:22.349+00:00,504336403758981
-6051436936977889893,041238-rainfall-tipping_bucket_raingauge-t-15_min-mm,-2633936113247987153,041238,rainfall-tipping_bucket_raingauge-t-15_min-mm,rainfall,Rainfall,Tipping Bucket Raingauge,900,unit#Millimeter,mm,total,,2026-09-22T13:15:00.000+00:00,0,2026-09-22T14:05:22.349+00:00,504336403758981
5349831062891729554,041917-rainfall-tipping_bucket_raingauge-t-15_min-mm,-1817454148594059239,041917,rainfall-tipping_bucket_raingauge-t-15_min-mm,rainfall,Rainfall,Tipping Bucket Raingauge,900,unit#Millimeter,mm,total,,,,2026-09-22T14:05:22.349+00:00,504336403758981
7929665308725200966,041917-rainfall-tipping_bucket_raingauge-i-15_min-mm,-1817454148594059239,041917,rainfall-tipping_bucket_raingauge-i-15_min-mm,rainfall,Rainfall,Tipping Bucket Raingauge,900,unit#Millimeter,mm,instantaneous,,2026-09-22T13:15:00.000+00:00,0,2026-09-22T14:05:22.349+00:00,504336403758981
-5913541512108416710,0422SO-rainfall-water-t-15_min-mm,1882659469872656251,0422SO,rainfall-water-t-15_min-mm,rainfall,Rainfall,Water,900,unit#Millimeter,mm,total,,,,2026-09-22T14:05:22.349+00:00,504336403758981
2720904698189792763,0422SO-rainfall-tipping_bucket_raingauge-t-15_min-mm,1882659469872656251,0422SO,rainfall-tipping_bucket_raingauge-t-15_min-mm,rainfall,Rainfall,Tipping Bucket Raingauge,900,unit#Millimeter,mm,total,,,,2026-09-22T14:05:22.349+00:00,504336403758981
-4288293527843618803,043533-rainfall-tipping_bucket_raingauge-t-15_min-mm,-3159588336848898893,043533,rainfall-tipping_bucket_raingauge-t-15_min-mm,rainfall,Rainfall,Tipping Bucket Raingauge,900,unit#Millimeter,mm,total,,2026-09-22T13:30:00.000+00:00,0,2026-09-22T14:05:22.349+00:00,504336403758981
-2993744424673621417,046222-rainfall-tipping_bucket_raingauge-i-15_min-mm,-916059231855887489,046222,rainfall-tipping_bucket_raingauge-i-15_min-mm,rainfall,Rainfall,Tipping Bucket Raingauge,900,unit#Millimeter,mm,instantaneous,,2026-09-22T13:15:00.000+00:00,0,2026-09-22T14:05:22.349+00:00,504336403758981
-2481610168561676621,046222-rainfall-tipping_bucket_raingauge-t-15_min-mm,-916059231855887489,046222,rainfall-tipping_bucket_raingauge-t-15_min-mm,rainfall,Rainfall,Tipping Bucket Raingauge,900,unit#Millimeter,mm,total,,,,2026-09-22T14:05:22.349+00:00,504336403758981
1045989958798218401,0470TH-level-downstage-i-15_min-mASD,1058270382780608674,0470TH,AMPNEY BROOK AT AMPNEY ST. PETER - level-downstage-i-15_min-mASD,level,Water Level,Downstream Stage,900,unit#Meter,mASD,instantaneous,http://environment.data.gov.uk/flood-monitoring/def/core/datumASD,2026-09-22T13:30:00.000+00:00,-0.499,2026-09-22T14:05:22.349+00:00,504336403758981
4268208646891590251,0470TH-level-stage-i-15_min-mASD,1058270382780608674,0470TH,AMPNEY BROOK AT AMPNEY ST. PETER - level-stage-i-15_min-mASD,level,Water Level,Stage,900,unit#Meter,mASD,instantaneous,http://environment.data.gov.uk/flood-monitoring/def/core/datumASD,2026-09-22T13:30:00.000+00:00,0.096,2026-09-22T14:05:22.349+00:00,504336403758981
-2559805134709080492,047281-rainfall-tipping_bucket_raingauge-t-15_min-mm,6350754103782114364,047281,rainfall-tipping_bucket_raingauge-t-15_min-mm,rainfall,Rainfall,Tipping Bucket Raingauge,900,unit#Millimeter,mm,total,,2026-09-22T05:30:00.000+00:00,0,2026-09-22T14:05:22.349+00:00,504336403758981
-825828073622051137,047439-rainfall-tipping_bucket_raingauge-t-15_min-mm,2176050815871011554,047439,rainfall-tipping_bucket_raingauge-t-15_min-mm,rainfall,Rainfall,Tipping Bucket Raingauge,900,unit#Millimeter,mm,total,,2026-09-22T13:15:00.000+00:00,0,2026-09-22T14:05:22.349+00:00,504336403758981
3387056864564308252,048718-rainfall-tipping_bucket_raingauge-i-15_min-mm,-6553075209405485442,048718,rainfall-tipping_bucket_raingauge-i-15_min-mm,rainfall,Rainfall,Tipping Bucket Raingauge,900,unit#Millimeter,mm,instantaneous,,2026-09-22T13:15:00.000+00:00,0,2026-09-22T14:05:22.349+00:00,504336403758981
7016234438521874110,0490TH-level-downstage-i-15_min-mASD,8252079708140224060,0490TH,AMPNEY BROOK AT SHEEPPEN BRIDGE - level-downstage-i-15_min-mASD,level,Water Level,Downstream Stage,900,unit#Meter,mASD,instantaneous,http://environment.data.gov.uk/flood-monitoring/def/core/datumASD,2026-09-22T13:30:00.000+00:00,-0.074,2026-09-22T14:05:22.349+00:00,504336403758981
136014320835442927,0490TH-level-stage-i-15_min-mASD,8252079708140224060,0490TH,AMPNEY BROOK AT SHEEPPEN BRIDGE - level-stage-i-15_min-mASD,level,Water Level,Stage,900,unit#Meter,mASD,instantaneous,http://environment.data.gov.uk/flood-monitoring/def/core/datumASD,2026-09-22T13:30:00.000+00:00,-0.098,2026-09-22T14:05:22.349+00:00,504336403758981
6973853299657391346,049902-rainfall-tipping_bucket_raingauge-t-15_min-mm,5293479099483931617,049902,rainfall-tipping_bucket_raingauge-t-15_min-mm,rainfall,Rainfall,Tipping Bucket Raingauge,900,unit#Millimeter,mm,total,,2026-09-22T13:15:00.000+00:00,0,2026-09-22T14:05:22.349+00:00,504336403758981
-5479324570203065978,050301012-level-stage-i-15_min-mASD,2659280248338928881,050301012,Chillerton GS - level-stage-i-15_min-mASD,level,Water Level,Stage,900,unit#Meter,mASD,instantaneous,http://environment.data.gov.uk/flood-monitoring/def/core/datumASD,2026-09-22T07:00:00.000+00:00,0.269,2026-09-22T14:05:22.349+00:00,504336403758981
-2267917829174213016,0503SO-level-stage-i-15_min-mASD,359368673755812524,0503SO,STONE BRIDGE GS - level-stage-i-15_min-mASD,level,Water Level,Stage,900,unit#Meter,mASD,instantaneous,http://environment.data.gov.uk/flood-monitoring/def/core/datumASD,2026-09-22T13:30:00.000+00:00,0.293,2026-09-22T14:05:22.349+00:00,504336403758981
-778545685912449204,0503SOa-level-stage-i-15_min-mASD,-1535904333709202203,0503SOa,STONE BRIDGE GS - level-stage-i-15_min-mASD,level,Water Level,Stage,900,unit#Meter,mASD,instantaneous,http://environment.data.gov.uk/flood-monitoring/def/core/datumASD,2026-09-22T13:30:00.000+00:00,0.293,2026-09-22T14:05:22.349+00:00,504336403758981
-5920602875302492893,0503SOa-level-stage-i-15_min-mAOD,-1535904333709202203,0503SOa,STONE BRIDGE GS - level-stage-i-15_min-mAOD,level,Water Level,Stage,900,unit#Meter,mAOD,instantaneous,http://environment.data.gov.uk/flood-monitoring/def/core/datumAOD,,,2026-09-22T14:05:22.349+00:00,504336403758981
6843846064671935652,051250-rainfall-tipping_bucket_raingauge-t-15_min-mm,-619173810747076302,051250,rainfall-tipping_bucket_raingauge-t-15_min-mm,rainfall,Rainfall,Tipping Bucket Raingauge,900,unit#Millimeter,mm,total,,2026-09-22T05:30:00.000+00:00,0,2026-09-22T14:05:22.349+00:00,504336403758981
-7293371768314375346,051729-rainfall-tipping_bucket_raingauge-t-15_min-mm,5408974631106294841,051729,rainfall-tipping_bucket_raingauge-t-15_min-mm,rainfall,Rainfall,Tipping Bucket Raingauge,900,unit#Millimeter,mm,total,,2026-09-22T05:30:00.000+00:00,0,2026-09-22T14:05:22.349+00:00,504336403758981
-1627866771430991122,052287-rainfall-tipping_bucket_raingauge-i-15_min-mm,2211799941045992169,052287,rainfall-tipping_bucket_raingauge-i-15_min-mm,rainfall,Rainfall,Tipping Bucket Raingauge,900,unit#Millimeter,mm,instantaneous,,2026-09-22T13:15:00.000+00:00,0,2026-09-22T14:05:22.349+00:00,504336403758981
-3333877468967498426,052287-rainfall-tipping_bucket_raingauge-t-15_min-mm,2211799941045992169,052287,rainfall-tipping_bucket_raingauge-t-15_min-mm,rainfall,Rainfall,Tipping Bucket Raingauge,900,unit#Millimeter,mm,total,,,,2026-09-22T14:05:22.349+00:00,504336403758981
6715833904562431887,0530TH-level-downstage-i-15_min-mASD,-9071186438381632539,0530TH,MARSTON MEYSEY BROOK AT WHETSTONE BRIDGE - level-downstage-i-15_min-mASD,level,Water Level,Downstream Stage,900,unit#Meter,mASD,instantaneous,http://environment.data.gov.uk/flood-monitoring/def/core/datumASD,2026-09-22T13:30:00.000+00:00,0.007,2026-09-22T14:05:22.349+00:00,504336403758981
5934997094059725267,0530TH-level-stage-i-15_min-mASD,-9071186438381632539,0530TH,MARSTON MEYSEY BROOK AT WHETSTONE BRIDGE - level-stage-i-15_min-mASD,level,Water Level,Stage,900,unit#Meter,mASD,instantaneous,http://environment.data.gov.uk/flood-monitoring/def/core/datumASD,2026-09-22T13:30:00.000+00:00,0.083,2026-09-22T14:05:22.349+00:00,504336403758981
-4113290146717947129,053532-rainfall-tipping_bucket_raingauge-t-15_min-mm,-2962886467857055541,053532,rainfall-tipping_bucket_raingauge-t-15_min-mm,rainfall,Rainfall,Tipping Bucket Raingauge,900,unit#Millimeter,mm,total,,,,2026-09-22T14:05:22.349+00:00,504336403758981
8209674012845595672,053532-rainfall-tipping_bucket_raingauge-i-15_min-mm,-2962886467857055541,053532,rainfall-tipping_bucket_raingauge-i-15_min-mm,rainfall,Rainfall,Tipping Bucket Raingauge,900,unit#Millimeter,mm,instantaneous,,2026-09-22T13:30:00.000+00:00,0,2026-09-22T14:05:22.349+00:00,504336403758981
3733134525537599564,0540-level-groundwater-i-15_min-mBDAT,2635120295042188169,0540,Cow Lane OBH - level-groundwater-i-15_min-mBDAT,level,Water Level,Groundwater,900,unit#Meter,mBDAT,instantaneous,http://environment.data.gov.uk/flood-monitoring/def/core/datumBDAT,,,2026-09-22T14:05:22.349+00:00,504336403758981
-5411981777010614495,054371-rainfall-tipping_bucket_raingauge-t-15_min-mm,3232386678137451201,054371,rainfall-tipping_bucket_raingauge-t-15_min-mm,rainfall,Rainfall,Tipping Bucket Raingauge,900,unit#Millimeter,mm,total,,2026-09-22T13:15:00.000+00:00,0,2026-09-22T14:05:22.349+00:00,504336403758981
4785046688439937049,054507-rainfall-tipping_bucket_raingauge-t-15_min-mm,-898402034464189847,054507,rainfall-tipping_bucket_raingauge-t-15_min-mm,rainfall,Rainfall,Tipping Bucket Raingauge,900,unit#Millimeter,mm,total,,,,2026-09-22T14:05:22.349+00:00,504336403758981
-3323140644102971500,054507-rainfall-tipping_bucket_raingauge-i-15_min-mm,-898402034464189847,054507,rainfall-tipping_bucket_raingauge-i-15_min-mm,rainfall,Rainfall,Tipping Bucket Raingauge,900,unit#Millimeter,mm,instantaneous,,2026-09-22T13:15:00.000+00:00,0,2026-09-22T14:05:22.349+00:00,504336403758981
1579982355973197675,054604-rainfall-tipping_bucket_raingauge-t-15_min-mm,-8214340699519988239,054604,rainfall-tipping_bucket_raingauge-t-15_min-mm,rainfall,Rainfall,Tipping Bucket Raingauge,900,unit#Millimeter,mm,total,,2026-09-22T13:15:00.000+00:00,0,2026-09-22T14:05:22.349+00:00,504336403758981
6755640948728046634,055002_TG_301-level-stage-i-15_min-mASD,-5639911974121035904,055002_TG_301,Belmont LVL - level-stage-i-15_min-mASD,level,Water Level,Stage,900,unit#Meter,mASD,instantaneous,http://environment.data.gov.uk/flood-monitoring/def/core/datumASD,2026-09-22T13:30:00.000+00:00,0.477,2026-09-22T14:05:22.349+00:00,504336403758981
6943072187992617160,055003_TG_316-level-stage-i-15_min-mASD,-9007395807212217558,055003_TG_316,Lugwardine LVL - level-stage-i-15_min-mASD,level,Water Level,Stage,900,unit#Meter,mASD,instantaneous,http://environment.data.gov.uk/flood-monitoring/def/core/datumASD,2026-09-22T13:30:00.000+00:00,0.244,2026-09-22T14:05:22.349+00:00,504336403758981
1852141532589652697,055013_TG_326-level-stage-i-15_min-mASD,8329066313848164956,055013_TG_326,Titley Mill RAIN - level-stage-i-15_min-mASD,level,Water Level,Stage,900,unit#Meter,mASD,instantaneous,http://environment.data.gov.uk/flood-monitoring/def/core/datumASD,2026-09-22T13:30:00.000+00:00,0.074,2026-09-22T14:05:22.349+00:00,504336403758981
-8509590441754786359,055014_TG_306-level-stage-i-15_min-mASD,3518187188663490772,055014_TG_306,Byton LVL - level-stage-i-15_min-mASD,level,Water Level,Stage,900,unit#Meter,mASD,instantaneous,http://environment.data.gov.uk/flood-monitoring/def/core/datumASD,2026-09-22T13:30:00.000+00:00,0.249,2026-09-22T14:05:22.349+00:00,504336403758981
38234313755455687,055018_TG_327-level-stage-i-15_min-mASD,7549650823976950105,055018_TG_327,Yarkhill LVL - level-stage-i-15_min-mASD,level,Water Level,Stage,900,unit#Meter,mASD,instantaneous,http://environment.data.gov.uk/flood-monitoring/def/core/datumASD,2026-09-22T13:30:00.000+00:00,0.182,2026-09-22T14:05:22.349+00:00,504336403758981
482526521201400770,055021_TG_305-level-stage-i-15_min-mASD,4074352118765668366,055021_TG_305,Butts BridgeLVL - level-stage-i-15_min-mASD,level,Water Level,Stage,900,unit#Meter,mASD,instantaneous,http://environment.data.gov.uk/flood-monitoring/def/core/datumASD,2026-09-22T13:30:00.000+00:00,0.74,2026-09-22T14:05:22.349+00:00,504336403758981
-7407784171203914438,055027_TG_328-level-stage-i-15_min-mASD,-6178860748601314096,055027_TG_328,Sandford Bridge LVL - level-stage-i-15_min-mASD,level,Water Level,Stage,900,unit#Meter,mASD,instantaneous,http://environment.data.gov.uk/flood-monitoring/def/core/datumASD,2026-09-22T13:30:00.000+00:00,0.08,2026-09-22T14:05:22.349+00:00,504336403758981
6225207893886437305,055028_TG_9302-level-stage-i-15_min-mASD,-8795903087002979172,055028_TG_9302,Bishops Frome LVL - level-stage-i-15_min-mASD,level,Water Level,Stage,900,unit#Meter,mASD,instantaneous,http://environment.data.gov.uk/flood-monitoring/def/core/datumASD,2026-09-22T13:30:00.000+00:00,0.11,2026-09-22T14:05:22.349+00:00,504336403758981
-5684176716451323110,055031_TG_329-level-stage-i-15_min-mASD,-4479620683924348869,055031_TG_329,Three Elms LVL - level-stage-i-15_min-mASD,level,Water Level,Stage,900,unit#Meter,mASD,instantaneous,http://environment.data.gov.uk/flood-monitoring/def/core/datumASD,2026-09-22T13:30:00.000+00:00,0.033,2026-09-22T14:05:22.349+00:00,504336403758981
-4387854864055655189,055031_TG_329-level-downstage-i-15_min-mASD,-4479620683924348869,055031_TG_329,Three Elms LVL - level-downstage-i-15_min-mASD,level,Water Level,Downstream Stage,900,unit#Meter,mASD,instantaneous,http://environment.data.gov.uk/flood-monitoring/def/core/datumASD,,,2026-09-22T14:05:22.349+00:00,504336403758981
-7292877436821341069,055036-level-stage-i-15_min-mASD,-5775364311792195301,055036,Marstow Mill FLOW - level-stage-i-15_min-mASD,level,Water Level,Stage,900,unit#Meter,mASD,instantaneous,http://environment.data.gov.uk/flood-monitoring/def/core/datumASD,2026-09-22T13:30:00.000+00:00,0.435,2026-09-22T14:05:22.349+00:00,504336403758981
951111991285603791,055040-level-stage-i-15_min----,-2067532790636603168,055040,Bromyard LVL - level-stage-i-15_min----,level,Water Level,Stage,900,,---,instantaneous,,2026-09-22T13:30:00.000+00:00,0.088,2026-09-22T14:05:22.349+00:00,504336403758981
4106604843268421047,055040-level-stage-i-15_min-mASD,-2067532790636603168,055040,Bromyard LVL - level-stage-i-15_min-mASD,level,Water Level,Stage,900,unit#Meter,mASD,instantaneous,http://environment.data.gov.uk/flood-monitoring/def/core/datumASD,2026-09-22T09:15:00.000+00:00,0.088,2026-09-22T14:05:22.349+00:00,504336403758981
-8458310008829472688,055041-level-stage-i-15_min-mASD,932564435598499293,055041,Ford Bridge LVL - level-stage-i-15_min-mASD,level,Water Level,Stage,900,unit#Meter,mASD,instantaneous,http://environment.data.gov.uk/flood-monitoring/def/core/datumASD,2026-09-22T13:30:00.000+00:00,0.051,2026-09-22T14:05:22.349+00:00,504336403758981
-3730278371177944629,055044-level-stage-i-15_min-mASD,-3727650769368330172,055044,Skenfrith LVL - level-stage-i-15_min-mASD,level,Water Level,Stage,900,unit#Meter,mASD,instantaneous,http://environment.data.gov.uk/flood-monitoring/def/core/datumASD,,,2026-09-22T14:05:22.349+00:00,504336403758981
7831480983982338984,055223-rainfall-tipping_bucket_raingauge-t-15_min-mm,-6178712798727996886,055223,rainfall-tipping_bucket_raingauge-t-15_min-mm,rainfall,Rainfall,Tipping Bucket Raingauge,900,unit#Millimeter,mm,total,,,,2026-09-22T14:05:22.349+00:00,504336403758981
4067093312354584150,055807_TG_320-level-stage-i-15_min-mASD,-1752000940548330467,055807_TG_320,Old Wye Bridge LVL - level-stage-i-15_min-mASD,level,Water Level,Stage,900,unit#Meter,mASD,instantaneous,http://environment.data.gov.uk/flood-monitoring/def/core/datumASD,2026-09-22T13:30:00.000+00:00,0.311,2026-09-22T14:05:22.349+00:00,504336403758981
6436854872978226053,055807_TG_320-level-logged-i-15_min-mASD,-1752000940548330467,055807_TG_320,Old Wye Bridge LVL - level-logged-i-15_min-mASD,level,Water Level,Logged,900,unit#Meter,mASD,instantaneous,http://environment.data.gov.uk/flood-monitoring/def/core/datumASD,,,2026-09-22T14:05:22.349+00:00,504336403758981
-4456225200615507646,055811_TG_9303-level-stage-i-15_min-mASD,6720499059925386387,055811_TG_9303,Bredwardine LVL - level-stage-i-15_min-mASD,level,Water Level,Stage,900,unit#Meter,mASD,instantaneous,http://environment.data.gov.uk/flood-monitoring/def/core/datumASD,2026-09-22T13:30:00.000+00:00,0.458,2026-09-22T14:05:22.349+00:00,504336403758981
8130323737563543941,055816_TG_319-level-stage-i-15_min-mASD,-792365266366720275,055816_TG_319,Mordiford LVL - level-stage-i-15_min-mASD,level,Water Level,Stage,900,unit#Meter,mASD,instantaneous,http://environment.data.gov.uk/flood-monitoring/def/core/datumASD,2026-09-22T13:30:00.000+00:00,0.559,2026-09-22T14:05:22.349+00:00,504336403758981
7292865106646733358,055817_TG_323-level-downstage-i-15_min-mASD,6947707808383541706,055817_TG_323,Ross on Wye LVL - level-downstage-i-15_min-mASD,level,Water Level,Downstream Stage,900,unit#Meter,mASD,instantaneous,http://environment.data.gov.uk/flood-monitoring/def/core/datumASD,,,2026-09-22T14:05:22.349+00:00,504336403758981
6517305716020767428,055817_TG_323-level-stage-i-15_min-mASD,6947707808383541706,055817_TG_323,Ross on Wye LVL - level-stage-i-15_min-mASD,level,Water Level,Stage,900,unit#Meter,mASD,instantaneous,http://environment.data.gov.uk/flood-monitoring/def/core/datumASD,2026-09-22T13:30:00.000+00:00,0.266,2026-09-22T14:05:22.349+00:00,504336403758981
5879604717971151806,055L010SG-level-stage-i-15_min-mASD,2801595433732701447,055L010SG,Eardisland LVL - level-stage-i-15_min-mASD,level,Water Level,Stage,900,unit#Meter,mASD,instantaneous,http://environment.data.gov.uk/flood-monitoring/def/core/datumASD,2026-09-22T13:30:00.000+00:00,0.259,2026-09-22T14:05:22.349+00:00,504336403758981
-4703642617232833672,055R0521E_TG_326-rainfall-tipping_bucket_raingauge-t-15_min-mm,2394432378938398471,055R0521E_TG_326,rainfall-tipping_bucket_raingauge-t-15_min-mm,rainfall,Rainfall,Tipping Bucket Raingauge,900,unit#Millimeter,mm,total,,2026-09-22T09:15:00.000+00:00,0,2026-09-22T14:05:22.349+00:00,504336403758981
-4381562956958240341,0560-level-groundwater-i-15_min-mBDAT,7020455638217343223,0560,Broome OBH - level-groundwater-i-15_min-mBDAT,level,Water Level,Groundwater,900,unit#Meter,mBDAT,instantaneous,http://environment.data.gov.uk/flood-monitoring/def/core/datumBDAT,2026-09-22T09:15:00.000+00:00,13.937,2026-09-22T14:05:22.349+00:00,504336403758981
647348325594296452,056505-rainfall-tipping_bucket_raingauge-t-15_min-mm,7220700649135606387,056505,rainfall-tipping_bucket_raingauge-t-15_min-mm,rainfall,Rainfall,Tipping Bucket Raingauge,900,unit#Millimeter,mm,total,,,,2026-09-22T14:05:22.349+00:00,504336403758981
-1752754502034768478,056505-rainfall-tipping_bucket_raingauge-i-15_min-mm,7220700649135606387,056505,rainfall-tipping_bucket_raingauge-i-15_min-mm,rainfall,Rainfall,Tipping Bucket Raingauge,900,unit#Millimeter,mm,instantaneous,,2026-09-22T13:15:00.000+00:00,0,2026-09-22T14:05:22.349+00:00,504336403758981
8078647279844233358,0569TH-level-stage-i-15_min-mASD,-4885189965888621149,0569TH,River Thames at Hannington Bridge - level-stage-i-15_min-mASD,level,Water Level,Stage,900,unit#Meter,mASD,instantaneous,http://environment.data.gov.uk/flood-monitoring/def/core/datumASD,2026-09-22T13:30:00.000+00:00,1.961,2026-09-22T14:05:22.349+00:00,504336403758981
7952870813261667091,057426-rainfall-tipping_bucket_raingauge-t-15_min-mm,-1281146040014310227,057426,rainfall-tipping_bucket_raingauge-t-15_min-mm,rainfall,Rainfall,Tipping Bucket Raingauge,900,unit#Millimeter,mm,total,,,,2026-09-22T14:05:22.349+00:00,504336403758981
-7124391623642748219,058461-rainfall-tipping_bucket_raingauge-t-15_min-mm,-4190773567678296163,058461,rainfall-tipping_bucket_raingauge-t-15_min-mm,rainfall,Rainfall,Tipping Bucket Raingauge,900,unit#Millimeter,mm,total,,,,2026-09-22T14:05:22.349+00:00,504336403758981
7457408575602622132,058461-rainfall-tipping_bucket_raingauge-i-15_min-mm,-4190773567678296163,058461,rainfall-tipping_bucket_raingauge-i-15_min-mm,rainfall,Rainfall,Tipping Bucket Raingauge,900,unit#Millimeter,mm,instantaneous,,2026-09-22T13:15:00.000+00:00,0,2026-09-22T14:05:22.349+00:00,504336403758981
2862830683985840691,05973-rainfall-tipping_bucket_raingauge-i-15_min-mm,4936526476057885551,05973,rainfall-tipping_bucket_raingauge-i-15_min-mm,rainfall,Rainfall,Tipping Bucket Raingauge,900,unit#Millimeter,mm,instantaneous,,,,2026-09-22T14:05:22.349+00:00,504336403758981
-5161151854410764397,05973-rainfall-tipping_bucket_raingauge-t-15_min-mm,4936526476057885551,05973,rainfall-tipping_bucket_raingauge-t-15_min-mm,rainfall,Rainfall,Tipping Bucket Raingauge,900,unit#Millimeter,mm,total,,,,2026-09-22T14:05:22.349+00:00,504336403758981
-139715453771674321,059793-rainfall-tipping_bucket_raingauge-t-15_min-mm,-1097248868016354804,059793,rainfall-tipping_bucket_raingauge-t-15_min-mm,rainfall,Rainfall,Tipping Bucket Raingauge,900,unit#Millimeter,mm,total,,2026-09-22T13:15:00.000+00:00,0,2026-09-22T14:05:22.349+00:00,504336403758981
-7375037449733008253,060947-rainfall-tipping_bucket_raingauge-t-15_min-mm,-7147546437312741078,060947,rainfall-tipping_bucket_raingauge-t-15_min-mm,rainfall,Rainfall,Tipping Bucket Raingauge,900,unit#Millimeter,mm,total,,2026-09-22T05:30:00.000+00:00,0,2026-09-22T14:05:22.349+00:00,504336403758981
-3138417165491846130,061431-rainfall-tipping_bucket_raingauge-t-15_min-mm,-1317810711625280164,061431,rainfall-tipping_bucket_raingauge-t-15_min-mm,rainfall,Rainfall,Tipping Bucket Raingauge,900,unit#Millimeter,mm,total,,2026-09-22T13:15:00.000+00:00,0,2026-09-22T14:05:22.349+00:00,504336403758981
6832259863029199881,062046-rainfall-tipping_bucket_raingauge-t-15_min-mm,4729644836537129824,062046,rainfall-tipping_bucket_raingauge-t-15_min-mm,rainfall,Rainfall,Tipping Bucket Raingauge,900,unit#Millimeter,mm,total,,2026-09-22T13:15:00.000+00:00,0,2026-09-22T14:05:22.349+00:00,504336403758981
-6812295153413553069,062916-rainfall-tipping_bucket_raingauge-t-15_min-mm,-5234989685022990238,062916,rainfall-tipping_bucket_raingauge-t-15_min-mm,rainfall,Rainfall,Tipping Bucket Raingauge,900,unit#Millimeter,mm,total,,,,2026-09-22T14:05:22.349+00:00,504336403758981
1175812101602122230,063028-rainfall-tipping_bucket_raingauge-i-15_min-mm,5405923508187520812,063028,rainfall-tipping_bucket_raingauge-i-15_min-mm,rainfall,Rainfall,Tipping Bucket Raingauge,900,unit#Millimeter,mm,instantaneous,,2026-09-22T13:15:00.000+00:00,0,2026-09-22T14:05:22.349+00:00,504336403758981
3109715308267265222,0630TH-level-stage-i-15_min-mASD,-624962253722318959,0630TH,RIVER COLN AT FOSSEBRIDGE - level-stage-i-15_min-mASD,level,Water Level,Stage,900,unit#Meter,mASD,instantaneous,http://environment.data.gov.uk/flood-monitoring/def/core/datumASD,2026-09-22T13:00:00.000+00:00,0.027,2026-09-22T14:05:22.349+00:00,504336403758981
6546546657205971867,063518-rainfall-tipping_bucket_raingauge-t-15_min-mm,3996038614500767772,063518,rainfall-tipping_bucket_raingauge-t-15_min-mm,rainfall,Rainfall,Tipping Bucket Raingauge,900,unit#Millimeter,mm,total,,2026-09-22T13:15:00.000+00:00,0,2026-09-22T14:05:22.349+00:00,504336403758981
-4514753185975542894,064280-rainfall-tipping_bucket_raingauge-t-15_min-mm,-6592560528327646824,064280,rainfall-tipping_bucket_raingauge-t-15_min-mm,rainfall,Rainfall,Tipping Bucket Raingauge,900,unit#Millimeter,mm,total,,,,2026-09-22T14:05:22.349+00:00,504336403758981
5702589327194863450,0655TH-level-stage-i-15_min-mASD,-4275777656503240216,0655TH,BIBURY SPRINGS AT BIBURY (TROUT FARM) - level-stage-i-15_min-mASD,level,Water Level,Stage,900,unit#Meter,mASD,instantaneous,http://environment.data.gov.uk/flood-monitoring/def/core/datumASD,2026-09-22T10:00:00.000+00:00,0.001,2026-09-22T14:05:22.349+00:00,504336403758981
6606937695973942104,0657TH-level-stage-i-15_min-mASD,-1829051786001660275,0657TH,BIBURY SPRINGS AT BIBURY (SWAN HOTEL) - level-stage-i-15_min-mASD,level,Water Level,Stage,900,unit#Meter,mASD,instantaneous,http://environment.data.gov.uk/flood-monitoring/def/core/datumASD,2026-09-22T10:00:00.000+00:00,0.032,2026-09-22T14:05:22.349+00:00,504336403758981
-8754260163044900742,0660TH-level-stage-i-15_min-mASD,2145811103824060895,0660TH,RIVER COLN AT BIBURY - level-stage-i-15_min-mASD,level,Water Level,Stage,900,unit#Meter,mASD,instantaneous,http://environment.data.gov.uk/flood-monitoring/def/core/datumASD,2026-09-22T13:30:00.000+00:00,0.056,2026-09-22T14:05:22.349+00:00,504336403758981
1364491336452770128,067001-level-stage-i-15_min-m,-5391629647117314329,067001,Bala GS LVL - level-stage-i-15_min-m,level,Water Level,Stage,900,unit#Meter,m,instantaneous,,,,2026-09-22T14:05:22.349+00:00,504336403758981
5371056405416521566,067006-level-stage-i-15_min-m,639330329946290959,067006,Druid LVL - level-stage-i-15_min-m,level,Water Level,Stage,900,unit#Meter,m,instantaneous,,,,2026-09-22T14:05:22.349+00:00,504336403758981
-8231192886995045157,067014-level-stage-i-15_min-m,-2455536171640519536,067014,Corwen LVL - level-stage-i-15_min-m,level,Water Level,Stage,900,unit#Meter,m,instantaneous,,,,2026-09-22T14:05:22.349+00:00,504336403758981
-4581850549129216085,067015-level-stage-i-15_min-m,8167287317332394509,067015,Manley Hall LVL - level-stage-i-15_min-m,level,Water Level,Stage,900,unit#Meter,m,instantaneous,,,,2026-09-22T14:05:22.349+00:00,504336403758981
-5333478149045521232,067020-level-stage-i-15_min-m,-8631134222117863099,067020,Chester Weir  LVL - level-stage-i-15_min-m,level,Water Level,Stage,900,unit#Meter,m,instantaneous,,,,2026-09-22T14:05:22.349+00:00,504336403758981
-2468581877780964841,067020-level-downstage-i-15_min-m,-8631134222117863099,067020,Chester Weir  LVL - level-downstage-i-15_min-m,level,Water Level,Downstream Stage,900,unit#Meter,m,instantaneous,,,,2026-09-22T14:05:22.349+00:00,504336403758981
-6810657041835239509,067022-level-stage-i-15_min-m,-3512269229974947893,067022,Tattenhall High Street - level-stage-i-15_min-m,level,Water Level,Stage,900,unit#Meter,m,instantaneous,,2026-09-22T07:00:00.000+00:00,0.117,2026-09-22T14:05:22.349+00:00,504336403758981
3636402494011280244,067023-level-stage-i-15_min-m,4371708824195242161,067023,TATTENHALL - level-stage-i-15_min-m,level,Water Level,Stage,900,unit#Meter,m,instantaneous,,2026-09-22T13:30:00.000+00:00,0.064,2026-09-22T14:05:22.349+00:00,504336403758981
6250744150323404566,067027-level-stage-i-15_min-m,2229013081629528461,067027,Iron Bridge - level-stage-i-15_min-m,level,Water Level,Stage,900,unit#Meter,m,instantaneous,,,,2026-09-22T14:05:22.349+00:00,504336403758981
-874410349753904972,067033-level-stage-i-15_min-m,-5735120218649753549,067033,Chester Sus Bridge - level-stage-i-15_min-m,level,Water Level,Stage,900,unit#Meter,m,instantaneous,,,,2026-09-22T14:05:22.349+00:00,504336403758981
8691073543237141082,067033_TG_148-level-stage-i-15_min-m,-3501506780346604516,067033_TG_148,Chester Sus Bridge - level-stage-i-15_min-m,level,Water Level,Stage,900,unit#Meter,m,instantaneous,,2026-09-22T13:30:00.000+00:00,4.467,2026-09-22T14:05:22.349+00:00,504336403758981
4599745778979867341,067042-level-stage-i-15_min-m,7798490942978871364,067042,Worthenbury LVL - level-stage-i-15_min-m,level,Water Level,Stage,900,unit#Meter,m,instantaneous,,,,2026-09-22T14:05:22.349+00:00,504336403758981
-7602564049116650004,067043-level-stage-i-15_min-m,3954367825047975731,067043,Worthenbury LVL - level-stage-i-15_min-m,level,Water Level,Stage,900,unit#Meter,m,instantaneous,,,,2026-09-22T14:05:22.349+00:00,504336403758981
-1349732884013083362,067045-level-stage-i-15_min-m,7049455947922665357,067045,CARDEN PARK - level-stage-i-15_min-m,level,Water Level,Stage,900,unit#Meter,m,instantaneous,,2026-09-22T13:30:00.000+00:00,0.081,2026-09-22T14:05:22.349+00:00,504336403758981
2172244275014331700,067624-level-stage-i-15_min-m,-4695472059601146395,067624,Farndon LVL - level-stage-i-15_min-m,level,Water Level,Stage,900,unit#Meter,m,instantaneous,,,,2026-09-22T14:05:22.349+00:00,504336403758981
7902319226670401749,067639-level-stage-i-15_min-m,6255691146912374718,067639,Finchetts Gutter (Knolls) - level-stage-i-15_min-m,level,Water Level,Stage,900,unit#Meter,m,instantaneous,,2026-09-22T07:00:00.000+00:00,5.79,2026-09-22T14:05:22.349+00:00,504336403758981
3380530639015037412,067647-level-stage-i-15_min-m,4552557442242065417,067647,Countess Way - level-stage-i-15_min-m,level,Water Level,Stage,900,unit#Meter,m,instantaneous,,2026-09-22T13:30:00.000+00:00,0.903,2026-09-22T14:05:22.349+00:00,504336403758981
-2987712235656768751,067650-level-stage-i-15_min-m,6531758513529748097,067650,FINCHETTS GUTTER CLIFTON DRIVE - level-stage-i-15_min-m,level,Water Level,Stage,900,unit#Meter,m,instantaneous,,2026-09-22T13:30:00.000+00:00,3.657,2026-09-22T14:05:22.349+00:00,504336403758981
1135661857287037229,0680TH-flow--Mean-15_min-m3_s,-3197976447281368898,0680TH,RIVER COLN AT FAIRFORD - flow--Mean-15_min-m3_s,flow,Flow,,900,unit#CubicMeterPerSecond,m3/s,mean,,2026-09-22T13:30:00.000+00:00,0.631,2026-09-22T14:05:22.349+00:00,504336403758981
6145815312722278656,0680TH-level-stage-i-15_min-mASD,-3197976447281368898,0680TH,RIVER COLN AT FAIRFORD - level-stage-i-15_min-mASD,level,Water Level,Stage,900,unit#Meter,mASD,instantaneous,http://environment.data.gov.uk/flood-monitoring/def/core/datumASD,2026-09-22T13:30:00.000+00:00,0.422,2026-09-22T14:05:22.349+00:00,504336403758981
5268333988522284832,068416-rainfall-tipping_bucket_raingauge-t-15_min-mm,428938039059755884,068416,rainfall-tipping_bucket_raingauge-t-15_min-mm,rainfall,Rainfall,Tipping Bucket Raingauge,900,unit#Millimeter,mm,total,,2026-09-22T11:30:00.000+00:00,0,2026-09-22T14:05:22.349+00:00,504336403758981
-1582728244613109520,068762-rainfall-tipping_bucket_raingauge-t-15_min-mm,5388264394654385702,068762,rainfall-tipping_bucket_raingauge-t-15_min-mm,rainfall,Rainfall,Tipping Bucket Raingauge,900,unit#Millimeter,mm,total,,,,2026-09-22T14:05:22.349+00:00,504336403758981
-5091231584636097952,068762-rainfall-tipping_bucket_raingauge-i-15_min-mm,5388264394654385702,068762,rainfall-tipping_bucket_raingauge-i-15_min-mm,rainfall,Rainfall,Tipping Bucket Raingauge,900,unit#Millimeter,mm,instantaneous,,2026-09-22T11:30:00.000+00:00,0,2026-09-22T14:05:22.349+00:00,504336403758981
1318951370161774813,0701TH-level-downstage-i-15_min-mASD,3011407700413973557,0701TH,River Thames at St Johns Lock - level-downstage-i-15_min-mASD,level,Water Level,Downstream Stage,900,unit#Meter,mASD,instantaneous,http://environment.data.gov.uk/flood-monitoring/def/core/datumASD,2026-09-22T13:30:00.000+00:00,1.472,2026-09-22T14:05:22.349+00:00,504336403758981
3985145213889805660,0701TH-level-stage-i-15_min----,3011407700413973557,0701TH,River Thames at St Johns Lock - level-stage-i-15_min----,level,Water Level,Stage,900,,---,instantaneous,,,,2026-09-22T14:05:22.349+00:00,504336403758981
-3844232183526448256,0701TH-level-stage-i-15_min-mASD,3011407700413973557,0701TH,River Thames at St Johns Lock - level-stage-i-15_min-mASD,level,Water Level,Stage,900,unit#Meter,mASD,instantaneous,http://environment.data.gov.uk/flood-monitoring/def/core/datumASD,2026-09-22T13:30:00.000+00:00,0.082,2026-09-22T14:05:22.349+00:00,504336403758981
5929707581076770173,070365-rainfall-tipping_bucket_raingauge-i-15_min-mm,3256134895354788672,070365,rainfall-tipping_bucket_raingauge-i-15_min-mm,rainfall,Rainfall,Tipping Bucket Raingauge,900,unit#Millimeter,mm,instantaneous,,2026-09-22T13:30:00.000+00:00,0,2026-09-22T14:05:22.349+00:00,504336403758981
-6492277698539411271,070365-rainfall-tipping_bucket_raingauge-t-15_min-mm,3256134895354788672,070365,rainfall-tipping_bucket_raingauge-t-15_min-mm,rainfall,Rainfall,Tipping Bucket Raingauge,900,unit#Millimeter,mm,total,,,,2026-09-22T14:05:22.349+00:00,504336403758981
-7336984672235531666,0710TH-level-stage-i-15_min-mASD,2305001831941261175,0710TH,Lower Stratton FWS - level-stage-i-15_min-mASD,level,Water Level,Stage,900,unit#Meter,mASD,instantaneous,http://environment.data.gov.uk/flood-monitoring/def/core/datumASD,2026-09-22T13:30:00.000+00:00,1.956,2026-09-22T14:05:22.349+00:00,504336403758981
8661762717230086780,0712TH-level-stage-i-15_min-mASD,-2733543386457855403,0712TH,Dorcan Stream at Kestrel Drive - level-stage-i-15_min-mASD,level,Water Level,Stage,900,unit#Meter,mASD,instantaneous,http://environment.data.gov.uk/flood-monitoring/def/core/datumASD,2026-09-22T13:30:00.000+00:00,0.709,2026-09-22T14:05:22.349+00:00,504336403758981
-2191654936038762174,0730TH-level-stage-i-15_min----,2633907282604499860,0730TH,River Cole at Westmill Bridge - level-stage-i-15_min----,level,Water Level,Stage,900,,---,instantaneous,,,,2026-09-22T14:05:22.349+00:00,504336403758981
-2827409733916534658,0730TH-level-stage-i-15_min-mASD,2633907282604499860,0730TH,River Cole at Westmill Bridge - level-stage-i-15_min-mASD,level,Water Level,Stage,900,unit#Meter,mASD,instantaneous,http://environment.data.gov.uk/flood-monitoring/def/core/datumASD,,,2026-09-22T14:05:22.349+00:00,504336403758981
6756082347734793892,073422-rainfall-tipping_bucket_raingauge-t-15_min-mm,-3347592550851720626,073422,rainfall-tipping_bucket_raingauge-t-15_min-mm,rainfall,Rainfall,Tipping Bucket Raingauge,900,unit#Millimeter,mm,total,,,,2026-09-22T14:05:22.349+00:00,504336403758981
6031755614427915441,073422-rainfall-tipping_bucket_raingauge-i-15_min-mm,-3347592550851720626,073422,rainfall-tipping_bucket_raingauge-i-15_min-mm,rainfall,Rainfall,Tipping Bucket Raingauge,900,unit#Millimeter,mm,instantaneous,,2026-09-22T13:30:00.000+00:00,0,2026-09-22T14:05:22.349+00:00,504336403758981
5647113589539262890,074108-rainfall-tipping_bucket_raingauge-i-15_min-mm,8480313235542156525,074108,rainfall-tipping_bucket_raingauge-i-15_min-mm,rainfall,Rainfall,Tipping Bucket Raingauge,900,unit#Millimeter,mm,instantaneous,,2026-09-22T13:30:00.000+00:00,0,2026-09-22T14:05:22.349+00:00,504336403758981
8642803583594086042,074108-rainfall-tipping_bucket_raingauge-t-15_min-mm,8480313235542156525,074108,rainfall-tipping_bucket_raingauge-t-15_min-mm,rainfall,Rainfall,Tipping Bucket Raingauge,900,unit#Millimeter,mm,total,,,,2026-09-22T14:05:22.349+00:00,504336403758981
-2636624116164322762,074329-rainfall-tipping_bucket_raingauge-t-15_min-mm,-2050199957042880938,074329,rainfall-tipping_bucket_raingauge-t-15_min-mm,rainfall,Rainfall,Tipping Bucket Raingauge,900,unit#Millimeter,mm,total,,,,2026-09-22T14:05:22.349+00:00,504336403758981
6098956981539327639,074329-rainfall-tipping_bucket_raingauge-i-15_min-mm,-2050199957042880938,074329,rainfall-tipping_bucket_raingauge-i-15_min-mm,rainfall,Rainfall,Tipping Bucket Raingauge,900,unit#Millimeter,mm,instantaneous,,2026-09-22T13:30:00.000+00:00,0,2026-09-22T14:05:22.349+00:00,504336403758981
-7321348806495616112,074385-rainfall-tipping_bucket_raingauge-i-15_min-mm,-7307595317566732378,074385,rainfall-tipping_bucket_raingauge-i-15_min-mm,rainfall,Rainfall,Tipping Bucket Raingauge,900,unit#Millimeter,mm,instantaneous,,2026-09-22T13:30:00.000+00:00,0,2026-09-22T14:05:22.349+00:00,504336403758981
-7603251932038488306,074385-rainfall-tipping_bucket_raingauge-t-15_min-mm,-7307595317566732378,074385,rainfall-tipping_bucket_raingauge-t-15_min-mm,rainfall,Rainfall,Tipping Bucket Raingauge,900,unit#Millimeter,mm,total,,,,2026-09-22T14:05:22.349+00:00,504336403758981
8176979941012598282,0744SE-rainfall-tipping_bucket_raingauge-t-15_min-mm,-2701741874570869164,0744SE,rainfall-tipping_bucket_raingauge-t-15_min-mm,rainfall,Rainfall,Tipping Bucket Raingauge,900,unit#Millimeter,mm,total,,2026-09-22T13:30:00.000+00:00,0,2026-09-22T14:05:22.349+00:00,504336403758981
5590344348562636598,074740-rainfall-tipping_bucket_raingauge-t-15_min-mm,-2310246861720600424,074740,rainfall-tipping_bucket_raingauge-t-15_min-mm,rainfall,Rainfall,Tipping Bucket Raingauge,900,unit#Millimeter,mm,total,,2026-09-22T13:15:00.000+00:00,0,2026-09-22T14:05:22.349+00:00,504336403758981
6544394677352698576,074924-rainfall-tipping_bucket_raingauge-t-15_min-mm,-5025523817565746998,074924,rainfall-tipping_bucket_raingauge-t-15_min-mm,rainfall,Rainfall,Tipping Bucket Raingauge,900,unit#Millimeter,mm,total,,2026-09-22T13:30:00.000+00:00,0,2026-09-22T14:05:22.349+00:00,504336403758981
-4049595807235101175,075233-rainfall-tipping_bucket_raingauge-t-15_min-mm,4298398866468962875,075233,rainfall-tipping_bucket_raingauge-t-15_min-mm,rainfall,Rainfall,Tipping Bucket Raingauge,900,unit#Millimeter,mm,total,,2026-09-22T13:30:00.000+00:00,0,2026-09-22T14:05:22.349+00:00,504336403758981
-6362500466207113999,075233-rainfall-tipping_bucket_raingauge-i-15_min-mm,4298398866468962875,075233,rainfall-tipping_bucket_raingauge-i-15_min-mm,rainfall,Rainfall,Tipping Bucket Raingauge,900,unit#Millimeter,mm,instantaneous,,2026-09-22T13:30:00.000+00:00,0,2026-09-22T14:05:22.349+00:00,504336403758981
-386959901317898402,075497-rainfall-tipping_bucket_raingauge-i-15_min-mm,-9150289971164294995,075497,rainfall-tipping_bucket_raingauge-i-15_min-mm,rainfall,Rainfall,Tipping Bucket Raingauge,900,unit#Millimeter,mm,instantaneous,,2026-09-22T13:30:00.000+00:00,0,2026-09-22T14:05:22.349+00:00,504336403758981
-6326173385728615099,075497-rainfall-tipping_bucket_raingauge-t-15_min-mm,-9150289971164294995,075497,rainfall-tipping_bucket_raingauge-t-15_min-mm,rainfall,Rainfall,Tipping Bucket Raingauge,900,unit#Millimeter,mm,total,,2026-09-22T13:30:00.000+00:00,0,2026-09-22T14:05:22.349+00:00,504336403758981
-6048405632933933646,076204-rainfall-tipping_bucket_raingauge-t-15_min-mm,5655899024301687610,076204,rainfall-tipping_bucket_raingauge-t-15_min-mm,rainfall,Rainfall,Tipping Bucket Raingauge,900,unit#Millimeter,mm,total,,2026-09-22T13:15:00.000+00:00,0,2026-09-22T14:05:22.349+00:00,504336403758981
3327484377247318406,076413-rainfall-tipping_bucket_raingauge-t-15_min-mm,-5824114295620359268,076413,rainfall-tipping_bucket_raingauge-t-15_min-mm,rainfall,Rainfall,Tipping Bucket Raingauge,900,unit#Millimeter,mm,total,,,,2026-09-22T14:05:22.349+00:00,504336403758981
1306583943701979342,076413-rainfall-tipping_bucket_raingauge-i-15_min-mm,-5824114295620359268,076413,rainfall-tipping_bucket_raingauge-i-15_min-mm,rainfall,Rainfall,Tipping Bucket Raingauge,900,unit#Millimeter,mm,instantaneous,,2026-09-22T13:15:00.000+00:00,0,2026-09-22T14:05:22.349+00:00,504336403758981
541373705620293900,077066-rainfall-tipping_bucket_raingauge-t-15_min-mm,4061702474725539496,077066,rainfall-tipping_bucket_raingauge-t-15_min-mm,rainfall,Rainfall,Tipping Bucket Raingauge,900,unit#Millimeter,mm,total,,2026-09-22T13:30:00.000+00:00,0,2026-09-22T14:05:22.349+00:00,504336403758981
-4921730466142078990,077256-rainfall-tipping_bucket_raingauge-t-15_min-mm,8275783823658025273,077256,rainfall-tipping_bucket_raingauge-t-15_min-mm,rainfall,Rainfall,Tipping Bucket Raingauge,900,unit#Millimeter,mm,total,,,,2026-09-22T14:05:22.349+00:00,504336403758981
-4973644617454437712,077256-rainfall-tipping_bucket_raingauge-i-15_min-mm,8275783823658025273,077256,rainfall-tipping_bucket_raingauge-i-15_min-mm,rainfall,Rainfall,Tipping Bucket Raingauge,900,unit#Millimeter,mm,instantaneous,,2026-09-22T12:30:00.000+00:00,0,2026-09-22T14:05:22.349+00:00,504336403758981
-8689650593303674939,077336-rainfall-tipping_bucket_raingauge-t-15_min-mm,-176889086443849353,077336,rainfall-tipping_bucket_raingauge-t-15_min-mm,rainfall,Rainfall,Tipping Bucket Raingauge,900,unit#Millimeter,mm,total,,2026-09-22T05:15:00.000+00:00,0,2026-09-22T14:05:22.349+00:00,504336403758981
-662123812131703508,077800-rainfall-tipping_bucket_raingauge-i-15_min-mm,-6210119930274966169,077800,rainfall-tipping_bucket_raingauge-i-15_min-mm,rainfall,Rainfall,Tipping Bucket Raingauge,900,unit#Millimeter,mm,instantaneous,,2026-09-22T13:30:00.000+00:00,0,2026-09-22T14:05:22.349+00:00,504336403758981
3740231874993756986,077800-rainfall-tipping_bucket_raingauge-t-15_min-mm,-6210119930274966169,077800,rainfall-tipping_bucket_raingauge-t-15_min-mm,rainfall,Rainfall,Tipping Bucket Raingauge,900,unit#Millimeter,mm,total,,,,2026-09-22T14:05:22.349+00:00,504336403758981
3520240575967589059,077836-rainfall-tipping_bucket_raingauge-t-15_min-mm,8842215849026332784,077836,rainfall-tipping_bucket_raingauge-t-15_min-mm,rainfall,Rainfall,Tipping Bucket Raingauge,900,unit#Millimeter,mm,total,,2026-09-22T13:30:00.000+00:00,0,2026-09-22T14:05:22.349+00:00,504336403758981
9060273288242160157,077952-rainfall-tipping_bucket_raingauge-t-15_min-mm,5785957892949333935,077952,rainfall-tipping_bucket_raingauge-t-15_min-mm,rainfall,Rainfall,Tipping Bucket Raingauge,900,unit#Millimeter,mm,total,,2026-09-22T13:30:00.000+00:00,0,2026-09-22T14:05:22.349+00:00,504336403758981
4814522779942262035,0782SO-level-groundwater-i-15_min-mAOD,-7256719333816464717,0782SO,RIDDLES LANE GWL - level-groundwater-i-15_min-mAOD,level,Water Level,Groundwater,900,unit#Meter,mAOD,instantaneous,http://environment.data.gov.uk/flood-monitoring/def/core/datumAOD,,,2026-09-22T14:05:22.349+00:00,504336403758981
-4067050734875899747,0782SO-level-groundwater-i-1_h-mAOD,-7256719333816464717,0782SO,RIDDLES LANE GWL - level-groundwater-i-1_h-mAOD,level,Water Level,Groundwater,3600,unit#Meter,mAOD,instantaneous,http://environment.data.gov.uk/flood-monitoring/def/core/datumAOD,2026-09-22T13:37:59.000+00:00,18.012,2026-09-22T14:05:22.349+00:00,504336403758981
-531680054116588932,078530-rainfall-tipping_bucket_raingauge-t-15_min-mm,-770073459490076751,078530,rainfall-tipping_bucket_raingauge-t-15_min-mm,rainfall,Rainfall,Tipping Bucket Raingauge,900,unit#Millimeter,mm,total,,2026-09-22T13:15:00.000+00:00,0,2026-09-22T14:05:22.349+00:00,504336403758981
-1863851828522578483,078772-rainfall-tipping_bucket_raingauge-t-15_min-mm,5066336086995742252,078772,rainfall-tipping_bucket_raingauge-t-15_min-mm,rainfall,Rainfall,Tipping Bucket Raingauge,900,unit#Millimeter,mm,total,,2026-09-22T13:15:00.000+00:00,0,2026-09-22T14:05:22.349+00:00,504336403758981
4446935744562826314,078922-rainfall-tipping_bucket_raingauge-i-15_min-mm,381245486355401504,078922,rainfall-tipping_bucket_raingauge-i-15_min-mm,rainfall,Rainfall,Tipping Bucket Raingauge,900,unit#Millimeter,mm,instantaneous,,2026-09-22T13:15:00.000+00:00,0,2026-09-22T14:05:22.349+00:00,504336403758981
-2172524449480198766,078922-rainfall-tipping_bucket_raingauge-t-15_min-mm,381245486355401504,078922,rainfall-tipping_bucket_raingauge-t-15_min-mm,rainfall,Rainfall,Tipping Bucket Raingauge,900,unit#Millimeter,mm,total,,,,2026-09-22T14:05:22.349+00:00,504336403758981
5130704398704218126,0790TH-level-stage-i-15_min-mASD,2822752750613505038,0790TH,RIVER COLE AT INGLESHAM - level-stage-i-15_min-mASD,level,Water Level,Stage,900,unit#Meter,mASD,instantaneous,http://environment.data.gov.uk/flood-monitoring/def/core/datumASD,2026-09-22T13:15:00.000+00:00,0.034,2026-09-22T14:05:22.349+00:00,504336403758981
2886800500827607470,0790TH-level-downstage-i-15_min-mASD,2822752750613505038,0790TH,RIVER COLE AT INGLESHAM - level-downstage-i-15_min-mASD,level,Water Level,Downstream Stage,900,unit#Meter,mASD,instantaneous,http://environment.data.gov.uk/flood-monitoring/def/core/datumASD,2026-09-22T13:15:00.000+00:00,-0.326,2026-09-22T14:05:22.349+00:00,504336403758981
7433492575669768099,079621-rainfall-tipping_bucket_raingauge-i-15_min-mm,-9147380455095452925,079621,rainfall-tipping_bucket_raingauge-i-15_min-mm,rainfall,Rainfall,Tipping Bucket Raingauge,900,unit#Millimeter,mm,instantaneous,,2026-09-22T13:15:00.000+00:00,0,2026-09-22T14:05:22.349+00:00,504336403758981
5657036806616803780,079621-rainfall-tipping_bucket_raingauge-t-15_min-mm,-9147380455095452925,079621,rainfall-tipping_bucket_raingauge-t-15_min-mm,rainfall,Rainfall,Tipping Bucket Raingauge,900,unit#Millimeter,mm,total,,2026-09-22T13:15:00.000+00:00,0,2026-09-22T14:05:22.349+00:00,504336403758981
2197530308228182002,080194-rainfall-tipping_bucket_raingauge-i-15_min-mm,-7892821136232332291,080194,rainfall-tipping_bucket_raingauge-i-15_min-mm,rainfall,Rainfall,Tipping Bucket Raingauge,900,unit#Millimeter,mm,instantaneous,,2026-09-22T13:15:00.000+00:00,0,2026-09-22T14:05:22.349+00:00,504336403758981
7093927807408133420,080282-rainfall-tipping_bucket_raingauge-t-15_min-mm,-4704387007999761124,080282,rainfall-tipping_bucket_raingauge-t-15_min-mm,rainfall,Rainfall,Tipping Bucket Raingauge,900,unit#Millimeter,mm,total,,,,2026-09-22T14:05:22.349+00:00,504336403758981
4413428725339903885,080282-rainfall-tipping_bucket_raingauge-i-15_min-mm,-4704387007999761124,080282,rainfall-tipping_bucket_raingauge-i-15_min-mm,rainfall,Rainfall,Tipping Bucket Raingauge,900,unit#Millimeter,mm,instantaneous,,2026-09-22T13:15:00.000+00:00,0,2026-09-22T14:05:22.349+00:00,504336403758981
-7904539609591744564,082509-rainfall-tipping_bucket_raingauge-i-15_min-mm,-5033234528265272051,082509,rainfall-tipping_bucket_raingauge-i-15_min-mm,rainfall,Rainfall,Tipping Bucket Raingauge,900,unit#Millimeter,mm,instantaneous,,,,2026-09-22T14:05:22.349+00:00,504336403758981
6438060349371119951,082509-rainfall-tipping_bucket_raingauge-t-15_min-mm,-5033234528265272051,082509,rainfall-tipping_bucket_raingauge-t-15_min-mm,rainfall,Rainfall,Tipping Bucket Raingauge,900,unit#Millimeter,mm,total,,2026-09-22T13:30:00.000+00:00,0,2026-09-22T14:05:22.349+00:00,504336403758981
8404310991343861101,082672-rainfall-tipping_bucket_raingauge-t-15_min-mm,-2975149735328109214,082672,rainfall-tipping_bucket_raingauge-t-15_min-mm,rainfall,Rainfall,Tipping Bucket Raingauge,900,unit#Millimeter,mm,total,,,,2026-09-22T14:05:22.349+00:00,504336403758981
-1902364405691440712,082673-rainfall-tipping_bucket_raingauge-i-15_min-mm,5799868103921318565,082673,rainfall-tipping_bucket_raingauge-i-15_min-mm,rainfall,Rainfall,Tipping Bucket Raingauge,900,unit#Millimeter,mm,instantaneous,,2026-09-22T13:30:00.000+00:00,0,2026-09-22T14:05:22.349+00:00,504336403758981
-7690929410681390091,082673-rainfall-tipping_bucket_raingauge-t-15_min-mm,5799868103921318565,082673,rainfall-tipping_bucket_raingauge-t-15_min-mm,rainfall,Rainfall,Tipping Bucket Raingauge,900,unit#Millimeter,mm,total,,,,2026-09-22T14:05:22.349+00:00,504336403758981
-431246047407032978,082732-rainfall-tipping_bucket_raingauge-t-15_min-mm,3696923760147926213,082732,rainfall-tipping_bucket_raingauge-t-15_min-mm,rainfall,Rainfall,Tipping Bucket Raingauge,900,unit#Millimeter,mm,total,,,,2026-09-22T14:05:22.349+00:00,504336403758981
-334295506437346482,082732-rainfall-tipping_bucket_raingauge-i-15_min-mm,3696923760147926213,082732,rainfall-tipping_bucket_raingauge-i-15_min-mm,rainfall,Rainfall,Tipping Bucket Raingauge,900,unit#Millimeter,mm,instantaneous,,2026-09-22T13:15:00.000+00:00,0,2026-09-22T14:05:22.349+00:00,504336403758981
1439927233827452585,083280-rainfall-tipping_bucket_raingauge-t-15_min-mm,1865766864833017915,083280,rainfall-tipping_bucket_raingauge-t-15_min-mm,rainfall,Rainfall,Tipping Bucket Raingauge,900,unit#Millimeter,mm,total,,,,2026-09-22T14:05:22.349+00:00,504336403758981
-8827419613223994387,083282-rainfall-tipping_bucket_raingauge-i-15_min-mm,6313516296033339949,083282,rainfall-tipping_bucket_raingauge-i-15_min-mm,rainfall,Rainfall,Tipping Bucket Raingauge,900,unit#Millimeter,mm,instantaneous,,2026-09-22T13:15:00.000+00:00,0,2026-09-22T14:05:22.349+00:00,504336403758981
-5129842341201600172,083534-rainfall-tipping_bucket_raingauge-t-15_min-mm,1578193751210709013,083534,rainfall-tipping_bucket_raingauge-t-15_min-mm,rainfall,Rainfall,Tipping Bucket Raingauge,900,unit#Millimeter,mm,total,,2026-09-22T13:30:00.000+00:00,0,2026-09-22T14:05:22.349+00:00,504336403758981
7449023994626051345,084532-rainfall-tipping_bucket_raingauge-i-15_min-mm,-1443953040254176328,084532,rainfall-tipping_bucket_raingauge-i-15_min-mm,rainfall,Rainfall,Tipping Bucket Raingauge,900,unit#Millimeter,mm,instantaneous,,2026-09-22T13:30:00.000+00:00,0,2026-09-22T14:05:22.349+00:00,504336403758981
1558142877875381741,084532-rainfall-tipping_bucket_raingauge-t-15_min-mm,-1443953040254176328,084532,rainfall-tipping_bucket_raingauge-t-15_min-mm,rainfall,Rainfall,Tipping Bucket Raingauge,900,unit#Millimeter,mm,total,,2026-09-22T13:30:00.000+00:00,0,2026-09-22T14:05:22.349+00:00,504336403758981
-8984067423066356430,084532-rainfall-tipping_bucket_raingauge-i-15_min-m,-1443953040254176328,084532,rainfall-tipping_bucket_raingauge-i-15_min-m,rainfall,Rainfall,Tipping Bucket Raingauge,900,unit#Meter,m,instantaneous,,,,2026-09-22T14:05:22.349+00:00,504336403758981
3697897057265856217,085322-rainfall-tipping_bucket_raingauge-t-15_min-mm,-744559415639304023,085322,rainfall-tipping_bucket_raingauge-t-15_min-mm,rainfall,Rainfall,Tipping Bucket Raingauge,900,unit#Millimeter,mm,total,,,,2026-09-22T14:05:22.349+00:00,504336403758981
-7486896191710395093,085322-rainfall-tipping_bucket_raingauge-i-15_min-mm,-744559415639304023,085322,rainfall-tipping_bucket_raingauge-i-15_min-mm,rainfall,Rainfall,Tipping Bucket Raingauge,900,unit#Millimeter,mm,instantaneous,,2026-09-22T13:15:00.000+00:00,0,2026-09-22T14:05:22.349+00:00,504336403758981
-5884070895654634348,085960-rainfall-tipping_bucket_raingauge-i-15_min-mm,-6201725495885141721,085960,rainfall-tipping_bucket_raingauge-i-15_min-mm,rainfall,Rainfall,Tipping Bucket Raingauge,900,unit#Millimeter,mm,instantaneous,,2026-09-22T13:15:00.000+00:00,0,2026-09-22T14:05:22.349+00:00,504336403758981
5760110649195022674,085960-rainfall-tipping_bucket_raingauge-t-15_min-mm,-6201725495885141721,085960,rainfall-tipping_bucket_raingauge-t-15_min-mm,rainfall,Rainfall,Tipping Bucket Raingauge,900,unit#Millimeter,mm,total,,,,2026-09-22T14:05:22.349+00:00,504336403758981
-3242514091480747763,086575-rainfall-tipping_bucket_raingauge-t-15_min-mm,4796375181317339355,086575,rainfall-tipping_bucket_raingauge-t-15_min-mm,rainfall,Rainfall,Tipping Bucket Raingauge,900,unit#Millimeter,mm,total,,2026-09-22T13:15:00.000+00:00,0,2026-09-22T14:05:22.349+00:00,504336403758981
-7121564658535528081,0890TH-level-stage-i-15_min-mASD,-7678861443759628615,0890TH,RIVER LEACH AT LECHLADE - level-stage-i-15_min-mASD,level,Water Level,Stage,900,unit#Meter,mASD,instantaneous,http://environment.data.gov.uk/flood-monitoring/def/core/datumASD,2026-09-22T13:30:00.000+00:00,0.05,2026-09-22T14:05:22.349+00:00,504336403758981
-3660791868625627293,0890TH-rainfall-tipping_bucket_raingauge-t-15_min-mm,-7678861443759628615,0890TH,rainfall-tipping_bucket_raingauge-t-15_min-mm,rainfall,Rainfall,Tipping Bucket Raingauge,900,unit#Millimeter,mm,total,,,,2026-09-22T14:05:22.349+00:00,504336403758981
7426104388414272157,0890TH-level-downstage-i-15_min-mASD,-7678861443759628615,0890TH,RIVER LEACH AT LECHLADE - level-downstage-i-15_min-mASD,level,Water Level,Downstream Stage,900,unit#Meter,mASD,instantaneous,http://environment.data.gov.uk/flood-monitoring/def/core/datumASD,2026-09-22T13:30:00.000+00:00,-0.136,2026-09-22T14:05:22.349+00:00,504336403758981
8955383679406073716,0898TH-level-stage-i-15_min-mASD,-5699350982478253308,0898TH,River Thames at Buscot Lock - level-stage-i-15_min-mASD,level,Water Level,Stage,900,unit#Meter,mASD,instantaneous,http://environment.data.gov.uk/flood-monitoring/def/core/datumASD,2026-09-22T13:15:00.000+00:00,0.117,2026-09-22T14:05:22.349+00:00,504336403758981
5839586244960113430,0898TH-level-downstage-i-15_min----,-5699350982478253308,0898TH,River Thames at Buscot Lock - level-downstage-i-15_min----,level,Water Level,Downstream Stage,900,,---,instantaneous,,,,2026-09-22T14:05:22.349+00:00,504336403758981
7098556680589977518,0898TH-level-downstage-i-15_min-mASD,-5699350982478253308,0898TH,River Thames at Buscot Lock - level-downstage-i-15_min-mASD,level,Water Level,Downstream Stage,900,unit#Meter,mASD,instantaneous,http://environment.data.gov.uk/flood-monitoring/def/core/datumASD,2026-09-22T13:15:00.000+00:00,1.674,2026-09-22T14:05:22.349+00:00,504336403758981
7217196586479404826,0900SO-flow--i-15_min-m3_s,5048624032161307375,0900SO,Plucks Gutter SLGS Flow - flow--i-15_min-m3_s,flow,Flow,,900,unit#CubicMeterPerSecond,m3/s,instantaneous,,2026-09-22T13:30:00.000+00:00,5.608,2026-09-22T14:05:22.349+00:00,504336403758981
-7457948279979741614,0900SO-flow-none-i-15_min-m3_s,5048624032161307375,0900SO,Plucks Gutter SLGS Flow - flow-none-i-15_min-m3_s,flow,Flow,None,900,unit#CubicMeterPerSecond,m3/s,instantaneous,,,,2026-09-22T14:05:22.349+00:00,504336403758981
-7586108801420641728,0901TH-level-stage-i-15_min-mASD,-4796275800929620255,0901TH,River Thames at Grafton Lock - level-stage-i-15_min-mASD,level,Water Level,Stage,900,unit#Meter,mASD,instantaneous,http://environment.data.gov.uk/flood-monitoring/def/core/datumASD,2026-09-22T13:30:00.000+00:00,0.164,2026-09-22T14:05:22.349+00:00,504336403758981
1395883878342123403,0901TH-level-downstage-i-15_min----,-4796275800929620255,0901TH,River Thames at Grafton Lock - level-downstage-i-15_min----,level,Water Level,Downstream Stage,900,,---,instantaneous,,,,2026-09-22T14:05:22.349+00:00,504336403758981
5430232091056711127,0901TH-level-downstage-i-15_min-mASD,-4796275800929620255,0901TH,River Thames at Grafton Lock - level-downstage-i-15_min-mASD,level,Water Level,Downstream Stage,900,unit#Meter,mASD,instantaneous,http://environment.data.gov.uk/flood-monitoring/def/core/datumASD,2026-09-22T13:30:00.000+00:00,1.583,2026-09-22T14:05:22.349+00:00,504336403758981
1589801721493157362,0901TH-level-stage-i-15_min----,-4796275800929620255,0901TH,River Thames at Grafton Lock - level-stage-i-15_min----,level,Water Level,Stage,900,,---,instantaneous,,,,2026-09-22T14:05:22.349+00:00,504336403758981
4313828168682241508,0902TH-level-downstage-i-15_min----,2977660336515353610,0902TH,River Thames at Radcot Lock - level-downstage-i-15_min----,level,Water Level,Downstream Stage,900,,---,instantaneous,,,,2026-09-22T14:05:22.349+00:00,504336403758981
2074845528127818300,0902TH-level-downstage-i-15_min-mASD,2977660336515353610,0902TH,River Thames at Radcot Lock - level-downstage-i-15_min-mASD,level,Water Level,Downstream Stage,900,unit#Meter,mASD,instantaneous,http://environment.data.gov.uk/flood-monitoring/def/core/datumASD,2026-09-22T13:30:00.000+00:00,1.696,2026-09-22T14:05:22.349+00:00,504336403758981
-2916694910644247764,0902TH-level-stage-i-15_min----,2977660336515353610,0902TH,River Thames at Radcot Lock - level-stage-i-15_min----,level,Water Level,Stage,900,,---,instantaneous,,,,2026-09-22T14:05:22.349+00:00,504336403758981
6146296437453148318,0902TH-level-stage-i-15_min-mASD,2977660336515353610,0902TH,River Thames at Radcot Lock - level-stage-i-15_min-mASD,level,Water Level,Stage,900,unit#Meter,mASD,instantaneous,http://environment.data.gov.uk/flood-monitoring/def/core/datumASD,2026-09-22T13:30:00.000+00:00,0.111,2026-09-22T14:05:22.349+00:00,504336403758981
-7150121310496176691,0903TH-level-stage-i-15_min-mASD,2901793380468083523,0903TH,River Thames at Rushey Lock - level-stage-i-15_min-mASD,level,Water Level,Stage,900,unit#Meter,mASD,instantaneous,http://environment.data.gov.uk/flood-monitoring/def/core/datumASD,2026-09-22T13:30:00.000+00:00,0.098,2026-09-22T14:05:22.349+00:00,504336403758981
-2623623451921297369,0903TH-level-stage-i-15_min----,2901793380468083523,0903TH,River Thames at Rushey Lock - level-stage-i-15_min----,level,Water Level,Stage,900,,---,instantaneous,,,,2026-09-22T14:05:22.349+00:00,504336403758981
4510478282021442792,0903TH-level-downstage-i-15_min----,2901793380468083523,0903TH,River Thames at Rushey Lock - level-downstage-i-15_min----,level,Water Level,Downstream Stage,900,,---,instantaneous,,,,2026-09-22T14:05:22.349+00:00,504336403758981
-1519037064935206524,0903TH-level-downstage-i-15_min-mASD,2901793380468083523,0903TH,River Thames at Rushey Lock - level-downstage-i-15_min-mASD,level,Water Level,Downstream Stage,900,unit#Meter,mASD,instantaneous,http://environment.data.gov.uk/flood-monitoring/def/core/datumASD,2026-09-22T13:30:00.000+00:00,1.664,2026-09-22T14:05:22.349+00:00,504336403758981
-2065347044230115942,0904SO-level-stage-i-15_min----,8319745410432652747,0904SO,VEXOUR USGS - level-stage-i-15_min----,level,Water Level,Stage,900,,---,instantaneous,,,,2026-09-22T14:05:22.349+00:00,504336403758981
5025370803734900281,0904SO-level-stage-i-15_min-mASD,8319745410432652747,0904SO,VEXOUR USGS - level-stage-i-15_min-mASD,level,Water Level,Stage,900,unit#Meter,mASD,instantaneous,http://environment.data.gov.uk/flood-monitoring/def/core/datumASD,2026-09-22T13:30:00.000+00:00,0.675,2026-09-22T14:05:22.349+00:00,504336403758981
-8129438349857610431,0904TH-level-stage-i-15_min-mASD,3407658847552014208,0904TH,River Thames at Shifford Lock - level-stage-i-15_min-mASD,level,Water Level,Stage,900,unit#Meter,mASD,instantaneous,http://environment.data.gov.uk/flood-monitoring/def/core/datumASD,2026-09-22T13:30:00.000+00:00,0.125,2026-09-22T14:05:22.349+00:00,504336403758981
5233569125754104566,0904TH-level-stage-i-15_min----,3407658847552014208,0904TH,River Thames at Shifford Lock - level-stage-i-15_min----,level,Water Level,Stage,900,,---,instantaneous,,,,2026-09-22T14:05:22.349+00:00,504336403758981
-4057147931702752708,0904TH-level-downstage-i-15_min----,3407658847552014208,0904TH,River Thames at Shifford Lock - level-downstage-i-15_min----,level,Water Level,Downstream Stage,900,,---,instantaneous,,,,2026-09-22T14:05:22.349+00:00,504336403758981
-2043590488564697597,0904TH-level-downstage-i-15_min-mASD,3407658847552014208,0904TH,River Thames at Shifford Lock - level-downstage-i-15_min-mASD,level,Water Level,Downstream Stage,900,unit#Meter,mASD,instantaneous,http://environment.data.gov.uk/flood-monitoring/def/core/datumASD,2026-09-22T13:30:00.000+00:00,1.685,2026-09-22T14:05:22.349+00:00,504336403758981
8997596306209402728,0911TH-level-stage-i-15_min-mASD,-6964089161451982913,0911TH,Clanfield Brook at Clanfield - level-stage-i-15_min-mASD,level,Water Level,Stage,900,unit#Meter,mASD,instantaneous,http://environment.data.gov.uk/flood-monitoring/def/core/datumASD,2026-09-22T10:30:00.000+00:00,0.701,2026-09-22T14:05:22.349+00:00,504336403758981
-388108984092763506,0913TH-level-stage-i-15_min-mASD,-6128118467130462039,0913TH,BAMPTON FLOODWARNING - level-stage-i-15_min-mASD,level,Water Level,Stage,900,unit#Meter,mASD,instantaneous,http://environment.data.gov.uk/flood-monitoring/def/core/datumASD,2026-09-22T13:30:00.000+00:00,0.892,2026-09-22T14:05:22.349+00:00,504336403758981
519778094717859853,0924SE-rainfall-tipping_bucket_raingauge-t-15_min-mm,996897708088151445,0924SE,rainfall-tipping_bucket_raingauge-t-15_min-mm,rainfall,Rainfall,Tipping Bucket Raingauge,900,unit#Millimeter,mm,total,,2026-09-22T13:30:00.000+00:00,0,2026-09-22T14:05:22.349+00:00,504336403758981
8084737152228765286,0925SE-rainfall-tipping_bucket_raingauge-t-15_min-mm,-5236544509276960370,0925SE,rainfall-tipping_bucket_raingauge-t-15_min-mm,rainfall,Rainfall,Tipping Bucket Raingauge,900,unit#Millimeter,mm,total,,2026-09-22T13:30:00.000+00:00,0,2026-09-22T14:05:22.349+00:00,504336403758981
-1980787473609174677,1003SO-level-stage-i-15_min-mAOD,1446617333086575278,1003SO,West Gate Gardens RL Outstation - level-stage-i-15_min-mAOD,level,Water Level,Stage,900,unit#Meter,mAOD,instantaneous,http://environment.data.gov.uk/flood-monitoring/def/core/datumAOD,,,2026-09-22T14:05:22.349+00:00,504336403758981
-4323851220376209385,1003SO-level-stage-i-15_min-mASD,1446617333086575278,1003SO,West Gate Gardens RL Outstation - level-stage-i-15_min-mASD,level,Water Level,Stage,900,unit#Meter,mASD,instantaneous,http://environment.data.gov.uk/flood-monitoring/def/core/datumASD,2026-09-22T13:30:00.000+00:00,0.2,2026-09-22T14:05:22.349+00:00,504336403758981
7891508916089201531,1005-temperature-dry_bulb-i-1_h-deg_C,3600093077418087644,1005,Langley RAIN - temperature-dry_bulb-i-1_h-deg_C,temperature,Temperature,Dry Bulb,3600,unit#DegreeCentigrade,deg C,instantaneous,,,,2026-09-22T14:05:22.349+00:00,504336403758981
1546512578957865417,1005-temperature-dry_bulb-i-15_min-deg_C,3600093077418087644,1005,Langley RAIN - temperature-dry_bulb-i-15_min-deg_C,temperature,Temperature,Dry Bulb,900,unit#DegreeCentigrade,deg C,instantaneous,,,,2026-09-22T14:05:22.349+00:00,504336403758981
2957177543371918821,1020TH-level-stage-i-15_min-mASD,4945720744509854664,1020TH,RIVER WINDRUSH AT BOURTON ON THE WATER - level-stage-i-15_min-mASD,level,Water Level,Stage,900,unit#Meter,mASD,instantaneous,http://environment.data.gov.uk/flood-monitoring/def/core/datumASD,2026-09-22T13:15:00.000+00:00,0.092,2026-09-22T14:05:22.349+00:00,504336403758981
3385278414793928637,1020TH-level-downstage-i-15_min-mASD,4945720744509854664,1020TH,RIVER WINDRUSH AT BOURTON ON THE WATER - level-downstage-i-15_min-mASD,level,Water Level,Downstream Stage,900,unit#Meter,mASD,instantaneous,http://environment.data.gov.uk/flood-monitoring/def/core/datumASD,2026-09-22T13:15:00.000+00:00,-0.375,2026-09-22T14:05:22.349+00:00,504336403758981
-3364503654958130853,1023-level-groundwater-i-15_min-mBDAT,3684454984049122408,1023,Croxton - level-groundwater-i-15_min-mBDAT,level,Water Level,Groundwater,900,unit#Meter,mBDAT,instantaneous,http://environment.data.gov.uk/flood-monitoring/def/core/datumBDAT,2026-09-22T09:15:00.000+00:00,52.39,2026-09-22T14:05:22.349+00:00,504336403758981
8708647968018173952,1023SE-rainfall-tipping_bucket_raingauge-t-15_min-mm,-2041023352271129697,1023SE,rainfall-tipping_bucket_raingauge-t-15_min-mm,rainfall,Rainfall,Tipping Bucket Raingauge,900,unit#Millimeter,mm,total,,2026-09-22T13:15:00.000+00:00,0,2026-09-22T14:05:22.349+00:00,504336403758981
-8936484523522378346,1029TH-level-downstage-i-15_min-mASD,304989650380185793,1029TH,RIVER DIKLER AT BOURTON ON THE WATER - level-downstage-i-15_min-mASD,level,Water Level,Downstream Stage,900,unit#Meter,mASD,instantaneous,http://environment.data.gov.uk/flood-monitoring/def/core/datumASD,2026-09-22T13:15:00.000+00:00,-0.362,2026-09-22T14:05:22.349+00:00,504336403758981
5089460870330046290,1029TH-level-stage-i-15_min-mASD,304989650380185793,1029TH,RIVER DIKLER AT BOURTON ON THE WATER - level-stage-i-15_min-mASD,level,Water Level,Stage,900,unit#Meter,mASD,instantaneous,http://environment.data.gov.uk/flood-monitoring/def/core/datumASD,2026-09-22T13:15:00.000+00:00,0.07,2026-09-22T14:05:22.349+00:00,504336403758981
9208241533060517981,1040-rainfall-tipping_bucket_raingauge-t-15_min-mm,4425514007611908359,1040,rainfall-tipping_bucket_raingauge-t-15_min-mm,rainfall,Rainfall,Tipping Bucket Raingauge,900,unit#Millimeter,mm,total,,2026-09-22T13:15:00.000+00:00,0,2026-09-22T14:05:22.349+00:00,504336403758981
-6221487049902448285,1045-rainfall-tipping_bucket_raingauge-t-15_min-mm,-7702279105613933911,1045,rainfall-tipping_bucket_raingauge-t-15_min-mm,rainfall,Rainfall,Tipping Bucket Raingauge,900,unit#Millimeter,mm,total,,2026-09-22T13:15:00.000+00:00,0,2026-09-22T14:05:22.349+00:00,504336403758981
