measure_key,station_key,measure_notation,station_reference,reading_ts,reading_date,value,value_quality,run_id,loaded_at
-8936484523522378346,304989650380185793,1029TH-level-downstage-i-15_min-mASD,1029TH,2026-09-12T00:00:00.000+00:00,2026-09-12,-0.366,ok,297706178620246,2026-09-22T10:09:58.769+00:00
-8936484523522378346,304989650380185793,1029TH-level-downstage-i-15_min-mASD,1029TH,2026-09-12T00:15:00.000+00:00,2026-09-12,-0.366,ok,297706178620246,2026-09-22T10:09:58.769+00:00
-8936484523522378346,304989650380185793,1029TH-level-downstage-i-15_min-mASD,1029TH,2026-09-12T00:30:00.000+00:00,2026-09-12,-0.366,ok,297706178620246,2026-09-22T10:09:58.769+00:00
-8936484523522378346,304989650380185793,1029TH-level-downstage-i-15_min-mASD,1029TH,2026-09-12T00:45:00.000+00:00,2026-09-12,-0.369,ok,297706178620246,2026-09-22T10:09:58.769+00:00
-8936484523522378346,304989650380185793,1029TH-level-downstage-i-15_min-mASD,1029TH,2026-09-12T01:00:00.000+00:00,2026-09-12,-0.371,ok,297706178620246,2026-09-22T10:09:58.769+00:00
-8936484523522378346,304989650380185793,1029TH-level-downstage-i-15_min-mASD,1029TH,2026-09-12T01:15:00.000+00:00,2026-09-12,-0.371,ok,297706178620246,2026-09-22T10:09:58.769+00:00
-8936484523522378346,304989650380185793,1029TH-level-downstage-i-15_min-mASD,1029TH,2026-09-12T01:30:00.000+00:00,2026-09-12,-0.37,ok,297706178620246,2026-09-22T10:09:58.769+00:00
-8936484523522378346,304989650380185793,1029TH-level-downstage-i-15_min-mASD,1029TH,2026-09-12T01:45:00.000+00:00,2026-09-12,-0.37,ok,297706178620246,2026-09-22T10:09:58.769+00:00
-8936484523522378346,304989650380185793,1029TH-level-downstage-i-15_min-mASD,1029TH,2026-09-12T02:00:00.000+00:00,2026-09-12,-0.367,ok,297706178620246,2026-09-22T10:09:58.769+00:00
-8936484523522378346,304989650380185793,1029TH-level-downstage-i-15_min-mASD,1029TH,2026-09-12T02:15:00.000+00:00,2026-09-12,-0.366,ok,297706178620246,2026-09-22T10:09:58.769+00:00
-8936484523522378346,304989650380185793,1029TH-level-downstage-i-15_min-mASD,1029TH,2026-09-12T02:30:00.000+00:00,2026-09-12,-0.366,ok,297706178620246,2026-09-22T10:09:58.769+00:00
-8936484523522378346,304989650380185793,1029TH-level-downstage-i-15_min-mASD,1029TH,2026-09-12T02:45:00.000+00:00,2026-09-12,-0.367,ok,297706178620246,2026-09-22T10:09:58.769+00:00
-8936484523522378346,304989650380185793,1029TH-level-downstage-i-15_min-mASD,1029TH,2026-09-12T03:00:00.000+00:00,2026-09-12,-0.365,ok,297706178620246,2026-09-22T10:09:58.769+00:00
-8936484523522378346,304989650380185793,1029TH-level-downstage-i-15_min-mASD,1029TH,2026-09-12T03:15:00.000+00:00,2026-09-12,-0.362,ok,297706178620246,2026-09-22T10:09:58.769+00:00
-8936484523522378346,304989650380185793,1029TH-level-downstage-i-15_min-mASD,1029TH,2026-09-12T03:30:00.000+00:00,2026-09-12,-0.357,ok,297706178620246,2026-09-22T10:09:58.769+00:00
-8936484523522378346,304989650380185793,1029TH-level-downstage-i-15_min-mASD,1029TH,2026-09-12T03:45:00.000+00:00,2026-09-12,-0.355,ok,297706178620246,2026-09-22T10:09:58.769+00:00
-8936484523522378346,304989650380185793,1029TH-level-downstage-i-15_min-mASD,1029TH,2026-09-12T04:00:00.000+00:00,2026-09-12,-0.353,ok,297706178620246,2026-09-22T10:09:58.769+00:00
-8936484523522378346,304989650380185793,1029TH-level-downstage-i-15_min-mASD,1029TH,2026-09-12T04:15:00.000+00:00,2026-09-12,-0.351,ok,297706178620246,2026-09-22T10:09:58.769+00:00
-8936484523522378346,304989650380185793,1029TH-level-downstage-i-15_min-mASD,1029TH,2026-09-12T04:30:00.000+00:00,2026-09-12,-0.351,ok,297706178620246,2026-09-22T10:09:58.769+00:00
-8936484523522378346,304989650380185793,1029TH-level-downstage-i-15_min-mASD,1029TH,2026-09-12T04:45:00.000+00:00,2026-09-12,-0.352,ok,297706178620246,2026-09-22T10:09:58.769+00:00
-8936484523522378346,304989650380185793,1029TH-level-downstage-i-15_min-mASD,1029TH,2026-09-12T05:00:00.000+00:00,2026-09-12,-0.355,ok,297706178620246,2026-09-22T10:09:58.769+00:00
-8936484523522378346,304989650380185793,1029TH-level-downstage-i-15_min-mASD,1029TH,2026-09-12T05:15:00.000+00:00,2026-09-12,-0.358,ok,297706178620246,2026-09-22T10:09:58.769+00:00
-8936484523522378346,304989650380185793,1029TH-level-downstage-i-15_min-mASD,1029TH,2026-09-12T05:30:00.000+00:00,2026-09-12,-0.362,ok,297706178620246,2026-09-22T10:09:58.769+00:00
-8936484523522378346,304989650380185793,1029TH-level-downstage-i-15_min-mASD,1029TH,2026-09-12T05:45:00.000+00:00,2026-09-12,-0.364,ok,297706178620246,2026-09-22T10:09:58.769+00:00
-8936484523522378346,304989650380185793,1029TH-level-downstage-i-15_min-mASD,1029TH,2026-09-12T06:00:00.000+00:00,2026-09-12,-0.367,ok,297706178620246,2026-09-22T10:09:58.769+00:00
-8936484523522378346,304989650380185793,1029TH-level-downstage-i-15_min-mASD,1029TH,2026-09-12T06:15:00.000+00:00,2026-09-12,-0.368,ok,297706178620246,2026-09-22T10:09:58.769+00:00
-8936484523522378346,304989650380185793,1029TH-level-downstage-i-15_min-mASD,1029TH,2026-09-12T06:30:00.000+00:00,2026-09-12,-0.37,ok,297706178620246,2026-09-22T10:09:58.769+00:00
-8936484523522378346,304989650380185793,1029TH-level-downstage-i-15_min-mASD,1029TH,2026-09-12T06:45:00.000+00:00,2026-09-12,-0.372,ok,297706178620246,2026-09-22T10:09:58.769+00:00
-8936484523522378346,304989650380185793,1029TH-level-downstage-i-15_min-mASD,1029TH,2026-09-12T07:00:00.000+00:00,2026-09-12,-0.372,ok,297706178620246,2026-09-22T10:09:58.769+00:00
-8936484523522378346,304989650380185793,1029TH-level-downstage-i-15_min-mASD,1029TH,2026-09-12T07:15:00.000+00:00,2026-09-12,-0.374,ok,297706178620246,2026-09-22T10:09:58.769+00:00
-8936484523522378346,304989650380185793,1029TH-level-downstage-i-15_min-mASD,1029TH,2026-09-12T07:30:00.000+00:00,2026-09-12,-0.371,ok,297706178620246,2026-09-22T10:09:58.769+00:00
-8936484523522378346,304989650380185793,1029TH-level-downstage-i-15_min-mASD,1029TH,2026-09-12T07:45:00.000+00:00,2026-09-12,-0.369,ok,297706178620246,2026-09-22T10:09:58.769+00:00
-8936484523522378346,304989650380185793,1029TH-level-downstage-i-15_min-mASD,1029TH,2026-09-12T08:00:00.000+00:00,2026-09-12,-0.365,ok,297706178620246,2026-09-22T10:09:58.769+00:00
-8936484523522378346,304989650380185793,1029TH-level-downstage-i-15_min-mASD,1029TH,2026-09-12T08:15:00.000+00:00,2026-09-12,-0.363,ok,297706178620246,2026-09-22T10:09:58.769+00:00
-8936484523522378346,304989650380185793,1029TH-level-downstage-i-15_min-mASD,1029TH,2026-09-12T08:30:00.000+00:00,2026-09-12,-0.362,ok,297706178620246,2026-09-22T10:09:58.769+00:00
-8936484523522378346,304989650380185793,1029TH-level-downstage-i-15_min-mASD,1029TH,2026-09-12T08:45:00.000+00:00,2026-09-12,-0.36,ok,297706178620246,2026-09-22T10:09:58.769+00:00
-8936484523522378346,304989650380185793,1029TH-level-downstage-i-15_min-mASD,1029TH,2026-09-12T09:00:00.000+00:00,2026-09-12,-0.361,ok,297706178620246,2026-09-22T10:09:58.769+00:00
-8936484523522378346,304989650380185793,1029TH-level-downstage-i-15_min-mASD,1029TH,2026-09-12T09:15:00.000+00:00,2026-09-12,-0.362,ok,297706178620246,2026-09-22T10:09:58.769+00:00
-8936484523522378346,304989650380185793,1029TH-level-downstage-i-15_min-mASD,1029TH,2026-09-12T09:30:00.000+00:00,2026-09-12,-0.361,ok,297706178620246,2026-09-22T10:09:58.769+00:00
-8936484523522378346,304989650380185793,1029TH-level-downstage-i-15_min-mASD,1029TH,2026-09-12T09:45:00.000+00:00,2026-09-12,-0.361,ok,297706178620246,2026-09-22T10:09:58.769+00:00
-8936484523522378346,304989650380185793,1029TH-level-downstage-i-15_min-mASD,1029TH,2026-09-12T10:00:00.000+00:00,2026-09-12,-0.361,ok,297706178620246,2026-09-22T10:09:58.769+00:00
-8936484523522378346,304989650380185793,1029TH-level-downstage-i-15_min-mASD,1029TH,2026-09-12T10:15:00.000+00:00,2026-09-12,-0.36,ok,297706178620246,2026-09-22T10:09:58.769+00:00
-8936484523522378346,304989650380185793,1029TH-level-downstage-i-15_min-mASD,1029TH,2026-09-12T10:30:00.000+00:00,2026-09-12,-0.36,ok,297706178620246,2026-09-22T10:09:58.769+00:00
-8936484523522378346,304989650380185793,1029TH-level-downstage-i-15_min-mASD,1029TH,2026-09-12T10:45:00.000+00:00,2026-09-12,-0.36,ok,297706178620246,2026-09-22T10:09:58.769+00:00
-8936484523522378346,304989650380185793,1029TH-level-downstage-i-15_min-mASD,1029TH,2026-09-12T11:00:00.000+00:00,2026-09-12,-0.36,ok,297706178620246,2026-09-22T10:09:58.769+00:00
-8936484523522378346,304989650380185793,1029TH-level-downstage-i-15_min-mASD,1029TH,2026-09-12T11:15:00.000+00:00,2026-09-12,-0.358,ok,297706178620246,2026-09-22T10:09:58.769+00:00
-8936484523522378346,304989650380185793,1029TH-level-downstage-i-15_min-mASD,1029TH,2026-09-12T11:30:00.000+00:00,2026-09-12,-0.357,ok,297706178620246,2026-09-22T10:09:58.769+00:00
-8936484523522378346,304989650380185793,1029TH-level-downstage-i-15_min-mASD,1029TH,2026-09-12T11:45:00.000+00:00,2026-09-12,-0.357,ok,297706178620246,2026-09-22T10:09:58.769+00:00
-8936484523522378346,304989650380185793,1029TH-level-downstage-i-15_min-mASD,1029TH,2026-09-12T12:00:00.000+00:00,2026-09-12,-0.355,ok,297706178620246,2026-09-22T10:09:58.769+00:00
-8936484523522378346,304989650380185793,1029TH-level-downstage-i-15_min-mASD,1029TH,2026-09-12T12:15:00.000+00:00,2026-09-12,-0.353,ok,297706178620246,2026-09-22T10:09:58.769+00:00
-8936484523522378346,304989650380185793,1029TH-level-downstage-i-15_min-mASD,1029TH,2026-09-12T12:30:00.000+00:00,2026-09-12,-0.353,ok,297706178620246,2026-09-22T10:09:58.769+00:00
-8936484523522378346,304989650380185793,1029TH-level-downstage-i-15_min-mASD,1029TH,2026-09-12T12:45:00.000+00:00,2026-09-12,-0.354,ok,297706178620246,2026-09-22T10:09:58.769+00:00
-8936484523522378346,304989650380185793,1029TH-level-downstage-i-15_min-mASD,1029TH,2026-09-12T13:00:00.000+00:00,2026-09-12,-0.354,ok,297706178620246,2026-09-22T10:09:58.769+00:00
-8936484523522378346,304989650380185793,1029TH-level-downstage-i-15_min-mASD,1029TH,2026-09-12T13:15:00.000+00:00,2026-09-12,-0.353,ok,297706178620246,2026-09-22T10:09:58.769+00:00
-8936484523522378346,304989650380185793,1029TH-level-downstage-i-15_min-mASD,1029TH,2026-09-12T13:30:00.000+00:00,2026-09-12,-0.353,ok,297706178620246,2026-09-22T10:09:58.769+00:00
-8936484523522378346,304989650380185793,1029TH-level-downstage-i-15_min-mASD,1029TH,2026-09-12T13:45:00.000+00:00,2026-09-12,-0.354,ok,297706178620246,2026-09-22T10:09:58.769+00:00
-8936484523522378346,304989650380185793,1029TH-level-downstage-i-15_min-mASD,1029TH,2026-09-12T14:00:00.000+00:00,2026-09-12,-0.355,ok,297706178620246,2026-09-22T10:09:58.769+00:00
-8936484523522378346,304989650380185793,1029TH-level-downstage-i-15_min-mASD,1029TH,2026-09-12T14:15:00.000+00:00,2026-09-12,-0.356,ok,297706178620246,2026-09-22T10:09:58.769+00:00
-8936484523522378346,304989650380185793,1029TH-level-downstage-i-15_min-mASD,1029TH,2026-09-12T14:30:00.000+00:00,2026-09-12,-0.358,ok,297706178620246,2026-09-22T10:09:58.769+00:00
-8936484523522378346,304989650380185793,1029TH-level-downstage-i-15_min-mASD,1029TH,2026-09-12T14:45:00.000+00:00,2026-09-12,-0.361,ok,297706178620246,2026-09-22T10:09:58.769+00:00
-8936484523522378346,304989650380185793,1029TH-level-downstage-i-15_min-mASD,1029TH,2026-09-12T15:00:00.000+00:00,2026-09-12,-0.361,ok,297706178620246,2026-09-22T10:09:58.769+00:00
-8936484523522378346,304989650380185793,1029TH-level-downstage-i-15_min-mASD,1029TH,2026-09-12T15:15:00.000+00:00,2026-09-12,-0.364,ok,297706178620246,2026-09-22T10:09:58.769+00:00
-8936484523522378346,304989650380185793,1029TH-level-downstage-i-15_min-mASD,1029TH,2026-09-12T15:30:00.000+00:00,2026-09-12,-0.365,ok,297706178620246,2026-09-22T10:09:58.769+00:00
-8936484523522378346,304989650380185793,1029TH-level-downstage-i-15_min-mASD,1029TH,2026-09-12T15:45:00.000+00:00,2026-09-12,-0.366,ok,297706178620246,2026-09-22T10:09:58.769+00:00
-8936484523522378346,304989650380185793,1029TH-level-downstage-i-15_min-mASD,1029TH,2026-09-12T16:00:00.000+00:00,2026-09-12,-0.368,ok,297706178620246,2026-09-22T10:09:58.769+00:00
-8936484523522378346,304989650380185793,1029TH-level-downstage-i-15_min-mASD,1029TH,2026-09-12T16:15:00.000+00:00,2026-09-12,-0.369,ok,297706178620246,2026-09-22T10:09:58.769+00:00
-8936484523522378346,304989650380185793,1029TH-level-downstage-i-15_min-mASD,1029TH,2026-09-12T16:30:00.000+00:00,2026-09-12,-0.37,ok,297706178620246,2026-09-22T10:09:58.769+00:00
-8936484523522378346,304989650380185793,1029TH-level-downstage-i-15_min-mASD,1029TH,2026-09-12T16:45:00.000+00:00,2026-09-12,-0.369,ok,297706178620246,2026-09-22T10:09:58.769+00:00
-8936484523522378346,304989650380185793,1029TH-level-downstage-i-15_min-mASD,1029TH,2026-09-12T17:00:00.000+00:00,2026-09-12,-0.37,ok,297706178620246,2026-09-22T10:09:58.769+00:00
-8936484523522378346,304989650380185793,1029TH-level-downstage-i-15_min-mASD,1029TH,2026-09-12T17:15:00.000+00:00,2026-09-12,-0.37,ok,297706178620246,2026-09-22T10:09:58.769+00:00
-8936484523522378346,304989650380185793,1029TH-level-downstage-i-15_min-mASD,1029TH,2026-09-12T17:30:00.000+00:00,2026-09-12,-0.369,ok,297706178620246,2026-09-22T10:09:58.769+00:00
-8936484523522378346,304989650380185793,1029TH-level-downstage-i-15_min-mASD,1029TH,2026-09-12T17:45:00.000+00:00,2026-09-12,-0.37,ok,297706178620246,2026-09-22T10:09:58.769+00:00
-8936484523522378346,304989650380185793,1029TH-level-downstage-i-15_min-mASD,1029TH,2026-09-12T18:00:00.000+00:00,2026-09-12,-0.371,ok,297706178620246,2026-09-22T10:09:58.769+00:00
-8936484523522378346,304989650380185793,1029TH-level-downstage-i-15_min-mASD,1029TH,2026-09-12T18:15:00.000+00:00,2026-09-12,-0.37,ok,297706178620246,2026-09-22T10:09:58.769+00:00
-8936484523522378346,304989650380185793,1029TH-level-downstage-i-15_min-mASD,1029TH,2026-09-12T18:30:00.000+00:00,2026-09-12,-0.37,ok,297706178620246,2026-09-22T10:09:58.769+00:00
-8936484523522378346,304989650380185793,1029TH-level-downstage-i-15_min-mASD,1029TH,2026-09-12T18:45:00.000+00:00,2026-09-12,-0.371,ok,297706178620246,2026-09-22T10:09:58.769+00:00
-8936484523522378346,304989650380185793,1029TH-level-downstage-i-15_min-mASD,1029TH,2026-09-12T19:00:00.000+00:00,2026-09-12,-0.371,ok,297706178620246,2026-09-22T10:09:58.769+00:00
-8936484523522378346,304989650380185793,1029TH-level-downstage-i-15_min-mASD,1029TH,2026-09-12T19:15:00.000+00:00,2026-09-12,-0.371,ok,297706178620246,2026-09-22T10:09:58.769+00:00
-8936484523522378346,304989650380185793,1029TH-level-downstage-i-15_min-mASD,1029TH,2026-09-12T19:30:00.000+00:00,2026-09-12,-0.373,ok,297706178620246,2026-09-22T10:09:58.769+00:00
-8936484523522378346,304989650380185793,1029TH-level-downstage-i-15_min-mASD,1029TH,2026-09-12T19:45:00.000+00:00,2026-09-12,-0.372,ok,297706178620246,2026-09-22T10:09:58.769+00:00
-8936484523522378346,304989650380185793,1029TH-level-downstage-i-15_min-mASD,1029TH,2026-09-12T20:00:00.000+00:00,2026-09-12,-0.373,ok,297706178620246,2026-09-22T10:09:58.769+00:00
-8936484523522378346,304989650380185793,1029TH-level-downstage-i-15_min-mASD,1029TH,2026-09-12T20:15:00.000+00:00,2026-09-12,-0.375,ok,297706178620246,2026-09-22T10:09:58.769+00:00
-8936484523522378346,304989650380185793,1029TH-level-downstage-i-15_min-mASD,1029TH,2026-09-12T20:30:00.000+00:00,2026-09-12,-0.375,ok,297706178620246,2026-09-22T10:09:58.769+00:00
-8936484523522378346,304989650380185793,1029TH-level-downstage-i-15_min-mASD,1029TH,2026-09-12T20:45:00.000+00:00,2026-09-12,-0.378,ok,297706178620246,2026-09-22T10:09:58.769+00:00
-8936484523522378346,304989650380185793,1029TH-level-downstage-i-15_min-mASD,1029TH,2026-09-12T21:00:00.000+00:00,2026-09-12,-0.377,ok,297706178620246,2026-09-22T10:09:58.769+00:00
-8936484523522378346,304989650380185793,1029TH-level-downstage-i-15_min-mASD,1029TH,2026-09-12T21:15:00.000+00:00,2026-09-12,-0.378,ok,297706178620246,2026-09-22T10:09:58.769+00:00
-8936484523522378346,304989650380185793,1029TH-level-downstage-i-15_min-mASD,1029TH,2026-09-12T21:30:00.000+00:00,2026-09-12,-0.378,ok,297706178620246,2026-09-22T10:09:58.769+00:00
-8936484523522378346,304989650380185793,1029TH-level-downstage-i-15_min-mASD,1029TH,2026-09-12T21:45:00.000+00:00,2026-09-12,-0.379,ok,297706178620246,2026-09-22T10:09:58.769+00:00
-8936484523522378346,304989650380185793,1029TH-level-downstage-i-15_min-mASD,1029TH,2026-09-12T22:00:00.000+00:00,2026-09-12,-0.378,ok,297706178620246,2026-09-22T10:09:58.769+00:00
-8936484523522378346,304989650380185793,1029TH-level-downstage-i-15_min-mASD,1029TH,2026-09-12T22:15:00.000+00:00,2026-09-12,-0.378,ok,297706178620246,2026-09-22T10:09:58.769+00:00
-8936484523522378346,304989650380185793,1029TH-level-downstage-i-15_min-mASD,1029TH,2026-09-12T22:30:00.000+00:00,2026-09-12,-0.378,ok,297706178620246,2026-09-22T10:09:58.769+00:00
-8936484523522378346,304989650380185793,1029TH-level-downstage-i-15_min-mASD,1029TH,2026-09-12T22:45:00.000+00:00,2026-09-12,-0.376,ok,297706178620246,2026-09-22T10:09:58.769+00:00
-8936484523522378346,304989650380185793,1029TH-level-downstage-i-15_min-mASD,1029TH,2026-09-12T23:00:00.000+00:00,2026-09-12,-0.375,ok,297706178620246,2026-09-22T10:09:58.769+00:00
-8936484523522378346,304989650380185793,1029TH-level-downstage-i-15_min-mASD,1029TH,2026-09-12T23:15:00.000+00:00,2026-09-12,-0.374,ok,297706178620246,2026-09-22T10:09:58.769+00:00
-8936484523522378346,304989650380185793,1029TH-level-downstage-i-15_min-mASD,1029TH,2026-09-12T23:30:00.000+00:00,2026-09-12,-0.373,ok,297706178620246,2026-09-22T10:09:58.769+00:00
-8936484523522378346,304989650380185793,1029TH-level-downstage-i-15_min-mASD,1029TH,2026-09-12T23:45:00.000+00:00,2026-09-12,-0.373,ok,297706178620246,2026-09-22T10:09:58.769+00:00
-8936484523522378346,304989650380185793,1029TH-level-downstage-i-15_min-mASD,1029TH,2026-09-13T00:00:00.000+00:00,2026-09-13,-0.368,ok,297706178620246,2026-09-22T10:09:58.769+00:00
-8936484523522378346,304989650380185793,1029TH-level-downstage-i-15_min-mASD,1029TH,2026-09-13T00:15:00.000+00:00,2026-09-13,-0.366,ok,297706178620246,2026-09-22T10:09:58.769+00:00
-8936484523522378346,304989650380185793,1029TH-level-downstage-i-15_min-mASD,1029TH,2026-09-13T00:30:00.000+00:00,2026-09-13,-0.363,ok,297706178620246,2026-09-22T10:09:58.769+00:00
-8936484523522378346,304989650380185793,1029TH-level-downstage-i-15_min-mASD,1029TH,2026-09-13T00:45:00.000+00:00,2026-09-13,-0.364,ok,297706178620246,2026-09-22T10:09:58.769+00:00
-8936484523522378346,304989650380185793,1029TH-level-downstage-i-15_min-mASD,1029TH,2026-09-13T01:00:00.000+00:00,2026-09-13,-0.362,ok,297706178620246,2026-09-22T10:09:58.769+00:00
-8936484523522378346,304989650380185793,1029TH-level-downstage-i-15_min-mASD,1029TH,2026-09-13T01:15:00.000+00:00,2026-09-13,-0.362,ok,297706178620246,2026-09-22T10:09:58.769+00:00
-8936484523522378346,304989650380185793,1029TH-level-downstage-i-15_min-mASD,1029TH,2026-09-13T01:30:00.000+00:00,2026-09-13,-0.362,ok,297706178620246,2026-09-22T10:09:58.769+00:00
-8936484523522378346,304989650380185793,1029TH-level-downstage-i-15_min-mASD,1029TH,2026-09-13T01:45:00.000+00:00,2026-09-13,-0.363,ok,297706178620246,2026-09-22T10:09:58.769+00:00
-8936484523522378346,304989650380185793,1029TH-level-downstage-i-15_min-mASD,1029TH,2026-09-13T02:00:00.000+00:00,2026-09-13,-0.363,ok,297706178620246,2026-09-22T10:09:58.769+00:00
-8936484523522378346,304989650380185793,1029TH-level-downstage-i-15_min-mASD,1029TH,2026-09-13T02:15:00.000+00:00,2026-09-13,-0.363,ok,297706178620246,2026-09-22T10:09:58.769+00:00
-8936484523522378346,304989650380185793,1029TH-level-downstage-i-15_min-mASD,1029TH,2026-09-13T02:30:00.000+00:00,2026-09-13,-0.362,ok,297706178620246,2026-09-22T10:09:58.769+00:00
-8936484523522378346,304989650380185793,1029TH-level-downstage-i-15_min-mASD,1029TH,2026-09-13T02:45:00.000+00:00,2026-09-13,-0.362,ok,297706178620246,2026-09-22T10:09:58.769+00:00
-8936484523522378346,304989650380185793,1029TH-level-downstage-i-15_min-mASD,1029TH,2026-09-13T03:00:00.000+00:00,2026-09-13,-0.361,ok,297706178620246,2026-09-22T10:09:58.769+00:00
-8936484523522378346,304989650380185793,1029TH-level-downstage-i-15_min-mASD,1029TH,2026-09-13T03:30:00.000+00:00,2026-09-13,-0.359,ok,297706178620246,2026-09-22T10:09:58.769+00:00
-8936484523522378346,304989650380185793,1029TH-level-downstage-i-15_min-mASD,1029TH,2026-09-13T03:45:00.000+00:00,2026-09-13,-0.359,ok,297706178620246,2026-09-22T10:09:58.769+00:00
-8936484523522378346,304989650380185793,1029TH-level-downstage-i-15_min-mASD,1029TH,2026-09-13T04:00:00.000+00:00,2026-09-13,-0.357,ok,297706178620246,2026-09-22T10:09:58.769+00:00
-8936484523522378346,304989650380185793,1029TH-level-downstage-i-15_min-mASD,1029TH,2026-09-13T04:15:00.000+00:00,2026-09-13,-0.354,ok,297706178620246,2026-09-22T10:09:58.769+00:00
-8936484523522378346,304989650380185793,1029TH-level-downstage-i-15_min-mASD,1029TH,2026-09-13T04:30:00.000+00:00,2026-09-13,-0.354,ok,297706178620246,2026-09-22T10:09:58.769+00:00
-8936484523522378346,304989650380185793,1029TH-level-downstage-i-15_min-mASD,1029TH,2026-09-13T04:45:00.000+00:00,2026-09-13,-0.352,ok,297706178620246,2026-09-22T10:09:58.769+00:00
-8936484523522378346,304989650380185793,1029TH-level-downstage-i-15_min-mASD,1029TH,2026-09-13T05:00:00.000+00:00,2026-09-13,-0.35,ok,297706178620246,2026-09-22T10:09:58.769+00:00
-8936484523522378346,304989650380185793,1029TH-level-downstage-i-15_min-mASD,1029TH,2026-09-13T05:15:00.000+00:00,2026-09-13,-0.349,ok,297706178620246,2026-09-22T10:09:58.769+00:00
-8936484523522378346,304989650380185793,1029TH-level-downstage-i-15_min-mASD,1029TH,2026-09-13T05:30:00.000+00:00,2026-09-13,-0.347,ok,297706178620246,2026-09-22T10:09:58.769+00:00
-8936484523522378346,304989650380185793,1029TH-level-downstage-i-15_min-mASD,1029TH,2026-09-13T05:45:00.000+00:00,2026-09-13,-0.346,ok,297706178620246,2026-09-22T10:09:58.769+00:00
-8936484523522378346,304989650380185793,1029TH-level-downstage-i-15_min-mASD,1029TH,2026-09-13T06:00:00.000+00:00,2026-09-13,-0.345,ok,297706178620246,2026-09-22T10:09:58.769+00:00
-8936484523522378346,304989650380185793,1029TH-level-downstage-i-15_min-mASD,1029TH,2026-09-13T06:15:00.000+00:00,2026-09-13,-0.345,ok,297706178620246,2026-09-22T10:09:58.769+00:00
-8936484523522378346,304989650380185793,1029TH-level-downstage-i-15_min-mASD,1029TH,2026-09-13T06:30:00.000+00:00,2026-09-13,-0.344,ok,297706178620246,2026-09-22T10:09:58.769+00:00
-8936484523522378346,304989650380185793,1029TH-level-downstage-i-15_min-mASD,1029TH,2026-09-13T06:45:00.000+00:00,2026-09-13,-0.344,ok,297706178620246,2026-09-22T10:09:58.769+00:00
-8936484523522378346,304989650380185793,1029TH-level-downstage-i-15_min-mASD,1029TH,2026-09-13T07:00:00.000+00:00,2026-09-13,-0.343,ok,297706178620246,2026-09-22T10:09:58.769+00:00
-8936484523522378346,304989650380185793,1029TH-level-downstage-i-15_min-mASD,1029TH,2026-09-13T07:15:00.000+00:00,2026-09-13,-0.341,ok,297706178620246,2026-09-22T10:09:58.769+00:00
-8936484523522378346,304989650380185793,1029TH-level-downstage-i-15_min-mASD,1029TH,2026-09-13T07:30:00.000+00:00,2026-09-13,-0.336,ok,297706178620246,2026-09-22T10:09:58.769+00:00
-8936484523522378346,304989650380185793,1029TH-level-downstage-i-15_min-mASD,1029TH,2026-09-13T07:45:00.000+00:00,2026-09-13,-0.333,ok,297706178620246,2026-09-22T10:09:58.769+00:00
-8936484523522378346,304989650380185793,1029TH-level-downstage-i-15_min-mASD,1029TH,2026-09-13T08:00:00.000+00:00,2026-09-13,-0.335,ok,297706178620246,2026-09-22T10:09:58.769+00:00
-8936484523522378346,304989650380185793,1029TH-level-downstage-i-15_min-mASD,1029TH,2026-09-13T08:15:00.000+00:00,2026-09-13,-0.335,ok,297706178620246,2026-09-22T10:09:58.769+00:00
-8936484523522378346,304989650380185793,1029TH-level-downstage-i-15_min-mASD,1029TH,2026-09-13T08:30:00.000+00:00,2026-09-13,-0.335,ok,297706178620246,2026-09-22T10:09:58.769+00:00
-8936484523522378346,304989650380185793,1029TH-level-downstage-i-15_min-mASD,1029TH,2026-09-13T08:45:00.000+00:00,2026-09-13,-0.336,ok,297706178620246,2026-09-22T10:09:58.769+00:00
-8936484523522378346,304989650380185793,1029TH-level-downstage-i-15_min-mASD,1029TH,2026-09-13T09:00:00.000+00:00,2026-09-13,-0.334,ok,297706178620246,2026-09-22T10:09:58.769+00:00
-8936484523522378346,304989650380185793,1029TH-level-downstage-i-15_min-mASD,1029TH,2026-09-13T09:15:00.000+00:00,2026-09-13,-0.332,ok,297706178620246,2026-09-22T10:09:58.769+00:00
-8936484523522378346,304989650380185793,1029TH-level-downstage-i-15_min-mASD,1029TH,2026-09-13T09:30:00.000+00:00,2026-09-13,-0.33,ok,297706178620246,2026-09-22T10:09:58.769+00:00
-8936484523522378346,304989650380185793,1029TH-level-downstage-i-15_min-mASD,1029TH,2026-09-13T09:45:00.000+00:00,2026-09-13,-0.33,ok,297706178620246,2026-09-22T10:09:58.769+00:00
-8936484523522378346,304989650380185793,1029TH-level-downstage-i-15_min-mASD,1029TH,2026-09-13T10:00:00.000+00:00,2026-09-13,-0.326,ok,297706178620246,2026-09-22T10:09:58.769+00:00
-8936484523522378346,304989650380185793,1029TH-level-downstage-i-15_min-mASD,1029TH,2026-09-13T10:15:00.000+00:00,2026-09-13,-0.325,ok,297706178620246,2026-09-22T10:09:58.769+00:00
-8936484523522378346,304989650380185793,1029TH-level-downstage-i-15_min-mASD,1029TH,2026-09-13T10:30:00.000+00:00,2026-09-13,-0.322,ok,297706178620246,2026-09-22T10:09:58.769+00:00
-8936484523522378346,304989650380185793,1029TH-level-downstage-i-15_min-mASD,1029TH,2026-09-13T10:45:00.000+00:00,2026-09-13,-0.322,ok,297706178620246,2026-09-22T10:09:58.769+00:00
-8936484523522378346,304989650380185793,1029TH-level-downstage-i-15_min-mASD,1029TH,2026-09-13T11:00:00.000+00:00,2026-09-13,-0.321,ok,297706178620246,2026-09-22T10:09:58.769+00:00
-8936484523522378346,304989650380185793,1029TH-level-downstage-i-15_min-mASD,1029TH,2026-09-13T11:15:00.000+00:00,2026-09-13,-0.321,ok,297706178620246,2026-09-22T10:09:58.769+00:00
-8936484523522378346,304989650380185793,1029TH-level-downstage-i-15_min-mASD,1029TH,2026-09-13T11:30:00.000+00:00,2026-09-13,-0.321,ok,297706178620246,2026-09-22T10:09:58.769+00:00
-8936484523522378346,304989650380185793,1029TH-level-downstage-i-15_min-mASD,1029TH,2026-09-13T11:45:00.000+00:00,2026-09-13,-0.322,ok,297706178620246,2026-09-22T10:09:58.769+00:00
-8936484523522378346,304989650380185793,1029TH-level-downstage-i-15_min-mASD,1029TH,2026-09-13T12:00:00.000+00:00,2026-09-13,-0.323,ok,297706178620246,2026-09-22T10:09:58.769+00:00
-8936484523522378346,304989650380185793,1029TH-level-downstage-i-15_min-mASD,1029TH,2026-09-13T12:15:00.000+00:00,2026-09-13,-0.324,ok,297706178620246,2026-09-22T10:09:58.769+00:00
-8936484523522378346,304989650380185793,1029TH-level-downstage-i-15_min-mASD,1029TH,2026-09-13T12:30:00.000+00:00,2026-09-13,-0.326,ok,297706178620246,2026-09-22T10:09:58.769+00:00
-8936484523522378346,304989650380185793,1029TH-level-downstage-i-15_min-mASD,1029TH,2026-09-13T12:45:00.000+00:00,2026-09-13,-0.328,ok,297706178620246,2026-09-22T10:09:58.769+00:00
-8936484523522378346,304989650380185793,1029TH-level-downstage-i-15_min-mASD,1029TH,2026-09-13T13:00:00.000+00:00,2026-09-13,-0.33,ok,297706178620246,2026-09-22T10:09:58.769+00:00
-8936484523522378346,304989650380185793,1029TH-level-downstage-i-15_min-mASD,1029TH,2026-09-13T13:15:00.000+00:00,2026-09-13,-0.331,ok,297706178620246,2026-09-22T10:09:58.769+00:00
-8936484523522378346,304989650380185793,1029TH-level-downstage-i-15_min-mASD,1029TH,2026-09-13T13:30:00.000+00:00,2026-09-13,-0.332,ok,297706178620246,2026-09-22T10:09:58.769+00:00
-8936484523522378346,304989650380185793,1029TH-level-downstage-i-15_min-mASD,1029TH,2026-09-13T13:45:00.000+00:00,2026-09-13,-0.334,ok,297706178620246,2026-09-22T10:09:58.769+00:00
-8936484523522378346,304989650380185793,1029TH-level-downstage-i-15_min-mASD,1029TH,2026-09-13T14:00:00.000+00:00,2026-09-13,-0.336,ok,297706178620246,2026-09-22T10:09:58.769+00:00
-8936484523522378346,304989650380185793,1029TH-level-downstage-i-15_min-mASD,1029TH,2026-09-13T14:15:00.000+00:00,2026-09-13,-0.337,ok,297706178620246,2026-09-22T10:09:58.769+00:00
-8936484523522378346,304989650380185793,1029TH-level-downstage-i-15_min-mASD,1029TH,2026-09-13T14:30:00.000+00:00,2026-09-13,-0.338,ok,297706178620246,2026-09-22T10:09:58.769+00:00
-8936484523522378346,304989650380185793,1029TH-level-downstage-i-15_min-mASD,1029TH,2026-09-13T14:45:00.000+00:00,2026-09-13,-0.341,ok,297706178620246,2026-09-22T10:09:58.769+00:00
-8936484523522378346,304989650380185793,1029TH-level-downstage-i-15_min-mASD,1029TH,2026-09-13T15:00:00.000+00:00,2026-09-13,-0.341,ok,297706178620246,2026-09-22T10:09:58.769+00:00
-8936484523522378346,304989650380185793,1029TH-level-downstage-i-15_min-mASD,1029TH,2026-09-13T15:15:00.000+00:00,2026-09-13,-0.342,ok,297706178620246,2026-09-22T10:09:58.769+00:00
-8936484523522378346,304989650380185793,1029TH-level-downstage-i-15_min-mASD,1029TH,2026-09-13T15:30:00.000+00:00,2026-09-13,-0.342,ok,297706178620246,2026-09-22T10:09:58.769+00:00
-8936484523522378346,304989650380185793,1029TH-level-downstage-i-15_min-mASD,1029TH,2026-09-13T15:45:00.000+00:00,2026-09-13,-0.342,ok,297706178620246,2026-09-22T10:09:58.769+00:00
-8936484523522378346,304989650380185793,1029TH-level-downstage-i-15_min-mASD,1029TH,2026-09-13T16:00:00.000+00:00,2026-09-13,-0.342,ok,297706178620246,2026-09-22T10:09:58.769+00:00
-8936484523522378346,304989650380185793,1029TH-level-downstage-i-15_min-mASD,1029TH,2026-09-13T16:15:00.000+00:00,2026-09-13,-0.342,ok,297706178620246,2026-09-22T10:09:58.769+00:00
-8936484523522378346,304989650380185793,1029TH-level-downstage-i-15_min-mASD,1029TH,2026-09-13T16:30:00.000+00:00,2026-09-13,-0.341,ok,297706178620246,2026-09-22T10:09:58.769+00:00
-8936484523522378346,304989650380185793,1029TH-level-downstage-i-15_min-mASD,1029TH,2026-09-13T16:45:00.000+00:00,2026-09-13,-0.341,ok,297706178620246,2026-09-22T10:09:58.769+00:00
-8936484523522378346,304989650380185793,1029TH-level-downstage-i-15_min-mASD,1029TH,2026-09-13T17:00:00.000+00:00,2026-09-13,-0.342,ok,297706178620246,2026-09-22T10:09:58.769+00:00
-8936484523522378346,304989650380185793,1029TH-level-downstage-i-15_min-mASD,1029TH,2026-09-13T17:15:00.000+00:00,2026-09-13,-0.342,ok,297706178620246,2026-09-22T10:09:58.769+00:00
-8936484523522378346,304989650380185793,1029TH-level-downstage-i-15_min-mASD,1029TH,2026-09-13T17:30:00.000+00:00,2026-09-13,-0.343,ok,297706178620246,2026-09-22T10:09:58.769+00:00
-8936484523522378346,304989650380185793,1029TH-level-downstage-i-15_min-mASD,1029TH,2026-09-13T17:45:00.000+00:00,2026-09-13,-0.344,ok,297706178620246,2026-09-22T10:09:58.769+00:00
-8936484523522378346,304989650380185793,1029TH-level-downstage-i-15_min-mASD,1029TH,2026-09-13T18:00:00.000+00:00,2026-09-13,-0.344,ok,297706178620246,2026-09-22T10:09:58.769+00:00
-8936484523522378346,304989650380185793,1029TH-level-downstage-i-15_min-mASD,1029TH,2026-09-13T18:15:00.000+00:00,2026-09-13,-0.345,ok,297706178620246,2026-09-22T10:09:58.769+00:00
-8936484523522378346,304989650380185793,1029TH-level-downstage-i-15_min-mASD,1029TH,2026-09-13T18:30:00.000+00:00,2026-09-13,-0.346,ok,297706178620246,2026-09-22T10:09:58.769+00:00
-8936484523522378346,304989650380185793,1029TH-level-downstage-i-15_min-mASD,1029TH,2026-09-13T18:45:00.000+00:00,2026-09-13,-0.348,ok,297706178620246,2026-09-22T10:09:58.769+00:00
-8936484523522378346,304989650380185793,1029TH-level-downstage-i-15_min-mASD,1029TH,2026-09-13T19:00:00.000+00:00,2026-09-13,-0.348,ok,297706178620246,2026-09-22T10:09:58.769+00:00
-8936484523522378346,304989650380185793,1029TH-level-downstage-i-15_min-mASD,1029TH,2026-09-13T19:15:00.000+00:00,2026-09-13,-0.349,ok,297706178620246,2026-09-22T10:09:58.769+00:00
-8936484523522378346,304989650380185793,1029TH-level-downstage-i-15_min-mASD,1029TH,2026-09-13T19:30:00.000+00:00,2026-09-13,-0.35,ok,297706178620246,2026-09-22T10:09:58.769+00:00
-8936484523522378346,304989650380185793,1029TH-level-downstage-i-15_min-mASD,1029TH,2026-09-13T19:45:00.000+00:00,2026-09-13,-0.351,ok,297706178620246,2026-09-22T10:09:58.769+00:00
-8936484523522378346,304989650380185793,1029TH-level-downstage-i-15_min-mASD,1029TH,2026-09-13T20:00:00.000+00:00,2026-09-13,-0.353,ok,297706178620246,2026-09-22T10:09:58.769+00:00
-8936484523522378346,304989650380185793,1029TH-level-downstage-i-15_min-mASD,1029TH,2026-09-13T20:15:00.000+00:00,2026-09-13,-0.353,ok,297706178620246,2026-09-22T10:09:58.769+00:00
-8936484523522378346,304989650380185793,1029TH-level-downstage-i-15_min-mASD,1029TH,2026-09-13T20:30:00.000+00:00,2026-09-13,-0.353,ok,297706178620246,2026-09-22T10:09:58.769+00:00
-8936484523522378346,304989650380185793,1029TH-level-downstage-i-15_min-mASD,1029TH,2026-09-13T20:45:00.000+00:00,2026-09-13,-0.355,ok,297706178620246,2026-09-22T10:09:58.769+00:00
-8936484523522378346,304989650380185793,1029TH-level-downstage-i-15_min-mASD,1029TH,2026-09-13T21:00:00.000+00:00,2026-09-13,-0.356,ok,297706178620246,2026-09-22T10:09:58.769+00:00
-8936484523522378346,304989650380185793,1029TH-level-downstage-i-15_min-mASD,1029TH,2026-09-13T21:15:00.000+00:00,2026-09-13,-0.355,ok,297706178620246,2026-09-22T10:09:58.769+00:00
-8936484523522378346,304989650380185793,1029TH-level-downstage-i-15_min-mASD,1029TH,2026-09-13T21:30:00.000+00:00,2026-09-13,-0.354,ok,297706178620246,2026-09-22T10:09:58.769+00:00
-8936484523522378346,304989650380185793,1029TH-level-downstage-i-15_min-mASD,1029TH,2026-09-13T21:45:00.000+00:00,2026-09-13,-0.354,ok,297706178620246,2026-09-22T10:09:58.769+00:00
-8936484523522378346,304989650380185793,1029TH-level-downstage-i-15_min-mASD,1029TH,2026-09-13T22:00:00.000+00:00,2026-09-13,-0.353,ok,297706178620246,2026-09-22T10:09:58.769+00:00
-8936484523522378346,304989650380185793,1029TH-level-downstage-i-15_min-mASD,1029TH,2026-09-13T22:15:00.000+00:00,2026-09-13,-0.353,ok,297706178620246,2026-09-22T10:09:58.769+00:00
-8936484523522378346,304989650380185793,1029TH-level-downstage-i-15_min-mASD,1029TH,2026-09-13T22:30:00.000+00:00,2026-09-13,-0.351,ok,297706178620246,2026-09-22T10:09:58.769+00:00
-8936484523522378346,304989650380185793,1029TH-level-downstage-i-15_min-mASD,1029TH,2026-09-13T22:45:00.000+00:00,2026-09-13,-0.351,ok,297706178620246,2026-09-22T10:09:58.769+00:00
-8936484523522378346,304989650380185793,1029TH-level-downstage-i-15_min-mASD,1029TH,2026-09-13T23:00:00.000+00:00,2026-09-13,-0.35,ok,297706178620246,2026-09-22T10:09:58.769+00:00
-8936484523522378346,304989650380185793,1029TH-level-downstage-i-15_min-mASD,1029TH,2026-09-13T23:15:00.000+00:00,2026-09-13,-0.352,ok,297706178620246,2026-09-22T10:09:58.769+00:00
-8936484523522378346,304989650380185793,1029TH-level-downstage-i-15_min-mASD,1029TH,2026-09-13T23:30:00.000+00:00,2026-09-13,-0.351,ok,297706178620246,2026-09-22T10:09:58.769+00:00
-8936484523522378346,304989650380185793,1029TH-level-downstage-i-15_min-mASD,1029TH,2026-09-13T23:45:00.000+00:00,2026-09-13,-0.353,ok,297706178620246,2026-09-22T10:09:58.769+00:00
-8936484523522378346,304989650380185793,1029TH-level-downstage-i-15_min-mASD,1029TH,2026-09-14T00:00:00.000+00:00,2026-09-14,-0.353,ok,297706178620246,2026-09-22T10:09:58.769+00:00
-8936484523522378346,304989650380185793,1029TH-level-downstage-i-15_min-mASD,1029TH,2026-09-14T00:15:00.000+00:00,2026-09-14,-0.354,ok,297706178620246,2026-09-22T10:09:58.769+00:00
-8936484523522378346,304989650380185793,1029TH-level-downstage-i-15_min-mASD,1029TH,2026-09-14T00:30:00.000+00:00,2026-09-14,-0.355,ok,297706178620246,2026-09-22T10:09:58.769+00:00
-8936484523522378346,304989650380185793,1029TH-level-downstage-i-15_min-mASD,1029TH,2026-09-14T00:45:00.000+00:00,2026-09-14,-0.356,ok,297706178620246,2026-09-22T10:09:58.769+00:00
-8936484523522378346,304989650380185793,1029TH-level-downstage-i-15_min-mASD,1029TH,2026-09-14T01:00:00.000+00:00,2026-09-14,-0.358,ok,297706178620246,2026-09-22T10:09:58.769+00:00
-8936484523522378346,304989650380185793,1029TH-level-downstage-i-15_min-mASD,1029TH,2026-09-14T01:15:00.000+00:00,2026-09-14,-0.358,ok,297706178620246,2026-09-22T10:09:58.769+00:00
-8936484523522378346,304989650380185793,1029TH-level-downstage-i-15_min-mASD,1029TH,2026-09-14T01:30:00.000+00:00,2026-09-14,-0.358,ok,297706178620246,2026-09-22T10:09:58.769+00:00
-8936484523522378346,304989650380185793,1029TH-level-downstage-i-15_min-mASD,1029TH,2026-09-14T01:45:00.000+00:00,2026-09-14,-0.359,ok,297706178620246,2026-09-22T10:09:58.769+00:00
-8936484523522378346,304989650380185793,1029TH-level-downstage-i-15_min-mASD,1029TH,2026-09-14T02:00:00.000+00:00,2026-09-14,-0.361,ok,297706178620246,2026-09-22T10:09:58.769+00:00
-8936484523522378346,304989650380185793,1029TH-level-downstage-i-15_min-mASD,1029TH,2026-09-14T02:15:00.000+00:00,2026-09-14,-0.36,ok,297706178620246,2026-09-22T10:09:58.769+00:00
-8936484523522378346,304989650380185793,1029TH-level-downstage-i-15_min-mASD,1029TH,2026-09-14T02:30:00.000+00:00,2026-09-14,-0.36,ok,297706178620246,2026-09-22T10:09:58.769+00:00
-8936484523522378346,304989650380185793,1029TH-level-downstage-i-15_min-mASD,1029TH,2026-09-14T02:45:00.000+00:00,2026-09-14,-0.361,ok,297706178620246,2026-09-22T10:09:58.769+00:00
-8936484523522378346,304989650380185793,1029TH-level-downstage-i-15_min-mASD,1029TH,2026-09-14T03:00:00.000+00:00,2026-09-14,-0.36,ok,297706178620246,2026-09-22T10:09:58.769+00:00
-8936484523522378346,304989650380185793,1029TH-level-downstage-i-15_min-mASD,1029TH,2026-09-14T03:15:00.000+00:00,2026-09-14,-0.358,ok,297706178620246,2026-09-22T10:09:58.769+00:00
-8936484523522378346,304989650380185793,1029TH-level-downstage-i-15_min-mASD,1029TH,2026-09-14T03:30:00.000+00:00,2026-09-14,-0.357,ok,297706178620246,2026-09-22T10:09:58.769+00:00
-8936484523522378346,304989650380185793,1029TH-level-downstage-i-15_min-mASD,1029TH,2026-09-14T03:45:00.000+00:00,2026-09-14,-0.357,ok,297706178620246,2026-09-22T10:09:58.769+00:00
-8936484523522378346,304989650380185793,1029TH-level-downstage-i-15_min-mASD,1029TH,2026-09-14T04:00:00.000+00:00,2026-09-14,-0.356,ok,297706178620246,2026-09-22T10:09:58.769+00:00
-8936484523522378346,304989650380185793,1029TH-level-downstage-i-15_min-mASD,1029TH,2026-09-14T04:15:00.000+00:00,2026-09-14,-0.354,ok,297706178620246,2026-09-22T10:09:58.769+00:00
-8936484523522378346,304989650380185793,1029TH-level-downstage-i-15_min-mASD,1029TH,2026-09-14T04:30:00.000+00:00,2026-09-14,-0.354,ok,297706178620246,2026-09-22T10:09:58.769+00:00
-8936484523522378346,304989650380185793,1029TH-level-downstage-i-15_min-mASD,1029TH,2026-09-14T04:45:00.000+00:00,2026-09-14,-0.355,ok,297706178620246,2026-09-22T10:09:58.769+00:00
-8936484523522378346,304989650380185793,1029TH-level-downstage-i-15_min-mASD,1029TH,2026-09-14T05:00:00.000+00:00,2026-09-14,-0.356,ok,297706178620246,2026-09-22T10:09:58.769+00:00
-8936484523522378346,304989650380185793,1029TH-level-downstage-i-15_min-mASD,1029TH,2026-09-14T05:15:00.000+00:00,2026-09-14,-0.356,ok,297706178620246,2026-09-22T10:09:58.769+00:00
-8936484523522378346,304989650380185793,1029TH-level-downstage-i-15_min-mASD,1029TH,2026-09-14T05:30:00.000+00:00,2026-09-14,-0.356,ok,297706178620246,2026-09-22T10:09:58.769+00:00
-8936484523522378346,304989650380185793,1029TH-level-downstage-i-15_min-mASD,1029TH,2026-09-14T05:45:00.000+00:00,2026-09-14,-0.358,ok,297706178620246,2026-09-22T10:09:58.769+00:00
-8936484523522378346,304989650380185793,1029TH-level-downstage-i-15_min-mASD,1029TH,2026-09-14T06:00:00.000+00:00,2026-09-14,-0.358,ok,297706178620246,2026-09-22T10:09:58.769+00:00
-8936484523522378346,304989650380185793,1029TH-level-downstage-i-15_min-mASD,1029TH,2026-09-14T06:15:00.000+00:00,2026-09-14,-0.358,ok,297706178620246,2026-09-22T10:09:58.769+00:00
-8936484523522378346,304989650380185793,1029TH-level-downstage-i-15_min-mASD,1029TH,2026-09-14T06:30:00.000+00:00,2026-09-14,-0.359,ok,297706178620246,2026-09-22T10:09:58.769+00:00
-8936484523522378346,304989650380185793,1029TH-level-downstage-i-15_min-mASD,1029TH,2026-09-14T06:45:00.000+00:00,2026-09-14,-0.36,ok,297706178620246,2026-09-22T10:09:58.769+00:00
-8936484523522378346,304989650380185793,1029TH-level-downstage-i-15_min-mASD,1029TH,2026-09-14T07:00:00.000+00:00,2026-09-14,-0.36,ok,297706178620246,2026-09-22T10:09:58.769+00:00
-8936484523522378346,304989650380185793,1029TH-level-downstage-i-15_min-mASD,1029TH,2026-09-14T07:15:00.000+00:00,2026-09-14,-0.359,ok,297706178620246,2026-09-22T10:09:58.769+00:00
-8936484523522378346,304989650380185793,1029TH-level-downstage-i-15_min-mASD,1029TH,2026-09-14T07:30:00.000+00:00,2026-09-14,-0.356,ok,297706178620246,2026-09-22T10:09:58.769+00:00
-8936484523522378346,304989650380185793,1029TH-level-downstage-i-15_min-mASD,1029TH,2026-09-14T07:45:00.000+00:00,2026-09-14,-0.353,ok,297706178620246,2026-09-22T10:09:58.769+00:00
-8936484523522378346,304989650380185793,1029TH-level-downstage-i-15_min-mASD,1029TH,2026-09-14T08:00:00.000+00:00,2026-09-14,-0.351,ok,297706178620246,2026-09-22T10:09:58.769+00:00
-8936484523522378346,304989650380185793,1029TH-level-downstage-i-15_min-mASD,1029TH,2026-09-14T08:15:00.000+00:00,2026-09-14,-0.35,ok,297706178620246,2026-09-22T10:09:58.769+00:00
-8936484523522378346,304989650380185793,1029TH-level-downstage-i-15_min-mASD,1029TH,2026-09-14T08:30:00.000+00:00,2026-09-14,-0.348,ok,297706178620246,2026-09-22T10:09:58.769+00:00
-8936484523522378346,304989650380185793,1029TH-level-downstage-i-15_min-mASD,1029TH,2026-09-14T08:45:00.000+00:00,2026-09-14,-0.348,ok,297706178620246,2026-09-22T10:09:58.769+00:00
-8936484523522378346,304989650380185793,1029TH-level-downstage-i-15_min-mASD,1029TH,2026-09-14T09:00:00.000+00:00,2026-09-14,-0.347,ok,297706178620246,2026-09-22T10:09:58.769+00:00
-8936484523522378346,304989650380185793,1029TH-level-downstage-i-15_min-mASD,1029TH,2026-09-14T09:15:00.000+00:00,2026-09-14,-0.346,ok,297706178620246,2026-09-22T10:09:58.769+00:00
-8936484523522378346,304989650380185793,1029TH-level-downstage-i-15_min-mASD,1029TH,2026-09-14T09:30:00.000+00:00,2026-09-14,-0.346,ok,297706178620246,2026-09-22T10:09:58.769+00:00
-8936484523522378346,304989650380185793,1029TH-level-downstage-i-15_min-mASD,1029TH,2026-09-14T09:45:00.000+00:00,2026-09-14,-0.346,ok,297706178620246,2026-09-22T10:09:58.769+00:00
-8936484523522378346,304989650380185793,1029TH-level-downstage-i-15_min-mASD,1029TH,2026-09-14T10:00:00.000+00:00,2026-09-14,-0.346,ok,297706178620246,2026-09-22T10:09:58.769+00:00
-8936484523522378346,304989650380185793,1029TH-level-downstage-i-15_min-mASD,1029TH,2026-09-14T10:15:00.000+00:00,2026-09-14,-0.346,ok,297706178620246,2026-09-22T10:09:58.769+00:00
-8936484523522378346,304989650380185793,1029TH-level-downstage-i-15_min-mASD,1029TH,2026-09-14T10:30:00.000+00:00,2026-09-14,-0.346,ok,297706178620246,2026-09-22T10:09:58.769+00:00
-8936484523522378346,304989650380185793,1029TH-level-downstage-i-15_min-mASD,1029TH,2026-09-14T10:45:00.000+00:00,2026-09-14,-0.346,ok,297706178620246,2026-09-22T10:09:58.769+00:00
-8936484523522378346,304989650380185793,1029TH-level-downstage-i-15_min-mASD,1029TH,2026-09-14T11:00:00.000+00:00,2026-09-14,-0.347,ok,297706178620246,2026-09-22T10:09:58.769+00:00
-8936484523522378346,304989650380185793,1029TH-level-downstage-i-15_min-mASD,1029TH,2026-09-14T11:15:00.000+00:00,2026-09-14,-0.348,ok,297706178620246,2026-09-22T10:09:58.769+00:00
-8936484523522378346,304989650380185793,1029TH-level-downstage-i-15_min-mASD,1029TH,2026-09-14T11:30:00.000+00:00,2026-09-14,-0.349,ok,297706178620246,2026-09-22T10:09:58.769+00:00
-8936484523522378346,304989650380185793,1029TH-level-downstage-i-15_min-mASD,1029TH,2026-09-14T11:45:00.000+00:00,2026-09-14,-0.351,ok,297706178620246,2026-09-22T10:09:58.769+00:00
-8936484523522378346,304989650380185793,1029TH-level-downstage-i-15_min-mASD,1029TH,2026-09-14T12:00:00.000+00:00,2026-09-14,-0.352,ok,297706178620246,2026-09-22T10:09:58.769+00:00
-8936484523522378346,304989650380185793,1029TH-level-downstage-i-15_min-mASD,1029TH,2026-09-14T12:15:00.000+00:00,2026-09-14,-0.346,ok,297706178620246,2026-09-22T10:09:58.769+00:00
-8936484523522378346,304989650380185793,1029TH-level-downstage-i-15_min-mASD,1029TH,2026-09-14T12:30:00.000+00:00,2026-09-14,-0.34,ok,297706178620246,2026-09-22T10:09:58.769+00:00
-8936484523522378346,304989650380185793,1029TH-level-downstage-i-15_min-mASD,1029TH,2026-09-14T12:45:00.000+00:00,2026-09-14,-0.34,ok,297706178620246,2026-09-22T10:09:58.769+00:00
-8936484523522378346,304989650380185793,1029TH-level-downstage-i-15_min-mASD,1029TH,2026-09-14T13:00:00.000+00:00,2026-09-14,-0.34,ok,297706178620246,2026-09-22T10:09:58.769+00:00
-8936484523522378346,304989650380185793,1029TH-level-downstage-i-15_min-mASD,1029TH,2026-09-14T13:15:00.000+00:00,2026-09-14,-0.342,ok,297706178620246,2026-09-22T10:09:58.769+00:00
-8936484523522378346,304989650380185793,1029TH-level-downstage-i-15_min-mASD,1029TH,2026-09-14T13:30:00.000+00:00,2026-09-14,-0.341,ok,297706178620246,2026-09-22T10:09:58.769+00:00
-8936484523522378346,304989650380185793,1029TH-level-downstage-i-15_min-mASD,1029TH,2026-09-14T13:45:00.000+00:00,2026-09-14,-0.338,ok,297706178620246,2026-09-22T10:09:58.769+00:00
-8936484523522378346,304989650380185793,1029TH-level-downstage-i-15_min-mASD,1029TH,2026-09-14T14:00:00.000+00:00,2026-09-14,-0.334,ok,297706178620246,2026-09-22T10:09:58.769+00:00
-8936484523522378346,304989650380185793,1029TH-level-downstage-i-15_min-mASD,1029TH,2026-09-14T14:15:00.000+00:00,2026-09-14,-0.33,ok,297706178620246,2026-09-22T10:09:58.769+00:00
-8936484523522378346,304989650380185793,1029TH-level-downstage-i-15_min-mASD,1029TH,2026-09-14T14:30:00.000+00:00,2026-09-14,-0.329,ok,297706178620246,2026-09-22T10:09:58.769+00:00
-8936484523522378346,304989650380185793,1029TH-level-downstage-i-15_min-mASD,1029TH,2026-09-14T14:45:00.000+00:00,2026-09-14,-0.328,ok,297706178620246,2026-09-22T10:09:58.769+00:00
-8936484523522378346,304989650380185793,1029TH-level-downstage-i-15_min-mASD,1029TH,2026-09-14T15:00:00.000+00:00,2026-09-14,-0.328,ok,297706178620246,2026-09-22T10:09:58.769+00:00
-8936484523522378346,304989650380185793,1029TH-level-downstage-i-15_min-mASD,1029TH,2026-09-14T15:15:00.000+00:00,2026-09-14,-0.33,ok,297706178620246,2026-09-22T10:09:58.769+00:00
-8936484523522378346,304989650380185793,1029TH-level-downstage-i-15_min-mASD,1029TH,2026-09-14T15:30:00.000+00:00,2026-09-14,-0.339,ok,297706178620246,2026-09-22T10:09:58.769+00:00
-8936484523522378346,304989650380185793,1029TH-level-downstage-i-15_min-mASD,1029TH,2026-09-14T15:45:00.000+00:00,2026-09-14,-0.347,ok,297706178620246,2026-09-22T10:09:58.769+00:00
-8936484523522378346,304989650380185793,1029TH-level-downstage-i-15_min-mASD,1029TH,2026-09-14T16:00:00.000+00:00,2026-09-14,-0.352,ok,297706178620246,2026-09-22T10:09:58.769+00:00
-8936484523522378346,304989650380185793,1029TH-level-downstage-i-15_min-mASD,1029TH,2026-09-14T16:15:00.000+00:00,2026-09-14,-0.355,ok,297706178620246,2026-09-22T10:09:58.769+00:00
-8936484523522378346,304989650380185793,1029TH-level-downstage-i-15_min-mASD,1029TH,2026-09-14T16:30:00.000+00:00,2026-09-14,-0.356,ok,297706178620246,2026-09-22T10:09:58.769+00:00
-8936484523522378346,304989650380185793,1029TH-level-downstage-i-15_min-mASD,1029TH,2026-09-14T16:45:00.000+00:00,2026-09-14,-0.358,ok,297706178620246,2026-09-22T10:09:58.769+00:00
-8936484523522378346,304989650380185793,1029TH-level-downstage-i-15_min-mASD,1029TH,2026-09-14T17:00:00.000+00:00,2026-09-14,-0.357,ok,297706178620246,2026-09-22T10:09:58.769+00:00
-8936484523522378346,304989650380185793,1029TH-level-downstage-i-15_min-mASD,1029TH,2026-09-14T17:15:00.000+00:00,2026-09-14,-0.357,ok,297706178620246,2026-09-22T10:09:58.769+00:00
-8936484523522378346,304989650380185793,1029TH-level-downstage-i-15_min-mASD,1029TH,2026-09-14T17:30:00.000+00:00,2026-09-14,-0.358,ok,297706178620246,2026-09-22T10:09:58.769+00:00
-8936484523522378346,304989650380185793,1029TH-level-downstage-i-15_min-mASD,1029TH,2026-09-14T17:45:00.000+00:00,2026-09-14,-0.358,ok,297706178620246,2026-09-22T10:09:58.769+00:00
-8936484523522378346,304989650380185793,1029TH-level-downstage-i-15_min-mASD,1029TH,2026-09-14T18:00:00.000+00:00,2026-09-14,-0.359,ok,297706178620246,2026-09-22T10:09:58.769+00:00
-8936484523522378346,304989650380185793,1029TH-level-downstage-i-15_min-mASD,1029TH,2026-09-14T18:15:00.000+00:00,2026-09-14,-0.36,ok,297706178620246,2026-09-22T10:09:58.769+00:00
-8936484523522378346,304989650380185793,1029TH-level-downstage-i-15_min-mASD,1029TH,2026-09-14T18:30:00.000+00:00,2026-09-14,-0.36,ok,297706178620246,2026-09-22T10:09:58.769+00:00
-8936484523522378346,304989650380185793,1029TH-level-downstage-i-15_min-mASD,1029TH,2026-09-14T18:45:00.000+00:00,2026-09-14,-0.361,ok,297706178620246,2026-09-22T10:09:58.769+00:00
-8936484523522378346,304989650380185793,1029TH-level-downstage-i-15_min-mASD,1029TH,2026-09-14T19:00:00.000+00:00,2026-09-14,-0.362,ok,297706178620246,2026-09-22T10:09:58.769+00:00
-8936484523522378346,304989650380185793,1029TH-level-downstage-i-15_min-mASD,1029TH,2026-09-14T19:15:00.000+00:00,2026-09-14,-0.362,ok,297706178620246,2026-09-22T10:09:58.769+00:00
-8936484523522378346,304989650380185793,1029TH-level-downstage-i-15_min-mASD,1029TH,2026-09-14T19:30:00.000+00:00,2026-09-14,-0.361,ok,297706178620246,2026-09-22T10:09:58.769+00:00
-8936484523522378346,304989650380185793,1029TH-level-downstage-i-15_min-mASD,1029TH,2026-09-14T19:45:00.000+00:00,2026-09-14,-0.361,ok,297706178620246,2026-09-22T10:09:58.769+00:00
-8936484523522378346,304989650380185793,1029TH-level-downstage-i-15_min-mASD,1029TH,2026-09-14T20:00:00.000+00:00,2026-09-14,-0.36,ok,297706178620246,2026-09-22T10:09:58.769+00:00
-8936484523522378346,304989650380185793,1029TH-level-downstage-i-15_min-mASD,1029TH,2026-09-14T20:15:00.000+00:00,2026-09-14,-0.361,ok,297706178620246,2026-09-22T10:09:58.769+00:00
-8936484523522378346,304989650380185793,1029TH-level-downstage-i-15_min-mASD,1029TH,2026-09-14T20:30:00.000+00:00,2026-09-14,-0.361,ok,297706178620246,2026-09-22T10:09:58.769+00:00
-8936484523522378346,304989650380185793,1029TH-level-downstage-i-15_min-mASD,1029TH,2026-09-14T20:45:00.000+00:00,2026-09-14,-0.361,ok,297706178620246,2026-09-22T10:09:58.769+00:00
-8936484523522378346,304989650380185793,1029TH-level-downstage-i-15_min-mASD,1029TH,2026-09-14T21:00:00.000+00:00,2026-09-14,-0.359,ok,297706178620246,2026-09-22T10:09:58.769+00:00
-8936484523522378346,304989650380185793,1029TH-level-downstage-i-15_min-mASD,1029TH,2026-09-14T21:15:00.000+00:00,2026-09-14,-0.358,ok,297706178620246,2026-09-22T10:09:58.769+00:00
-8936484523522378346,304989650380185793,1029TH-level-downstage-i-15_min-mASD,1029TH,2026-09-14T21:30:00.000+00:00,2026-09-14,-0.358,ok,297706178620246,2026-09-22T10:09:58.769+00:00
-8936484523522378346,304989650380185793,1029TH-level-downstage-i-15_min-mASD,1029TH,2026-09-14T21:45:00.000+00:00,2026-09-14,-0.357,ok,297706178620246,2026-09-22T10:09:58.769+00:00
-8936484523522378346,304989650380185793,1029TH-level-downstage-i-15_min-mASD,1029TH,2026-09-14T22:00:00.000+00:00,2026-09-14,-0.357,ok,297706178620246,2026-09-22T10:09:58.769+00:00
-8936484523522378346,304989650380185793,1029TH-level-downstage-i-15_min-mASD,1029TH,2026-09-14T22:15:00.000+00:00,2026-09-14,-0.356,ok,297706178620246,2026-09-22T10:09:58.769+00:00
-8936484523522378346,304989650380185793,1029TH-level-downstage-i-15_min-mASD,1029TH,2026-09-14T22:30:00.000+00:00,2026-09-14,-0.356,ok,297706178620246,2026-09-22T10:09:58.769+00:00
-8936484523522378346,304989650380185793,1029TH-level-downstage-i-15_min-mASD,1029TH,2026-09-14T22:45:00.000+00:00,2026-09-14,-0.357,ok,297706178620246,2026-09-22T10:09:58.769+00:00
-8936484523522378346,304989650380185793,1029TH-level-downstage-i-15_min-mASD,1029TH,2026-09-14T23:00:00.000+00:00,2026-09-14,-0.358,ok,297706178620246,2026-09-22T10:09:58.769+00:00
-8936484523522378346,304989650380185793,1029TH-level-downstage-i-15_min-mASD,1029TH,2026-09-14T23:15:00.000+00:00,2026-09-14,-0.359,ok,297706178620246,2026-09-22T10:09:58.769+00:00
-8936484523522378346,304989650380185793,1029TH-level-downstage-i-15_min-mASD,1029TH,2026-09-14T23:30:00.000+00:00,2026-09-14,-0.361,ok,297706178620246,2026-09-22T10:09:58.769+00:00
-8936484523522378346,304989650380185793,1029TH-level-downstage-i-15_min-mASD,1029TH,2026-09-14T23:45:00.000+00:00,2026-09-14,-0.363,ok,297706178620246,2026-09-22T10:09:58.769+00:00
-8936484523522378346,304989650380185793,1029TH-level-downstage-i-15_min-mASD,1029TH,2026-09-15T00:00:00.000+00:00,2026-09-15,-0.363,ok,297706178620246,2026-09-22T10:09:58.769+00:00
-8936484523522378346,304989650380185793,1029TH-level-downstage-i-15_min-mASD,1029TH,2026-09-15T00:15:00.000+00:00,2026-09-15,-0.364,ok,297706178620246,2026-09-22T10:09:58.769+00:00
-8936484523522378346,304989650380185793,1029TH-level-downstage-i-15_min-mASD,1029TH,2026-09-15T00:30:00.000+00:00,2026-09-15,-0.364,ok,297706178620246,2026-09-22T10:09:58.769+00:00
-8936484523522378346,304989650380185793,1029TH-level-downstage-i-15_min-mASD,1029TH,2026-09-15T00:45:00.000+00:00,2026-09-15,-0.366,ok,297706178620246,2026-09-22T10:09:58.769+00:00
-8936484523522378346,304989650380185793,1029TH-level-downstage-i-15_min-mASD,1029TH,2026-09-15T01:00:00.000+00:00,2026-09-15,-0.368,ok,297706178620246,2026-09-22T10:09:58.769+00:00
-8936484523522378346,304989650380185793,1029TH-level-downstage-i-15_min-mASD,1029TH,2026-09-15T01:15:00.000+00:00,2026-09-15,-0.37,ok,297706178620246,2026-09-22T10:09:58.769+00:00
-8936484523522378346,304989650380185793,1029TH-level-downstage-i-15_min-mASD,1029TH,2026-09-15T01:30:00.000+00:00,2026-09-15,-0.37,ok,297706178620246,2026-09-22T10:09:58.769+00:00
-8936484523522378346,304989650380185793,1029TH-level-downstage-i-15_min-mASD,1029TH,2026-09-15T01:45:00.000+00:00,2026-09-15,-0.371,ok,297706178620246,2026-09-22T10:09:58.769+00:00
-8936484523522378346,304989650380185793,1029TH-level-downstage-i-15_min-mASD,1029TH,2026-09-15T02:00:00.000+00:00,2026-09-15,-0.37,ok,297706178620246,2026-09-22T10:09:58.769+00:00
-8936484523522378346,304989650380185793,1029TH-level-downstage-i-15_min-mASD,1029TH,2026-09-15T02:30:00.000+00:00,2026-09-15,-0.368,ok,297706178620246,2026-09-22T10:09:58.769+00:00
-8936484523522378346,304989650380185793,1029TH-level-downstage-i-15_min-mASD,1029TH,2026-09-15T02:45:00.000+00:00,2026-09-15,-0.367,ok,297706178620246,2026-09-22T10:09:58.769+00:00
-8936484523522378346,304989650380185793,1029TH-level-downstage-i-15_min-mASD,1029TH,2026-09-15T03:00:00.000+00:00,2026-09-15,-0.365,ok,297706178620246,2026-09-22T10:09:58.769+00:00
-8936484523522378346,304989650380185793,1029TH-level-downstage-i-15_min-mASD,1029TH,2026-09-15T03:15:00.000+00:00,2026-09-15,-0.363,ok,297706178620246,2026-09-22T10:09:58.769+00:00
-8936484523522378346,304989650380185793,1029TH-level-downstage-i-15_min-mASD,1029TH,2026-09-15T03:30:00.000+00:00,2026-09-15,-0.361,ok,297706178620246,2026-09-22T10:09:58.769+00:00
-8936484523522378346,304989650380185793,1029TH-level-downstage-i-15_min-mASD,1029TH,2026-09-15T03:45:00.000+00:00,2026-09-15,-0.36,ok,297706178620246,2026-09-22T10:09:58.769+00:00
-8936484523522378346,304989650380185793,1029TH-level-downstage-i-15_min-mASD,1029TH,2026-09-15T04:00:00.000+00:00,2026-09-15,-0.359,ok,297706178620246,2026-09-22T10:09:58.769+00:00
-8936484523522378346,304989650380185793,1029TH-level-downstage-i-15_min-mASD,1029TH,2026-09-15T04:15:00.000+00:00,2026-09-15,-0.358,ok,297706178620246,2026-09-22T10:09:58.769+00:00
-8936484523522378346,304989650380185793,1029TH-level-downstage-i-15_min-mASD,1029TH,2026-09-15T04:30:00.000+00:00,2026-09-15,-0.357,ok,297706178620246,2026-09-22T10:09:58.769+00:00
-8936484523522378346,304989650380185793,1029TH-level-downstage-i-15_min-mASD,1029TH,2026-09-15T04:45:00.000+00:00,2026-09-15,-0.355,ok,297706178620246,2026-09-22T10:09:58.769+00:00
-8936484523522378346,304989650380185793,1029TH-level-downstage-i-15_min-mASD,1029TH,2026-09-15T05:00:00.000+00:00,2026-09-15,-0.355,ok,297706178620246,2026-09-22T10:09:58.769+00:00
-8936484523522378346,304989650380185793,1029TH-level-downstage-i-15_min-mASD,1029TH,2026-09-15T05:15:00.000+00:00,2026-09-15,-0.354,ok,297706178620246,2026-09-22T10:09:58.769+00:00
-8936484523522378346,304989650380185793,1029TH-level-downstage-i-15_min-mASD,1029TH,2026-09-15T05:30:00.000+00:00,2026-09-15,-0.354,ok,297706178620246,2026-09-22T10:09:58.769+00:00
-8936484523522378346,304989650380185793,1029TH-level-downstage-i-15_min-mASD,1029TH,2026-09-15T05:45:00.000+00:00,2026-09-15,-0.355,ok,297706178620246,2026-09-22T10:09:58.769+00:00
-8936484523522378346,304989650380185793,1029TH-level-downstage-i-15_min-mASD,1029TH,2026-09-15T06:00:00.000+00:00,2026-09-15,-0.356,ok,297706178620246,2026-09-22T10:09:58.769+00:00
-8936484523522378346,304989650380185793,1029TH-level-downstage-i-15_min-mASD,1029TH,2026-09-15T06:15:00.000+00:00,2026-09-15,-0.356,ok,297706178620246,2026-09-22T10:09:58.769+00:00
-8936484523522378346,304989650380185793,1029TH-level-downstage-i-15_min-mASD,1029TH,2026-09-15T06:30:00.000+00:00,2026-09-15,-0.356,ok,297706178620246,2026-09-22T10:09:58.769+00:00
-8936484523522378346,304989650380185793,1029TH-level-downstage-i-15_min-mASD,1029TH,2026-09-15T06:45:00.000+00:00,2026-09-15,-0.353,ok,297706178620246,2026-09-22T10:09:58.769+00:00
-8936484523522378346,304989650380185793,1029TH-level-downstage-i-15_min-mASD,1029TH,2026-09-15T07:00:00.000+00:00,2026-09-15,-0.34,ok,297706178620246,2026-09-22T10:09:58.769+00:00
-8936484523522378346,304989650380185793,1029TH-level-downstage-i-15_min-mASD,1029TH,2026-09-15T07:15:00.000+00:00,2026-09-15,-0.336,ok,297706178620246,2026-09-22T10:09:58.769+00:00
-8936484523522378346,304989650380185793,1029TH-level-downstage-i-15_min-mASD,1029TH,2026-09-15T07:30:00.000+00:00,2026-09-15,-0.332,ok,297706178620246,2026-09-22T10:09:58.769+00:00
-8936484523522378346,304989650380185793,1029TH-level-downstage-i-15_min-mASD,1029TH,2026-09-15T07:45:00.000+00:00,2026-09-15,-0.332,ok,297706178620246,2026-09-22T10:09:58.769+00:00
-8936484523522378346,304989650380185793,1029TH-level-downstage-i-15_min-mASD,1029TH,2026-09-15T08:00:00.000+00:00,2026-09-15,-0.339,ok,297706178620246,2026-09-22T10:09:58.769+00:00
-8936484523522378346,304989650380185793,1029TH-level-downstage-i-15_min-mASD,1029TH,2026-09-15T08:15:00.000+00:00,2026-09-15,-0.341,ok,297706178620246,2026-09-22T10:09:58.769+00:00
-8936484523522378346,304989650380185793,1029TH-level-downstage-i-15_min-mASD,1029TH,2026-09-15T08:30:00.000+00:00,2026-09-15,-0.341,ok,297706178620246,2026-09-22T10:09:58.769+00:00
-8936484523522378346,304989650380185793,1029TH-level-downstage-i-15_min-mASD,1029TH,2026-09-15T08:45:00.000+00:00,2026-09-15,-0.337,ok,297706178620246,2026-09-22T10:09:58.769+00:00
-8936484523522378346,304989650380185793,1029TH-level-downstage-i-15_min-mASD,1029TH,2026-09-15T09:00:00.000+00:00,2026-09-15,-0.335,ok,297706178620246,2026-09-22T10:09:58.769+00:00
-8936484523522378346,304989650380185793,1029TH-level-downstage-i-15_min-mASD,1029TH,2026-09-15T09:15:00.000+00:00,2026-09-15,-0.332,ok,297706178620246,2026-09-22T10:09:58.769+00:00
-8936484523522378346,304989650380185793,1029TH-level-downstage-i-15_min-mASD,1029TH,2026-09-15T09:30:00.000+00:00,2026-09-15,-0.334,ok,297706178620246,2026-09-22T10:09:58.769+00:00
-8936484523522378346,304989650380185793,1029TH-level-downstage-i-15_min-mASD,1029TH,2026-09-15T09:45:00.000+00:00,2026-09-15,-0.337,ok,297706178620246,2026-09-22T10:09:58.769+00:00
-8936484523522378346,304989650380185793,1029TH-level-downstage-i-15_min-mASD,1029TH,2026-09-15T10:00:00.000+00:00,2026-09-15,-0.34,ok,297706178620246,2026-09-22T10:09:58.769+00:00
-8936484523522378346,304989650380185793,1029TH-level-downstage-i-15_min-mASD,1029TH,2026-09-15T10:15:00.000+00:00,2026-09-15,-0.34,ok,297706178620246,2026-09-22T10:09:58.769+00:00
-8936484523522378346,304989650380185793,1029TH-level-downstage-i-15_min-mASD,1029TH,2026-09-15T10:30:00.000+00:00,2026-09-15,-0.342,ok,297706178620246,2026-09-22T10:09:58.769+00:00
-8936484523522378346,304989650380185793,1029TH-level-downstage-i-15_min-mASD,1029TH,2026-09-15T10:45:00.000+00:00,2026-09-15,-0.342,ok,297706178620246,2026-09-22T10:09:58.769+00:00
-8936484523522378346,304989650380185793,1029TH-level-downstage-i-15_min-mASD,1029TH,2026-09-15T11:00:00.000+00:00,2026-09-15,-0.344,ok,297706178620246,2026-09-22T10:09:58.769+00:00
-8936484523522378346,304989650380185793,1029TH-level-downstage-i-15_min-mASD,1029TH,2026-09-15T11:15:00.000+00:00,2026-09-15,-0.347,ok,297706178620246,2026-09-22T10:09:58.769+00:00
-8936484523522378346,304989650380185793,1029TH-level-downstage-i-15_min-mASD,1029TH,2026-09-15T11:30:00.000+00:00,2026-09-15,-0.352,ok,297706178620246,2026-09-22T10:09:58.769+00:00
-8936484523522378346,304989650380185793,1029TH-level-downstage-i-15_min-mASD,1029TH,2026-09-15T11:45:00.000+00:00,2026-09-15,-0.353,ok,297706178620246,2026-09-22T10:09:58.769+00:00
-8936484523522378346,304989650380185793,1029TH-level-downstage-i-15_min-mASD,1029TH,2026-09-15T12:00:00.000+00:00,2026-09-15,-0.355,ok,297706178620246,2026-09-22T10:09:58.769+00:00
-8936484523522378346,304989650380185793,1029TH-level-downstage-i-15_min-mASD,1029TH,2026-09-15T12:15:00.000+00:00,2026-09-15,-0.353,ok,297706178620246,2026-09-22T10:09:58.769+00:00
-8936484523522378346,304989650380185793,1029TH-level-downstage-i-15_min-mASD,1029TH,2026-09-15T12:30:00.000+00:00,2026-09-15,-0.357,ok,297706178620246,2026-09-22T10:09:58.769+00:00
-8936484523522378346,304989650380185793,1029TH-level-downstage-i-15_min-mASD,1029TH,2026-09-15T12:45:00.000+00:00,2026-09-15,-0.354,ok,297706178620246,2026-09-22T10:09:58.769+00:00
-8936484523522378346,304989650380185793,1029TH-level-downstage-i-15_min-mASD,1029TH,2026-09-15T13:00:00.000+00:00,2026-09-15,-0.354,ok,297706178620246,2026-09-22T10:09:58.769+00:00
-8936484523522378346,304989650380185793,1029TH-level-downstage-i-15_min-mASD,1029TH,2026-09-15T13:15:00.000+00:00,2026-09-15,-0.354,ok,297706178620246,2026-09-22T10:09:58.769+00:00
-8936484523522378346,304989650380185793,1029TH-level-downstage-i-15_min-mASD,1029TH,2026-09-15T13:30:00.000+00:00,2026-09-15,-0.347,ok,297706178620246,2026-09-22T10:09:58.769+00:00
-8936484523522378346,304989650380185793,1029TH-level-downstage-i-15_min-mASD,1029TH,2026-09-15T13:45:00.000+00:00,2026-09-15,-0.336,ok,297706178620246,2026-09-22T10:09:58.769+00:00
-8936484523522378346,304989650380185793,1029TH-level-downstage-i-15_min-mASD,1029TH,2026-09-15T14:00:00.000+00:00,2026-09-15,-0.331,ok,297706178620246,2026-09-22T10:09:58.769+00:00
-8936484523522378346,304989650380185793,1029TH-level-downstage-i-15_min-mASD,1029TH,2026-09-15T14:15:00.000+00:00,2026-09-15,-0.33,ok,297706178620246,2026-09-22T10:09:58.769+00:00
-8936484523522378346,304989650380185793,1029TH-level-downstage-i-15_min-mASD,1029TH,2026-09-15T14:30:00.000+00:00,2026-09-15,-0.333,ok,297706178620246,2026-09-22T10:09:58.769+00:00
-8936484523522378346,304989650380185793,1029TH-level-downstage-i-15_min-mASD,1029TH,2026-09-15T14:45:00.000+00:00,2026-09-15,-0.343,ok,297706178620246,2026-09-22T10:09:58.769+00:00
-8936484523522378346,304989650380185793,1029TH-level-downstage-i-15_min-mASD,1029TH,2026-09-15T15:00:00.000+00:00,2026-09-15,-0.347,ok,297706178620246,2026-09-22T10:09:58.769+00:00
-8936484523522378346,304989650380185793,1029TH-level-downstage-i-15_min-mASD,1029TH,2026-09-15T15:15:00.000+00:00,2026-09-15,-0.347,ok,297706178620246,2026-09-22T10:09:58.769+00:00
-8936484523522378346,304989650380185793,1029TH-level-downstage-i-15_min-mASD,1029TH,2026-09-15T15:30:00.000+00:00,2026-09-15,-0.35,ok,297706178620246,2026-09-22T10:09:58.769+00:00
-8936484523522378346,304989650380185793,1029TH-level-downstage-i-15_min-mASD,1029TH,2026-09-15T15:45:00.000+00:00,2026-09-15,-0.361,ok,297706178620246,2026-09-22T10:09:58.769+00:00
-8936484523522378346,304989650380185793,1029TH-level-downstage-i-15_min-mASD,1029TH,2026-09-15T16:00:00.000+00:00,2026-09-15,-0.37,ok,297706178620246,2026-09-22T10:09:58.769+00:00
-8936484523522378346,304989650380185793,1029TH-level-downstage-i-15_min-mASD,1029TH,2026-09-15T16:15:00.000+00:00,2026-09-15,-0.377,ok,297706178620246,2026-09-22T10:09:58.769+00:00
-8936484523522378346,304989650380185793,1029TH-level-downstage-i-15_min-mASD,1029TH,2026-09-15T16:30:00.000+00:00,2026-09-15,-0.381,ok,297706178620246,2026-09-22T10:09:58.769+00:00
-8936484523522378346,304989650380185793,1029TH-level-downstage-i-15_min-mASD,1029TH,2026-09-15T16:45:00.000+00:00,2026-09-15,-0.383,ok,297706178620246,2026-09-22T10:09:58.769+00:00
-8936484523522378346,304989650380185793,1029TH-level-downstage-i-15_min-mASD,1029TH,2026-09-15T17:00:00.000+00:00,2026-09-15,-0.382,ok,297706178620246,2026-09-22T10:09:58.769+00:00
-8936484523522378346,304989650380185793,1029TH-level-downstage-i-15_min-mASD,1029TH,2026-09-15T17:15:00.000+00:00,2026-09-15,-0.376,ok,297706178620246,2026-09-22T10:09:58.769+00:00
-8936484523522378346,304989650380185793,1029TH-level-downstage-i-15_min-mASD,1029TH,2026-09-15T17:30:00.000+00:00,2026-09-15,-0.373,ok,297706178620246,2026-09-22T10:09:58.769+00:00
-8936484523522378346,304989650380185793,1029TH-level-downstage-i-15_min-mASD,1029TH,2026-09-15T17:45:00.000+00:00,2026-09-15,-0.371,ok,297706178620246,2026-09-22T10:09:58.769+00:00
-8936484523522378346,304989650380185793,1029TH-level-downstage-i-15_min-mASD,1029TH,2026-09-15T18:00:00.000+00:00,2026-09-15,-0.37,ok,297706178620246,2026-09-22T10:09:58.769+00:00
-8936484523522378346,304989650380185793,1029TH-level-downstage-i-15_min-mASD,1029TH,2026-09-15T18:15:00.000+00:00,2026-09-15,-0.371,ok,297706178620246,2026-09-22T10:09:58.769+00:00
-8936484523522378346,304989650380185793,1029TH-level-downstage-i-15_min-mASD,1029TH,2026-09-15T18:30:00.000+00:00,2026-09-15,-0.375,ok,297706178620246,2026-09-22T10:09:58.769+00:00
-8936484523522378346,304989650380185793,1029TH-level-downstage-i-15_min-mASD,1029TH,2026-09-15T18:45:00.000+00:00,2026-09-15,-0.38,ok,297706178620246,2026-09-22T10:09:58.769+00:00
-8936484523522378346,304989650380185793,1029TH-level-downstage-i-15_min-mASD,1029TH,2026-09-15T19:00:00.000+00:00,2026-09-15,-0.382,ok,297706178620246,2026-09-22T10:09:58.769+00:00
-8936484523522378346,304989650380185793,1029TH-level-downstage-i-15_min-mASD,1029TH,2026-09-15T19:15:00.000+00:00,2026-09-15,-0.383,ok,297706178620246,2026-09-22T10:09:58.769+00:00
-8936484523522378346,304989650380185793,1029TH-level-downstage-i-15_min-mASD,1029TH,2026-09-15T19:30:00.000+00:00,2026-09-15,-0.381,ok,297706178620246,2026-09-22T10:09:58.769+00:00
-8936484523522378346,304989650380185793,1029TH-level-downstage-i-15_min-mASD,1029TH,2026-09-15T19:45:00.000+00:00,2026-09-15,-0.372,ok,297706178620246,2026-09-22T10:09:58.769+00:00
-8936484523522378346,304989650380185793,1029TH-level-downstage-i-15_min-mASD,1029TH,2026-09-15T20:00:00.000+00:00,2026-09-15,-0.365,ok,297706178620246,2026-09-22T10:09:58.769+00:00
-8936484523522378346,304989650380185793,1029TH-level-downstage-i-15_min-mASD,1029TH,2026-09-15T20:15:00.000+00:00,2026-09-15,-0.36,ok,297706178620246,2026-09-22T10:09:58.769+00:00
-8936484523522378346,304989650380185793,1029TH-level-downstage-i-15_min-mASD,1029TH,2026-09-15T20:30:00.000+00:00,2026-09-15,-0.358,ok,297706178620246,2026-09-22T10:09:58.769+00:00
-8936484523522378346,304989650380185793,1029TH-level-downstage-i-15_min-mASD,1029TH,2026-09-15T20:45:00.000+00:00,2026-09-15,-0.357,ok,297706178620246,2026-09-22T10:09:58.769+00:00
-8936484523522378346,304989650380185793,1029TH-level-downstage-i-15_min-mASD,1029TH,2026-09-15T21:00:00.000+00:00,2026-09-15,-0.357,ok,297706178620246,2026-09-22T10:09:58.769+00:00
-8936484523522378346,304989650380185793,1029TH-level-downstage-i-15_min-mASD,1029TH,2026-09-15T21:15:00.000+00:00,2026-09-15,-0.358,ok,297706178620246,2026-09-22T10:09:58.769+00:00
-8936484523522378346,304989650380185793,1029TH-level-downstage-i-15_min-mASD,1029TH,2026-09-15T21:30:00.000+00:00,2026-09-15,-0.359,ok,297706178620246,2026-09-22T10:09:58.769+00:00
-8936484523522378346,304989650380185793,1029TH-level-downstage-i-15_min-mASD,1029TH,2026-09-15T21:45:00.000+00:00,2026-09-15,-0.362,ok,297706178620246,2026-09-22T10:09:58.769+00:00
-8936484523522378346,304989650380185793,1029TH-level-downstage-i-15_min-mASD,1029TH,2026-09-15T22:00:00.000+00:00,2026-09-15,-0.362,ok,297706178620246,2026-09-22T10:09:58.769+00:00
-8936484523522378346,304989650380185793,1029TH-level-downstage-i-15_min-mASD,1029TH,2026-09-15T22:15:00.000+00:00,2026-09-15,-0.362,ok,297706178620246,2026-09-22T10:09:58.769+00:00
-8936484523522378346,304989650380185793,1029TH-level-downstage-i-15_min-mASD,1029TH,2026-09-15T22:30:00.000+00:00,2026-09-15,-0.357,ok,297706178620246,2026-09-22T10:09:58.769+00:00
-8936484523522378346,304989650380185793,1029TH-level-downstage-i-15_min-mASD,1029TH,2026-09-15T22:45:00.000+00:00,2026-09-15,-0.351,ok,297706178620246,2026-09-22T10:09:58.769+00:00
-8936484523522378346,304989650380185793,1029TH-level-downstage-i-15_min-mASD,1029TH,2026-09-15T23:00:00.000+00:00,2026-09-15,-0.346,ok,297706178620246,2026-09-22T10:09:58.769+00:00
-8936484523522378346,304989650380185793,1029TH-level-downstage-i-15_min-mASD,1029TH,2026-09-15T23:15:00.000+00:00,2026-09-15,-0.346,ok,297706178620246,2026-09-22T10:09:58.769+00:00
-8936484523522378346,304989650380185793,1029TH-level-downstage-i-15_min-mASD,1029TH,2026-09-15T23:30:00.000+00:00,2026-09-15,-0.351,ok,297706178620246,2026-09-22T10:09:58.769+00:00
-8936484523522378346,304989650380185793,1029TH-level-downstage-i-15_min-mASD,1029TH,2026-09-15T23:45:00.000+00:00,2026-09-15,-0.357,ok,297706178620246,2026-09-22T10:09:58.769+00:00
-8936484523522378346,304989650380185793,1029TH-level-downstage-i-15_min-mASD,1029TH,2026-09-16T00:00:00.000+00:00,2026-09-16,-0.362,ok,297706178620246,2026-09-22T10:09:58.769+00:00
-8936484523522378346,304989650380185793,1029TH-level-downstage-i-15_min-mASD,1029TH,2026-09-16T00:15:00.000+00:00,2026-09-16,-0.366,ok,297706178620246,2026-09-22T10:09:58.769+00:00
-8936484523522378346,304989650380185793,1029TH-level-downstage-i-15_min-mASD,1029TH,2026-09-16T00:30:00.000+00:00,2026-09-16,-0.37,ok,297706178620246,2026-09-22T10:09:58.769+00:00
-8936484523522378346,304989650380185793,1029TH-level-downstage-i-15_min-mASD,1029TH,2026-09-16T00:45:00.000+00:00,2026-09-16,-0.374,ok,297706178620246,2026-09-22T10:09:58.769+00:00
-8936484523522378346,304989650380185793,1029TH-level-downstage-i-15_min-mASD,1029TH,2026-09-16T01:00:00.000+00:00,2026-09-16,-0.374,ok,297706178620246,2026-09-22T10:09:58.769+00:00
-8936484523522378346,304989650380185793,1029TH-level-downstage-i-15_min-mASD,1029TH,2026-09-16T01:15:00.000+00:00,2026-09-16,-0.374,ok,297706178620246,2026-09-22T10:09:58.769+00:00
-8936484523522378346,304989650380185793,1029TH-level-downstage-i-15_min-mASD,1029TH,2026-09-16T01:30:00.000+00:00,2026-09-16,-0.374,ok,297706178620246,2026-09-22T10:09:58.769+00:00
-8936484523522378346,304989650380185793,1029TH-level-downstage-i-15_min-mASD,1029TH,2026-09-16T01:45:00.000+00:00,2026-09-16,-0.373,ok,297706178620246,2026-09-22T10:09:58.769+00:00
-8936484523522378346,304989650380185793,1029TH-level-downstage-i-15_min-mASD,1029TH,2026-09-16T02:00:00.000+00:00,2026-09-16,-0.366,ok,297706178620246,2026-09-22T10:09:58.769+00:00
-8936484523522378346,304989650380185793,1029TH-level-downstage-i-15_min-mASD,1029TH,2026-09-16T02:15:00.000+00:00,2026-09-16,-0.361,ok,297706178620246,2026-09-22T10:09:58.769+00:00
-8936484523522378346,304989650380185793,1029TH-level-downstage-i-15_min-mASD,1029TH,2026-09-16T02:30:00.000+00:00,2026-09-16,-0.359,ok,297706178620246,2026-09-22T10:09:58.769+00:00
-8936484523522378346,304989650380185793,1029TH-level-downstage-i-15_min-mASD,1029TH,2026-09-16T02:45:00.000+00:00,2026-09-16,-0.361,ok,297706178620246,2026-09-22T10:09:58.769+00:00
-8936484523522378346,304989650380185793,1029TH-level-downstage-i-15_min-mASD,1029TH,2026-09-16T03:00:00.000+00:00,2026-09-16,-0.364,ok,297706178620246,2026-09-22T10:09:58.769+00:00
-8936484523522378346,304989650380185793,1029TH-level-downstage-i-15_min-mASD,1029TH,2026-09-16T03:15:00.000+00:00,2026-09-16,-0.367,ok,297706178620246,2026-09-22T10:09:58.769+00:00
-8936484523522378346,304989650380185793,1029TH-level-downstage-i-15_min-mASD,1029TH,2026-09-16T03:30:00.000+00:00,2026-09-16,-0.368,ok,297706178620246,2026-09-22T10:09:58.769+00:00
-8936484523522378346,304989650380185793,1029TH-level-downstage-i-15_min-mASD,1029TH,2026-09-16T03:45:00.000+00:00,2026-09-16,-0.369,ok,297706178620246,2026-09-22T10:09:58.769+00:00
-8936484523522378346,304989650380185793,1029TH-level-downstage-i-15_min-mASD,1029TH,2026-09-16T04:00:00.000+00:00,2026-09-16,-0.368,ok,297706178620246,2026-09-22T10:09:58.769+00:00
-8936484523522378346,304989650380185793,1029TH-level-downstage-i-15_min-mASD,1029TH,2026-09-16T04:15:00.000+00:00,2026-09-16,-0.368,ok,297706178620246,2026-09-22T10:09:58.769+00:00
-8936484523522378346,304989650380185793,1029TH-level-downstage-i-15_min-mASD,1029TH,2026-09-16T04:30:00.000+00:00,2026-09-16,-0.368,ok,297706178620246,2026-09-22T10:09:58.769+00:00
-8936484523522378346,304989650380185793,1029TH-level-downstage-i-15_min-mASD,1029TH,2026-09-16T04:45:00.000+00:00,2026-09-16,-0.369,ok,297706178620246,2026-09-22T10:09:58.769+00:00
-8936484523522378346,304989650380185793,1029TH-level-downstage-i-15_min-mASD,1029TH,2026-09-16T05:00:00.000+00:00,2026-09-16,-0.369,ok,297706178620246,2026-09-22T10:09:58.769+00:00
-8936484523522378346,304989650380185793,1029TH-level-downstage-i-15_min-mASD,1029TH,2026-09-16T05:15:00.000+00:00,2026-09-16,-0.37,ok,297706178620246,2026-09-22T10:09:58.769+00:00
-8936484523522378346,304989650380185793,1029TH-level-downstage-i-15_min-mASD,1029TH,2026-09-16T05:30:00.000+00:00,2026-09-16,-0.37,ok,297706178620246,2026-09-22T10:09:58.769+00:00
-8936484523522378346,304989650380185793,1029TH-level-downstage-i-15_min-mASD,1029TH,2026-09-16T05:45:00.000+00:00,2026-09-16,-0.366,ok,297706178620246,2026-09-22T10:09:58.769+00:00
-8936484523522378346,304989650380185793,1029TH-level-downstage-i-15_min-mASD,1029TH,2026-09-16T06:00:00.000+00:00,2026-09-16,-0.361,ok,297706178620246,2026-09-22T10:09:58.769+00:00
-8936484523522378346,304989650380185793,1029TH-level-downstage-i-15_min-mASD,1029TH,2026-09-16T06:15:00.000+00:00,2026-09-16,-0.358,ok,297706178620246,2026-09-22T10:09:58.769+00:00
-8936484523522378346,304989650380185793,1029TH-level-downstage-i-15_min-mASD,1029TH,2026-09-16T06:30:00.000+00:00,2026-09-16,-0.361,ok,297706178620246,2026-09-22T10:09:58.769+00:00
-8936484523522378346,304989650380185793,1029TH-level-downstage-i-15_min-mASD,1029TH,2026-09-16T06:45:00.000+00:00,2026-09-16,-0.366,ok,297706178620246,2026-09-22T10:09:58.769+00:00
-8936484523522378346,304989650380185793,1029TH-level-downstage-i-15_min-mASD,1029TH,2026-09-16T07:00:00.000+00:00,2026-09-16,-0.361,ok,297706178620246,2026-09-22T10:09:58.769+00:00
-8936484523522378346,304989650380185793,1029TH-level-downstage-i-15_min-mASD,1029TH,2026-09-16T07:15:00.000+00:00,2026-09-16,-0.359,ok,297706178620246,2026-09-22T10:09:58.769+00:00
-8936484523522378346,304989650380185793,1029TH-level-downstage-i-15_min-mASD,1029TH,2026-09-16T07:30:00.000+00:00,2026-09-16,-0.36,ok,297706178620246,2026-09-22T10:09:58.769+00:00
-8936484523522378346,304989650380185793,1029TH-level-downstage-i-15_min-mASD,1029TH,2026-09-16T07:45:00.000+00:00,2026-09-16,-0.357,ok,297706178620246,2026-09-22T10:09:58.769+00:00
-8936484523522378346,304989650380185793,1029TH-level-downstage-i-15_min-mASD,1029TH,2026-09-16T08:00:00.000+00:00,2026-09-16,-0.351,ok,297706178620246,2026-09-22T10:09:58.769+00:00
-8936484523522378346,304989650380185793,1029TH-level-downstage-i-15_min-mASD,1029TH,2026-09-16T08:15:00.000+00:00,2026-09-16,-0.342,ok,297706178620246,2026-09-22T10:09:58.769+00:00
-8936484523522378346,304989650380185793,1029TH-level-downstage-i-15_min-mASD,1029TH,2026-09-16T08:30:00.000+00:00,2026-09-16,-0.341,ok,297706178620246,2026-09-22T10:09:58.769+00:00
-8936484523522378346,304989650380185793,1029TH-level-downstage-i-15_min-mASD,1029TH,2026-09-16T08:45:00.000+00:00,2026-09-16,-0.342,ok,297706178620246,2026-09-22T10:09:58.769+00:00
-8936484523522378346,304989650380185793,1029TH-level-downstage-i-15_min-mASD,1029TH,2026-09-16T09:00:00.000+00:00,2026-09-16,-0.341,ok,297706178620246,2026-09-22T10:09:58.769+00:00
-8936484523522378346,304989650380185793,1029TH-level-downstage-i-15_min-mASD,1029TH,2026-09-16T09:15:00.000+00:00,2026-09-16,-0.34,ok,297706178620246,2026-09-22T10:09:58.769+00:00
-8936484523522378346,304989650380185793,1029TH-level-downstage-i-15_min-mASD,1029TH,2026-09-16T09:30:00.000+00:00,2026-09-16,-0.344,ok,297706178620246,2026-09-22T10:09:58.769+00:00
-8936484523522378346,304989650380185793,1029TH-level-downstage-i-15_min-mASD,1029TH,2026-09-16T09:45:00.000+00:00,2026-09-16,-0.351,ok,297706178620246,2026-09-22T10:09:58.769+00:00
-8936484523522378346,304989650380185793,1029TH-level-downstage-i-15_min-mASD,1029TH,2026-09-16T10:00:00.000+00:00,2026-09-16,-0.362,ok,297706178620246,2026-09-22T10:09:58.769+00:00
-8936484523522378346,304989650380185793,1029TH-level-downstage-i-15_min-mASD,1029TH,2026-09-16T10:15:00.000+00:00,2026-09-16,-0.368,ok,297706178620246,2026-09-22T10:09:58.769+00:00
-8936484523522378346,304989650380185793,1029TH-level-downstage-i-15_min-mASD,1029TH,2026-09-16T10:30:00.000+00:00,2026-09-16,-0.371,ok,297706178620246,2026-09-22T10:09:58.769+00:00
-8936484523522378346,304989650380185793,1029TH-level-downstage-i-15_min-mASD,1029TH,2026-09-16T10:45:00.000+00:00,2026-09-16,-0.371,ok,297706178620246,2026-09-22T10:09:58.769+00:00
-8936484523522378346,304989650380185793,1029TH-level-downstage-i-15_min-mASD,1029TH,2026-09-16T11:00:00.000+00:00,2026-09-16,-0.364,ok,297706178620246,2026-09-22T10:09:58.769+00:00
-8936484523522378346,304989650380185793,1029TH-level-downstage-i-15_min-mASD,1029TH,2026-09-16T11:15:00.000+00:00,2026-09-16,-0.359,ok,297706178620246,2026-09-22T10:09:58.769+00:00
-8936484523522378346,304989650380185793,1029TH-level-downstage-i-15_min-mASD,1029TH,2026-09-16T11:30:00.000+00:00,2026-09-16,-0.356,ok,297706178620246,2026-09-22T10:09:58.769+00:00
-8936484523522378346,304989650380185793,1029TH-level-downstage-i-15_min-mASD,1029TH,2026-09-16T11:45:00.000+00:00,2026-09-16,-0.358,ok,297706178620246,2026-09-22T10:09:58.769+00:00
-8936484523522378346,304989650380185793,1029TH-level-downstage-i-15_min-mASD,1029TH,2026-09-16T12:00:00.000+00:00,2026-09-16,-0.382,ok,297706178620246,2026-09-22T10:09:58.769+00:00
-8936484523522378346,304989650380185793,1029TH-level-downstage-i-15_min-mASD,1029TH,2026-09-16T12:15:00.000+00:00,2026-09-16,-0.422,ok,297706178620246,2026-09-22T10:09:58.769+00:00
-8936484523522378346,304989650380185793,1029TH-level-downstage-i-15_min-mASD,1029TH,2026-09-16T12:30:00.000+00:00,2026-09-16,-0.438,ok,297706178620246,2026-09-22T10:09:58.769+00:00
-8936484523522378346,304989650380185793,1029TH-level-downstage-i-15_min-mASD,1029TH,2026-09-16T12:45:00.000+00:00,2026-09-16,-0.401,ok,297706178620246,2026-09-22T10:09:58.769+00:00
-8936484523522378346,304989650380185793,1029TH-level-downstage-i-15_min-mASD,1029TH,2026-09-16T13:00:00.000+00:00,2026-09-16,-0.379,ok,297706178620246,2026-09-22T10:09:58.769+00:00
-8936484523522378346,304989650380185793,1029TH-level-downstage-i-15_min-mASD,1029TH,2026-09-16T13:15:00.000+00:00,2026-09-16,-0.372,ok,297706178620246,2026-09-22T10:09:58.769+00:00
-8936484523522378346,304989650380185793,1029TH-level-downstage-i-15_min-mASD,1029TH,2026-09-16T13:30:00.000+00:00,2026-09-16,-0.346,ok,297706178620246,2026-09-22T10:09:58.769+00:00
-8936484523522378346,304989650380185793,1029TH-level-downstage-i-15_min-mASD,1029TH,2026-09-16T13:45:00.000+00:00,2026-09-16,-0.346,ok,297706178620246,2026-09-22T10:09:58.769+00:00
-8936484523522378346,304989650380185793,1029TH-level-downstage-i-15_min-mASD,1029TH,2026-09-16T14:00:00.000+00:00,2026-09-16,-0.345,ok,297706178620246,2026-09-22T10:09:58.769+00:00
-8936484523522378346,304989650380185793,1029TH-level-downstage-i-15_min-mASD,1029TH,2026-09-16T14:15:00.000+00:00,2026-09-16,-0.346,ok,297706178620246,2026-09-22T10:09:58.769+00:00
-8936484523522378346,304989650380185793,1029TH-level-downstage-i-15_min-mASD,1029TH,2026-09-16T14:30:00.000+00:00,2026-09-16,-0.354,ok,297706178620246,2026-09-22T10:09:58.769+00:00
-8936484523522378346,304989650380185793,1029TH-level-downstage-i-15_min-mASD,1029TH,2026-09-16T14:45:00.000+00:00,2026-09-16,-0.36,ok,297706178620246,2026-09-22T10:09:58.769+00:00
-8936484523522378346,304989650380185793,1029TH-level-downstage-i-15_min-mASD,1029TH,2026-09-16T15:00:00.000+00:00,2026-09-16,-0.366,ok,297706178620246,2026-09-22T10:09:58.769+00:00
-8936484523522378346,304989650380185793,1029TH-level-downstage-i-15_min-mASD,1029TH,2026-09-16T15:15:00.000+00:00,2026-09-16,-0.371,ok,297706178620246,2026-09-22T10:09:58.769+00:00
-8936484523522378346,304989650380185793,1029TH-level-downstage-i-15_min-mASD,1029TH,2026-09-16T15:30:00.000+00:00,2026-09-16,-0.376,ok,297706178620246,2026-09-22T10:09:58.769+00:00
-8936484523522378346,304989650380185793,1029TH-level-downstage-i-15_min-mASD,1029TH,2026-09-16T15:45:00.000+00:00,2026-09-16,-0.382,ok,297706178620246,2026-09-22T10:09:58.769+00:00
-8936484523522378346,304989650380185793,1029TH-level-downstage-i-15_min-mASD,1029TH,2026-09-16T16:00:00.000+00:00,2026-09-16,-0.382,ok,297706178620246,2026-09-22T10:09:58.769+00:00
-8936484523522378346,304989650380185793,1029TH-level-downstage-i-15_min-mASD,1029TH,2026-09-16T16:15:00.000+00:00,2026-09-16,-0.384,ok,297706178620246,2026-09-22T10:09:58.769+00:00
-8936484523522378346,304989650380185793,1029TH-level-downstage-i-15_min-mASD,1029TH,2026-09-16T16:30:00.000+00:00,2026-09-16,-0.381,ok,297706178620246,2026-09-22T10:09:58.769+00:00
-8936484523522378346,304989650380185793,1029TH-level-downstage-i-15_min-mASD,1029TH,2026-09-16T16:45:00.000+00:00,2026-09-16,-0.373,ok,297706178620246,2026-09-22T10:09:58.769+00:00
-8936484523522378346,304989650380185793,1029TH-level-downstage-i-15_min-mASD,1029TH,2026-09-16T17:00:00.000+00:00,2026-09-16,-0.365,ok,297706178620246,2026-09-22T10:09:58.769+00:00
-8936484523522378346,304989650380185793,1029TH-level-downstage-i-15_min-mASD,1029TH,2026-09-16T17:15:00.000+00:00,2026-09-16,-0.362,ok,297706178620246,2026-09-22T10:09:58.769+00:00
-8936484523522378346,304989650380185793,1029TH-level-downstage-i-15_min-mASD,1029TH,2026-09-16T17:30:00.000+00:00,2026-09-16,-0.361,ok,297706178620246,2026-09-22T10:09:58.769+00:00
-8936484523522378346,304989650380185793,1029TH-level-downstage-i-15_min-mASD,1029TH,2026-09-16T17:45:00.000+00:00,2026-09-16,-0.364,ok,297706178620246,2026-09-22T10:09:58.769+00:00
-8936484523522378346,304989650380185793,1029TH-level-downstage-i-15_min-mASD,1029TH,2026-09-16T18:00:00.000+00:00,2026-09-16,-0.367,ok,297706178620246,2026-09-22T10:09:58.769+00:00
-8936484523522378346,304989650380185793,1029TH-level-downstage-i-15_min-mASD,1029TH,2026-09-16T18:15:00.000+00:00,2026-09-16,-0.372,ok,297706178620246,2026-09-22T10:09:58.769+00:00
-8936484523522378346,304989650380185793,1029TH-level-downstage-i-15_min-mASD,1029TH,2026-09-16T18:30:00.000+00:00,2026-09-16,-0.375,ok,297706178620246,2026-09-22T10:09:58.769+00:00
-8936484523522378346,304989650380185793,1029TH-level-downstage-i-15_min-mASD,1029TH,2026-09-16T18:45:00.000+00:00,2026-09-16,-0.378,ok,297706178620246,2026-09-22T10:09:58.769+00:00
-8936484523522378346,304989650380185793,1029TH-level-downstage-i-15_min-mASD,1029TH,2026-09-16T19:00:00.000+00:00,2026-09-16,-0.379,ok,297706178620246,2026-09-22T10:09:58.769+00:00
-8936484523522378346,304989650380185793,1029TH-level-downstage-i-15_min-mASD,1029TH,2026-09-16T19:15:00.000+00:00,2026-09-16,-0.373,ok,297706178620246,2026-09-22T10:09:58.769+00:00
-8936484523522378346,304989650380185793,1029TH-level-downstage-i-15_min-mASD,1029TH,2026-09-16T19:30:00.000+00:00,2026-09-16,-0.367,ok,297706178620246,2026-09-22T10:09:58.769+00:00
-8936484523522378346,304989650380185793,1029TH-level-downstage-i-15_min-mASD,1029TH,2026-09-16T19:45:00.000+00:00,2026-09-16,-0.363,ok,297706178620246,2026-09-22T10:09:58.769+00:00
-8936484523522378346,304989650380185793,1029TH-level-downstage-i-15_min-mASD,1029TH,2026-09-16T20:00:00.000+00:00,2026-09-16,-0.362,ok,297706178620246,2026-09-22T10:09:58.769+00:00
-8936484523522378346,304989650380185793,1029TH-level-downstage-i-15_min-mASD,1029TH,2026-09-16T20:15:00.000+00:00,2026-09-16,-0.364,ok,297706178620246,2026-09-22T10:09:58.769+00:00
-8936484523522378346,304989650380185793,1029TH-level-downstage-i-15_min-mASD,1029TH,2026-09-16T20:30:00.000+00:00,2026-09-16,-0.368,ok,297706178620246,2026-09-22T10:09:58.769+00:00
-8936484523522378346,304989650380185793,1029TH-level-downstage-i-15_min-mASD,1029TH,2026-09-16T20:45:00.000+00:00,2026-09-16,-0.373,ok,297706178620246,2026-09-22T10:09:58.769+00:00
-8936484523522378346,304989650380185793,1029TH-level-downstage-i-15_min-mASD,1029TH,2026-09-16T21:00:00.000+00:00,2026-09-16,-0.377,ok,297706178620246,2026-09-22T10:09:58.769+00:00
-8936484523522378346,304989650380185793,1029TH-level-downstage-i-15_min-mASD,1029TH,2026-09-16T21:15:00.000+00:00,2026-09-16,-0.379,ok,297706178620246,2026-09-22T10:09:58.769+00:00
-8936484523522378346,304989650380185793,1029TH-level-downstage-i-15_min-mASD,1029TH,2026-09-16T21:30:00.000+00:00,2026-09-16,-0.378,ok,297706178620246,2026-09-22T10:09:58.769+00:00
-8936484523522378346,304989650380185793,1029TH-level-downstage-i-15_min-mASD,1029TH,2026-09-16T21:45:00.000+00:00,2026-09-16,-0.373,ok,297706178620246,2026-09-22T10:09:58.769+00:00
-8936484523522378346,304989650380185793,1029TH-level-downstage-i-15_min-mASD,1029TH,2026-09-16T22:00:00.000+00:00,2026-09-16,-0.364,ok,297706178620246,2026-09-22T10:09:58.769+00:00
-8936484523522378346,304989650380185793,1029TH-level-downstage-i-15_min-mASD,1029TH,2026-09-16T22:15:00.000+00:00,2026-09-16,-0.36,ok,297706178620246,2026-09-22T10:09:58.769+00:00
-8936484523522378346,304989650380185793,1029TH-level-downstage-i-15_min-mASD,1029TH,2026-09-16T22:30:00.000+00:00,2026-09-16,-0.357,ok,297706178620246,2026-09-22T10:09:58.769+00:00
-8936484523522378346,304989650380185793,1029TH-level-downstage-i-15_min-mASD,1029TH,2026-09-16T22:45:00.000+00:00,2026-09-16,-0.358,ok,297706178620246,2026-09-22T10:09:58.769+00:00
-8936484523522378346,304989650380185793,1029TH-level-downstage-i-15_min-mASD,1029TH,2026-09-16T23:00:00.000+00:00,2026-09-16,-0.361,ok,297706178620246,2026-09-22T10:09:58.769+00:00
-8936484523522378346,304989650380185793,1029TH-level-downstage-i-15_min-mASD,1029TH,2026-09-16T23:15:00.000+00:00,2026-09-16,-0.367,ok,297706178620246,2026-09-22T10:09:58.769+00:00
-8936484523522378346,304989650380185793,1029TH-level-downstage-i-15_min-mASD,1029TH,2026-09-16T23:30:00.000+00:00,2026-09-16,-0.372,ok,297706178620246,2026-09-22T10:09:58.769+00:00
-8936484523522378346,304989650380185793,1029TH-level-downstage-i-15_min-mASD,1029TH,2026-09-16T23:45:00.000+00:00,2026-09-16,-0.375,ok,297706178620246,2026-09-22T10:09:58.769+00:00
-8936484523522378346,304989650380185793,1029TH-level-downstage-i-15_min-mASD,1029TH,2026-09-17T00:00:00.000+00:00,2026-09-17,-0.376,ok,297706178620246,2026-09-22T10:09:58.769+00:00
-8936484523522378346,304989650380185793,1029TH-level-downstage-i-15_min-mASD,1029TH,2026-09-17T00:15:00.000+00:00,2026-09-17,-0.377,ok,297706178620246,2026-09-22T10:09:58.769+00:00
-8936484523522378346,304989650380185793,1029TH-level-downstage-i-15_min-mASD,1029TH,2026-09-17T00:30:00.000+00:00,2026-09-17,-0.378,ok,297706178620246,2026-09-22T10:09:58.769+00:00
-8936484523522378346,304989650380185793,1029TH-level-downstage-i-15_min-mASD,1029TH,2026-09-17T00:45:00.000+00:00,2026-09-17,-0.378,ok,297706178620246,2026-09-22T10:09:58.769+00:00
-8936484523522378346,304989650380185793,1029TH-level-downstage-i-15_min-mASD,1029TH,2026-09-17T01:00:00.000+00:00,2026-09-17,-0.375,ok,297706178620246,2026-09-22T10:09:58.769+00:00
-8936484523522378346,304989650380185793,1029TH-level-downstage-i-15_min-mASD,1029TH,2026-09-17T01:15:00.000+00:00,2026-09-17,-0.37,ok,297706178620246,2026-09-22T10:09:58.769+00:00
-8936484523522378346,304989650380185793,1029TH-level-downstage-i-15_min-mASD,1029TH,2026-09-17T01:30:00.000+00:00,2026-09-17,-0.366,ok,297706178620246,2026-09-22T10:09:58.769+00:00
-8936484523522378346,304989650380185793,1029TH-level-downstage-i-15_min-mASD,1029TH,2026-09-17T01:45:00.000+00:00,2026-09-17,-0.37,ok,297706178620246,2026-09-22T10:09:58.769+00:00
-8936484523522378346,304989650380185793,1029TH-level-downstage-i-15_min-mASD,1029TH,2026-09-17T02:00:00.000+00:00,2026-09-17,-0.373,ok,297706178620246,2026-09-22T10:09:58.769+00:00
-8936484523522378346,304989650380185793,1029TH-level-downstage-i-15_min-mASD,1029TH,2026-09-17T02:15:00.000+00:00,2026-09-17,-0.377,ok,297706178620246,2026-09-22T10:09:58.769+00:00
-8936484523522378346,304989650380185793,1029TH-level-downstage-i-15_min-mASD,1029TH,2026-09-17T02:30:00.000+00:00,2026-09-17,-0.381,ok,297706178620246,2026-09-22T10:09:58.769+00:00
-8936484523522378346,304989650380185793,1029TH-level-downstage-i-15_min-mASD,1029TH,2026-09-17T02:45:00.000+00:00,2026-09-17,-0.381,ok,297706178620246,2026-09-22T10:09:58.769+00:00
-8936484523522378346,304989650380185793,1029TH-level-downstage-i-15_min-mASD,1029TH,2026-09-17T03:00:00.000+00:00,2026-09-17,-0.383,ok,297706178620246,2026-09-22T10:09:58.769+00:00
-8936484523522378346,304989650380185793,1029TH-level-downstage-i-15_min-mASD,1029TH,2026-09-17T03:15:00.000+00:00,2026-09-17,-0.381,ok,297706178620246,2026-09-22T10:09:58.769+00:00
-8936484523522378346,304989650380185793,1029TH-level-downstage-i-15_min-mASD,1029TH,2026-09-17T03:30:00.000+00:00,2026-09-17,-0.379,ok,297706178620246,2026-09-22T10:09:58.769+00:00
-8936484523522378346,304989650380185793,1029TH-level-downstage-i-15_min-mASD,1029TH,2026-09-17T03:45:00.000+00:00,2026-09-17,-0.377,ok,297706178620246,2026-09-22T10:09:58.769+00:00
-8936484523522378346,304989650380185793,1029TH-level-downstage-i-15_min-mASD,1029TH,2026-09-17T04:00:00.000+00:00,2026-09-17,-0.376,ok,297706178620246,2026-09-22T10:09:58.769+00:00
-8936484523522378346,304989650380185793,1029TH-level-downstage-i-15_min-mASD,1029TH,2026-09-17T04:15:00.000+00:00,2026-09-17,-0.376,ok,297706178620246,2026-09-22T10:09:58.769+00:00
-8936484523522378346,304989650380185793,1029TH-level-downstage-i-15_min-mASD,1029TH,2026-09-17T04:30:00.000+00:00,2026-09-17,-0.375,ok,297706178620246,2026-09-22T10:09:58.769+00:00
-8936484523522378346,304989650380185793,1029TH-level-downstage-i-15_min-mASD,1029TH,2026-09-17T04:45:00.000+00:00,2026-09-17,-0.371,ok,297706178620246,2026-09-22T10:09:58.769+00:00
-8936484523522378346,304989650380185793,1029TH-level-downstage-i-15_min-mASD,1029TH,2026-09-17T05:00:00.000+00:00,2026-09-17,-0.365,ok,297706178620246,2026-09-22T10:09:58.769+00:00
-8936484523522378346,304989650380185793,1029TH-level-downstage-i-15_min-mASD,1029TH,2026-09-17T05:15:00.000+00:00,2026-09-17,-0.361,ok,297706178620246,2026-09-22T10:09:58.769+00:00
-8936484523522378346,304989650380185793,1029TH-level-downstage-i-15_min-mASD,1029TH,2026-09-17T05:30:00.000+00:00,2026-09-17,-0.362,ok,297706178620246,2026-09-22T10:09:58.769+00:00
-8936484523522378346,304989650380185793,1029TH-level-downstage-i-15_min-mASD,1029TH,2026-09-17T05:45:00.000+00:00,2026-09-17,-0.368,ok,297706178620246,2026-09-22T10:09:58.769+00:00
-8936484523522378346,304989650380185793,1029TH-level-downstage-i-15_min-mASD,1029TH,2026-09-17T06:00:00.000+00:00,2026-09-17,-0.372,ok,297706178620246,2026-09-22T10:09:58.769+00:00
-8936484523522378346,304989650380185793,1029TH-level-downstage-i-15_min-mASD,1029TH,2026-09-17T06:15:00.000+00:00,2026-09-17,-0.372,ok,297706178620246,2026-09-22T10:09:58.769+00:00
-8936484523522378346,304989650380185793,1029TH-level-downstage-i-15_min-mASD,1029TH,2026-09-17T06:30:00.000+00:00,2026-09-17,-0.373,ok,297706178620246,2026-09-22T10:09:58.769+00:00
-8936484523522378346,304989650380185793,1029TH-level-downstage-i-15_min-mASD,1029TH,2026-09-17T06:45:00.000+00:00,2026-09-17,-0.377,ok,297706178620246,2026-09-22T10:09:58.769+00:00
-8936484523522378346,304989650380185793,1029TH-level-downstage-i-15_min-mASD,1029TH,2026-09-17T07:00:00.000+00:00,2026-09-17,-0.378,ok,297706178620246,2026-09-22T10:09:58.769+00:00
-8936484523522378346,304989650380185793,1029TH-level-downstage-i-15_min-mASD,1029TH,2026-09-17T07:15:00.000+00:00,2026-09-17,-0.377,ok,297706178620246,2026-09-22T10:09:58.769+00:00
-8936484523522378346,304989650380185793,1029TH-level-downstage-i-15_min-mASD,1029TH,2026-09-17T07:30:00.000+00:00,2026-09-17,-0.374,ok,297706178620246,2026-09-22T10:09:58.769+00:00
-8936484523522378346,304989650380185793,1029TH-level-downstage-i-15_min-mASD,1029TH,2026-09-17T07:45:00.000+00:00,2026-09-17,-0.368,ok,297706178620246,2026-09-22T10:09:58.769+00:00
-8936484523522378346,304989650380185793,1029TH-level-downstage-i-15_min-mASD,1029TH,2026-09-17T08:00:00.000+00:00,2026-09-17,-0.362,ok,297706178620246,2026-09-22T10:09:58.769+00:00
-8936484523522378346,304989650380185793,1029TH-level-downstage-i-15_min-mASD,1029TH,2026-09-17T08:15:00.000+00:00,2026-09-17,-0.358,ok,297706178620246,2026-09-22T10:09:58.769+00:00
-8936484523522378346,304989650380185793,1029TH-level-downstage-i-15_min-mASD,1029TH,2026-09-17T08:30:00.000+00:00,2026-09-17,-0.356,ok,297706178620246,2026-09-22T10:09:58.769+00:00
-8936484523522378346,304989650380185793,1029TH-level-downstage-i-15_min-mASD,1029TH,2026-09-17T08:45:00.000+00:00,2026-09-17,-0.356,ok,297706178620246,2026-09-22T10:09:58.769+00:00
-8936484523522378346,304989650380185793,1029TH-level-downstage-i-15_min-mASD,1029TH,2026-09-17T09:00:00.000+00:00,2026-09-17,-0.355,ok,297706178620246,2026-09-22T10:09:58.769+00:00
-8936484523522378346,304989650380185793,1029TH-level-downstage-i-15_min-mASD,1029TH,2026-09-17T09:15:00.000+00:00,2026-09-17,-0.353,ok,297706178620246,2026-09-22T10:09:58.769+00:00
-8936484523522378346,304989650380185793,1029TH-level-downstage-i-15_min-mASD,1029TH,2026-09-17T09:30:00.000+00:00,2026-09-17,-0.353,ok,297706178620246,2026-09-22T10:09:58.769+00:00
-8936484523522378346,304989650380185793,1029TH-level-downstage-i-15_min-mASD,1029TH,2026-09-17T09:45:00.000+00:00,2026-09-17,-0.354,ok,297706178620246,2026-09-22T10:09:58.769+00:00
-8936484523522378346,304989650380185793,1029TH-level-downstage-i-15_min-mASD,1029TH,2026-09-17T10:00:00.000+00:00,2026-09-17,-0.358,ok,297706178620246,2026-09-22T10:09:58.769+00:00
-8936484523522378346,304989650380185793,1029TH-level-downstage-i-15_min-mASD,1029TH,2026-09-17T10:15:00.000+00:00,2026-09-17,-0.362,ok,297706178620246,2026-09-22T10:09:58.769+00:00
-8936484523522378346,304989650380185793,1029TH-level-downstage-i-15_min-mASD,1029TH,2026-09-17T10:30:00.000+00:00,2026-09-17,-0.365,ok,297706178620246,2026-09-22T10:09:58.769+00:00
-8936484523522378346,304989650380185793,1029TH-level-downstage-i-15_min-mASD,1029TH,2026-09-17T10:45:00.000+00:00,2026-09-17,-0.366,ok,297706178620246,2026-09-22T10:09:58.769+00:00
-8936484523522378346,304989650380185793,1029TH-level-downstage-i-15_min-mASD,1029TH,2026-09-17T11:00:00.000+00:00,2026-09-17,-0.363,ok,297706178620246,2026-09-22T10:09:58.769+00:00
-8936484523522378346,304989650380185793,1029TH-level-downstage-i-15_min-mASD,1029TH,2026-09-17T11:15:00.000+00:00,2026-09-17,-0.357,ok,297706178620246,2026-09-22T10:09:58.769+00:00
-8936484523522378346,304989650380185793,1029TH-level-downstage-i-15_min-mASD,1029TH,2026-09-17T11:30:00.000+00:00,2026-09-17,-0.355,ok,297706178620246,2026-09-22T10:09:58.769+00:00
-8936484523522378346,304989650380185793,1029TH-level-downstage-i-15_min-mASD,1029TH,2026-09-17T11:45:00.000+00:00,2026-09-17,-0.356,ok,297706178620246,2026-09-22T10:09:58.769+00:00
-8936484523522378346,304989650380185793,1029TH-level-downstage-i-15_min-mASD,1029TH,2026-09-17T12:00:00.000+00:00,2026-09-17,-0.357,ok,297706178620246,2026-09-22T10:09:58.769+00:00
-8936484523522378346,304989650380185793,1029TH-level-downstage-i-15_min-mASD,1029TH,2026-09-17T12:15:00.000+00:00,2026-09-17,-0.358,ok,297706178620246,2026-09-22T10:09:58.769+00:00
-8936484523522378346,304989650380185793,1029TH-level-downstage-i-15_min-mASD,1029TH,2026-09-17T12:30:00.000+00:00,2026-09-17,-0.361,ok,297706178620246,2026-09-22T10:09:58.769+00:00
-8936484523522378346,304989650380185793,1029TH-level-downstage-i-15_min-mASD,1029TH,2026-09-17T12:45:00.000+00:00,2026-09-17,-0.366,ok,297706178620246,2026-09-22T10:09:58.769+00:00
-8936484523522378346,304989650380185793,1029TH-level-downstage-i-15_min-mASD,1029TH,2026-09-17T13:00:00.000+00:00,2026-09-17,-0.367,ok,297706178620246,2026-09-22T10:09:58.769+00:00
-8936484523522378346,304989650380185793,1029TH-level-downstage-i-15_min-mASD,1029TH,2026-09-17T13:15:00.000+00:00,2026-09-17,-0.367,ok,297706178620246,2026-09-22T10:09:58.769+00:00
-8936484523522378346,304989650380185793,1029TH-level-downstage-i-15_min-mASD,1029TH,2026-09-17T13:30:00.000+00:00,2026-09-17,-0.365,ok,297706178620246,2026-09-22T10:09:58.769+00:00
-8936484523522378346,304989650380185793,1029TH-level-downstage-i-15_min-mASD,1029TH,2026-09-17T13:45:00.000+00:00,2026-09-17,-0.364,ok,297706178620246,2026-09-22T10:09:58.769+00:00
-8936484523522378346,304989650380185793,1029TH-level-downstage-i-15_min-mASD,1029TH,2026-09-17T14:00:00.000+00:00,2026-09-17,-0.359,ok,297706178620246,2026-09-22T10:09:58.769+00:00
-8936484523522378346,304989650380185793,1029TH-level-downstage-i-15_min-mASD,1029TH,2026-09-17T14:15:00.000+00:00,2026-09-17,-0.355,ok,297706178620246,2026-09-22T10:09:58.769+00:00
-8936484523522378346,304989650380185793,1029TH-level-downstage-i-15_min-mASD,1029TH,2026-09-17T14:30:00.000+00:00,2026-09-17,-0.353,ok,297706178620246,2026-09-22T10:09:58.769+00:00
-8936484523522378346,304989650380185793,1029TH-level-downstage-i-15_min-mASD,1029TH,2026-09-17T14:45:00.000+00:00,2026-09-17,-0.355,ok,297706178620246,2026-09-22T10:09:58.769+00:00
-8936484523522378346,304989650380185793,1029TH-level-downstage-i-15_min-mASD,1029TH,2026-09-17T15:00:00.000+00:00,2026-09-17,-0.355,ok,297706178620246,2026-09-22T10:09:58.769+00:00
-8936484523522378346,304989650380185793,1029TH-level-downstage-i-15_min-mASD,1029TH,2026-09-17T15:15:00.000+00:00,2026-09-17,-0.359,ok,297706178620246,2026-09-22T10:09:58.769+00:00
-8936484523522378346,304989650380185793,1029TH-level-downstage-i-15_min-mASD,1029TH,2026-09-17T15:30:00.000+00:00,2026-09-17,-0.361,ok,297706178620246,2026-09-22T10:09:58.769+00:00
-8936484523522378346,304989650380185793,1029TH-level-downstage-i-15_min-mASD,1029TH,2026-09-17T15:45:00.000+00:00,2026-09-17,-0.364,ok,297706178620246,2026-09-22T10:09:58.769+00:00
-8936484523522378346,304989650380185793,1029TH-level-downstage-i-15_min-mASD,1029TH,2026-09-17T16:00:00.000+00:00,2026-09-17,-0.365,ok,297706178620246,2026-09-22T10:09:58.769+00:00
-8936484523522378346,304989650380185793,1029TH-level-downstage-i-15_min-mASD,1029TH,2026-09-17T16:15:00.000+00:00,2026-09-17,-0.366,ok,297706178620246,2026-09-22T10:09:58.769+00:00
-8936484523522378346,304989650380185793,1029TH-level-downstage-i-15_min-mASD,1029TH,2026-09-17T16:30:00.000+00:00,2026-09-17,-0.367,ok,297706178620246,2026-09-22T10:09:58.769+00:00
-8936484523522378346,304989650380185793,1029TH-level-downstage-i-15_min-mASD,1029TH,2026-09-17T16:45:00.000+00:00,2026-09-17,-0.362,ok,297706178620246,2026-09-22T10:09:58.769+00:00
-8936484523522378346,304989650380185793,1029TH-level-downstage-i-15_min-mASD,1029TH,2026-09-17T17:00:00.000+00:00,2026-09-17,-0.358,ok,297706178620246,2026-09-22T10:09:58.769+00:00
-8936484523522378346,304989650380185793,1029TH-level-downstage-i-15_min-mASD,1029TH,2026-09-17T17:15:00.000+00:00,2026-09-17,-0.356,ok,297706178620246,2026-09-22T10:09:58.769+00:00
-8936484523522378346,304989650380185793,1029TH-level-downstage-i-15_min-mASD,1029TH,2026-09-17T17:30:00.000+00:00,2026-09-17,-0.357,ok,297706178620246,2026-09-22T10:09:58.769+00:00
-8936484523522378346,304989650380185793,1029TH-level-downstage-i-15_min-mASD,1029TH,2026-09-17T17:45:00.000+00:00,2026-09-17,-0.359,ok,297706178620246,2026-09-22T10:09:58.769+00:00
-8936484523522378346,304989650380185793,1029TH-level-downstage-i-15_min-mASD,1029TH,2026-09-17T18:00:00.000+00:00,2026-09-17,-0.361,ok,297706178620246,2026-09-22T10:09:58.769+00:00
-8936484523522378346,304989650380185793,1029TH-level-downstage-i-15_min-mASD,1029TH,2026-09-17T18:15:00.000+00:00,2026-09-17,-0.363,ok,297706178620246,2026-09-22T10:09:58.769+00:00
-8936484523522378346,304989650380185793,1029TH-level-downstage-i-15_min-mASD,1029TH,2026-09-17T18:30:00.000+00:00,2026-09-17,-0.366,ok,297706178620246,2026-09-22T10:09:58.769+00:00
-8936484523522378346,304989650380185793,1029TH-level-downstage-i-15_min-mASD,1029TH,2026-09-17T18:45:00.000+00:00,2026-09-17,-0.368,ok,297706178620246,2026-09-22T10:09:58.769+00:00
-8936484523522378346,304989650380185793,1029TH-level-downstage-i-15_min-mASD,1029TH,2026-09-17T19:00:00.000+00:00,2026-09-17,-0.369,ok,297706178620246,2026-09-22T10:09:58.769+00:00
-8936484523522378346,304989650380185793,1029TH-level-downstage-i-15_min-mASD,1029TH,2026-09-17T19:15:00.000+00:00,2026-09-17,-0.368,ok,297706178620246,2026-09-22T10:09:58.769+00:00
-8936484523522378346,304989650380185793,1029TH-level-downstage-i-15_min-mASD,1029TH,2026-09-17T19:30:00.000+00:00,2026-09-17,-0.368,ok,297706178620246,2026-09-22T10:09:58.769+00:00
-8936484523522378346,304989650380185793,1029TH-level-downstage-i-15_min-mASD,1029TH,2026-09-17T19:45:00.000+00:00,2026-09-17,-0.37,ok,297706178620246,2026-09-22T10:09:58.769+00:00
-8936484523522378346,304989650380185793,1029TH-level-downstage-i-15_min-mASD,1029TH,2026-09-17T20:00:00.000+00:00,2026-09-17,-0.372,ok,297706178620246,2026-09-22T10:09:58.769+00:00
-8936484523522378346,304989650380185793,1029TH-level-downstage-i-15_min-mASD,1029TH,2026-09-17T20:15:00.000+00:00,2026-09-17,-0.374,ok,297706178620246,2026-09-22T10:09:58.769+00:00
-8936484523522378346,304989650380185793,1029TH-level-downstage-i-15_min-mASD,1029TH,2026-09-17T20:30:00.000+00:00,2026-09-17,-0.375,ok,297706178620246,2026-09-22T10:09:58.769+00:00
-8936484523522378346,304989650380185793,1029TH-level-downstage-i-15_min-mASD,1029TH,2026-09-17T20:45:00.000+00:00,2026-09-17,-0.376,ok,297706178620246,2026-09-22T10:09:58.769+00:00
-8936484523522378346,304989650380185793,1029TH-level-downstage-i-15_min-mASD,1029TH,2026-09-17T21:00:00.000+00:00,2026-09-17,-0.375,ok,297706178620246,2026-09-22T10:09:58.769+00:00
-8936484523522378346,304989650380185793,1029TH-level-downstage-i-15_min-mASD,1029TH,2026-09-17T21:15:00.000+00:00,2026-09-17,-0.37,ok,297706178620246,2026-09-22T10:09:58.769+00:00
-8936484523522378346,304989650380185793,1029TH-level-downstage-i-15_min-mASD,1029TH,2026-09-17T21:30:00.000+00:00,2026-09-17,-0.365,ok,297706178620246,2026-09-22T10:09:58.769+00:00
-8936484523522378346,304989650380185793,1029TH-level-downstage-i-15_min-mASD,1029TH,2026-09-17T21:45:00.000+00:00,2026-09-17,-0.362,ok,297706178620246,2026-09-22T10:09:58.769+00:00
-8936484523522378346,304989650380185793,1029TH-level-downstage-i-15_min-mASD,1029TH,2026-09-17T22:00:00.000+00:00,2026-09-17,-0.361,ok,297706178620246,2026-09-22T10:09:58.769+00:00
-8936484523522378346,304989650380185793,1029TH-level-downstage-i-15_min-mASD,1029TH,2026-09-17T22:15:00.000+00:00,2026-09-17,-0.36,ok,297706178620246,2026-09-22T10:09:58.769+00:00
-8936484523522378346,304989650380185793,1029TH-level-downstage-i-15_min-mASD,1029TH,2026-09-17T22:30:00.000+00:00,2026-09-17,-0.361,ok,297706178620246,2026-09-22T10:09:58.769+00:00
-8936484523522378346,304989650380185793,1029TH-level-downstage-i-15_min-mASD,1029TH,2026-09-17T22:45:00.000+00:00,2026-09-17,-0.361,ok,297706178620246,2026-09-22T10:09:58.769+00:00
-8936484523522378346,304989650380185793,1029TH-level-downstage-i-15_min-mASD,1029TH,2026-09-17T23:00:00.000+00:00,2026-09-17,-0.362,ok,297706178620246,2026-09-22T10:09:58.769+00:00
-8936484523522378346,304989650380185793,1029TH-level-downstage-i-15_min-mASD,1029TH,2026-09-17T23:15:00.000+00:00,2026-09-17,-0.365,ok,297706178620246,2026-09-22T10:09:58.769+00:00
-8936484523522378346,304989650380185793,1029TH-level-downstage-i-15_min-mASD,1029TH,2026-09-17T23:30:00.000+00:00,2026-09-17,-0.368,ok,297706178620246,2026-09-22T10:09:58.769+00:00
-8936484523522378346,304989650380185793,1029TH-level-downstage-i-15_min-mASD,1029TH,2026-09-17T23:45:00.000+00:00,2026-09-17,-0.372,ok,297706178620246,2026-09-22T10:09:58.769+00:00
-8936484523522378346,304989650380185793,1029TH-level-downstage-i-15_min-mASD,1029TH,2026-09-18T00:00:00.000+00:00,2026-09-18,-0.374,ok,297706178620246,2026-09-22T10:09:58.769+00:00
-8936484523522378346,304989650380185793,1029TH-level-downstage-i-15_min-mASD,1029TH,2026-09-18T00:15:00.000+00:00,2026-09-18,-0.374,ok,297706178620246,2026-09-22T10:09:58.769+00:00
-8936484523522378346,304989650380185793,1029TH-level-downstage-i-15_min-mASD,1029TH,2026-09-18T00:30:00.000+00:00,2026-09-18,-0.375,ok,297706178620246,2026-09-22T10:09:58.769+00:00
-8936484523522378346,304989650380185793,1029TH-level-downstage-i-15_min-mASD,1029TH,2026-09-18T00:45:00.000+00:00,2026-09-18,-0.374,ok,297706178620246,2026-09-22T10:09:58.769+00:00
-8936484523522378346,304989650380185793,1029TH-level-downstage-i-15_min-mASD,1029TH,2026-09-18T01:00:00.000+00:00,2026-09-18,-0.374,ok,297706178620246,2026-09-22T10:09:58.769+00:00
-8936484523522378346,304989650380185793,1029TH-level-downstage-i-15_min-mASD,1029TH,2026-09-18T01:15:00.000+00:00,2026-09-18,-0.373,ok,297706178620246,2026-09-22T10:09:58.769+00:00
-8936484523522378346,304989650380185793,1029TH-level-downstage-i-15_min-mASD,1029TH,2026-09-18T01:30:00.000+00:00,2026-09-18,-0.371,ok,297706178620246,2026-09-22T10:09:58.769+00:00
-8936484523522378346,304989650380185793,1029TH-level-downstage-i-15_min-mASD,1029TH,2026-09-18T01:45:00.000+00:00,2026-09-18,-0.369,ok,297706178620246,2026-09-22T10:09:58.769+00:00
-8936484523522378346,304989650380185793,1029TH-level-downstage-i-15_min-mASD,1029TH,2026-09-18T02:00:00.000+00:00,2026-09-18,-0.368,ok,297706178620246,2026-09-22T10:09:58.769+00:00
-8936484523522378346,304989650380185793,1029TH-level-downstage-i-15_min-mASD,1029TH,2026-09-18T02:15:00.000+00:00,2026-09-18,-0.368,ok,297706178620246,2026-09-22T10:09:58.769+00:00
-8936484523522378346,304989650380185793,1029TH-level-downstage-i-15_min-mASD,1029TH,2026-09-18T02:30:00.000+00:00,2026-09-18,-0.367,ok,297706178620246,2026-09-22T10:09:58.769+00:00
-8936484523522378346,304989650380185793,1029TH-level-downstage-i-15_min-mASD,1029TH,2026-09-18T02:45:00.000+00:00,2026-09-18,-0.369,ok,297706178620246,2026-09-22T10:09:58.769+00:00
-8936484523522378346,304989650380185793,1029TH-level-downstage-i-15_min-mASD,1029TH,2026-09-18T03:00:00.000+00:00,2026-09-18,-0.368,ok,297706178620246,2026-09-22T10:09:58.769+00:00
-8936484523522378346,304989650380185793,1029TH-level-downstage-i-15_min-mASD,1029TH,2026-09-18T03:15:00.000+00:00,2026-09-18,-0.369,ok,297706178620246,2026-09-22T10:09:58.769+00:00
-8936484523522378346,304989650380185793,1029TH-level-downstage-i-15_min-mASD,1029TH,2026-09-18T03:30:00.000+00:00,2026-09-18,-0.368,ok,297706178620246,2026-09-22T10:09:58.769+00:00
-8936484523522378346,304989650380185793,1029TH-level-downstage-i-15_min-mASD,1029TH,2026-09-18T03:45:00.000+00:00,2026-09-18,-0.367,ok,297706178620246,2026-09-22T10:09:58.769+00:00
-8936484523522378346,304989650380185793,1029TH-level-downstage-i-15_min-mASD,1029TH,2026-09-18T04:00:00.000+00:00,2026-09-18,-0.362,ok,297706178620246,2026-09-22T10:09:58.769+00:00
-8936484523522378346,304989650380185793,1029TH-level-downstage-i-15_min-mASD,1029TH,2026-09-18T04:15:00.000+00:00,2026-09-18,-0.357,ok,297706178620246,2026-09-22T10:09:58.769+00:00
-8936484523522378346,304989650380185793,1029TH-level-downstage-i-15_min-mASD,1029TH,2026-09-18T04:30:00.000+00:00,2026-09-18,-0.355,ok,297706178620246,2026-09-22T10:09:58.769+00:00
-8936484523522378346,304989650380185793,1029TH-level-downstage-i-15_min-mASD,1029TH,2026-09-18T04:45:00.000+00:00,2026-09-18,-0.354,ok,297706178620246,2026-09-22T10:09:58.769+00:00
-8936484523522378346,304989650380185793,1029TH-level-downstage-i-15_min-mASD,1029TH,2026-09-18T05:00:00.000+00:00,2026-09-18,-0.354,ok,297706178620246,2026-09-22T10:09:58.769+00:00
-8936484523522378346,304989650380185793,1029TH-level-downstage-i-15_min-mASD,1029TH,2026-09-18T05:15:00.000+00:00,2026-09-18,-0.358,ok,297706178620246,2026-09-22T10:09:58.769+00:00
-8936484523522378346,304989650380185793,1029TH-level-downstage-i-15_min-mASD,1029TH,2026-09-18T05:30:00.000+00:00,2026-09-18,-0.361,ok,297706178620246,2026-09-22T10:09:58.769+00:00
-8936484523522378346,304989650380185793,1029TH-level-downstage-i-15_min-mASD,1029TH,2026-09-18T05:45:00.000+00:00,2026-09-18,-0.366,ok,297706178620246,2026-09-22T10:09:58.769+00:00
-8936484523522378346,304989650380185793,1029TH-level-downstage-i-15_min-mASD,1029TH,2026-09-18T06:00:00.000+00:00,2026-09-18,-0.368,ok,297706178620246,2026-09-22T10:09:58.769+00:00
-8936484523522378346,304989650380185793,1029TH-level-downstage-i-15_min-mASD,1029TH,2026-09-18T06:15:00.000+00:00,2026-09-18,-0.369,ok,297706178620246,2026-09-22T10:09:58.769+00:00
-8936484523522378346,304989650380185793,1029TH-level-downstage-i-15_min-mASD,1029TH,2026-09-18T06:30:00.000+00:00,2026-09-18,-0.369,ok,297706178620246,2026-09-22T10:09:58.769+00:00
-8936484523522378346,304989650380185793,1029TH-level-downstage-i-15_min-mASD,1029TH,2026-09-18T06:45:00.000+00:00,2026-09-18,-0.369,ok,297706178620246,2026-09-22T10:09:58.769+00:00
-8936484523522378346,304989650380185793,1029TH-level-downstage-i-15_min-mASD,1029TH,2026-09-18T07:00:00.000+00:00,2026-09-18,-0.368,ok,297706178620246,2026-09-22T10:09:58.769+00:00
-8936484523522378346,304989650380185793,1029TH-level-downstage-i-15_min-mASD,1029TH,2026-09-18T07:15:00.000+00:00,2026-09-18,-0.369,ok,297706178620246,2026-09-22T10:09:58.769+00:00
-8936484523522378346,304989650380185793,1029TH-level-downstage-i-15_min-mASD,1029TH,2026-09-18T07:30:00.000+00:00,2026-09-18,-0.369,ok,297706178620246,2026-09-22T10:09:58.769+00:00
-8936484523522378346,304989650380185793,1029TH-level-downstage-i-15_min-mASD,1029TH,2026-09-18T07:45:00.000+00:00,2026-09-18,-0.368,ok,297706178620246,2026-09-22T10:09:58.769+00:00
-8936484523522378346,304989650380185793,1029TH-level-downstage-i-15_min-mASD,1029TH,2026-09-18T08:00:00.000+00:00,2026-09-18,-0.369,ok,297706178620246,2026-09-22T10:09:58.769+00:00
-8936484523522378346,304989650380185793,1029TH-level-downstage-i-15_min-mASD,1029TH,2026-09-18T08:15:00.000+00:00,2026-09-18,-0.368,ok,297706178620246,2026-09-22T10:09:58.769+00:00
-8936484523522378346,304989650380185793,1029TH-level-downstage-i-15_min-mASD,1029TH,2026-09-18T08:30:00.000+00:00,2026-09-18,-0.364,ok,297706178620246,2026-09-22T10:09:58.769+00:00
-8936484523522378346,304989650380185793,1029TH-level-downstage-i-15_min-mASD,1029TH,2026-09-18T08:45:00.000+00:00,2026-09-18,-0.358,ok,297706178620246,2026-09-22T10:09:58.769+00:00
-8936484523522378346,304989650380185793,1029TH-level-downstage-i-15_min-mASD,1029TH,2026-09-18T09:00:00.000+00:00,2026-09-18,-0.355,ok,297706178620246,2026-09-22T10:09:58.769+00:00
-8936484523522378346,304989650380185793,1029TH-level-downstage-i-15_min-mASD,1029TH,2026-09-18T09:15:00.000+00:00,2026-09-18,-0.352,ok,297706178620246,2026-09-22T10:09:58.769+00:00
-8936484523522378346,304989650380185793,1029TH-level-downstage-i-15_min-mASD,1029TH,2026-09-18T09:30:00.000+00:00,2026-09-18,-0.353,ok,297706178620246,2026-09-22T10:09:58.769+00:00
-8936484523522378346,304989650380185793,1029TH-level-downstage-i-15_min-mASD,1029TH,2026-09-18T09:45:00.000+00:00,2026-09-18,-0.355,ok,297706178620246,2026-09-22T10:09:58.769+00:00
-8936484523522378346,304989650380185793,1029TH-level-downstage-i-15_min-mASD,1029TH,2026-09-18T10:00:00.000+00:00,2026-09-18,-0.354,ok,297706178620246,2026-09-22T10:09:58.769+00:00
-8936484523522378346,304989650380185793,1029TH-level-downstage-i-15_min-mASD,1029TH,2026-09-18T10:15:00.000+00:00,2026-09-18,-0.354,ok,297706178620246,2026-09-22T10:09:58.769+00:00
-8936484523522378346,304989650380185793,1029TH-level-downstage-i-15_min-mASD,1029TH,2026-09-18T10:30:00.000+00:00,2026-09-18,-0.353,ok,297706178620246,2026-09-22T10:09:58.769+00:00
-8936484523522378346,304989650380185793,1029TH-level-downstage-i-15_min-mASD,1029TH,2026-09-18T10:45:00.000+00:00,2026-09-18,-0.354,ok,297706178620246,2026-09-22T10:09:58.769+00:00
-8936484523522378346,304989650380185793,1029TH-level-downstage-i-15_min-mASD,1029TH,2026-09-18T11:00:00.000+00:00,2026-09-18,-0.355,ok,297706178620246,2026-09-22T10:09:58.769+00:00
-8936484523522378346,304989650380185793,1029TH-level-downstage-i-15_min-mASD,1029TH,2026-09-18T11:15:00.000+00:00,2026-09-18,-0.358,ok,297706178620246,2026-09-22T10:09:58.769+00:00
-8936484523522378346,304989650380185793,1029TH-level-downstage-i-15_min-mASD,1029TH,2026-09-18T11:30:00.000+00:00,2026-09-18,-0.362,ok,297706178620246,2026-09-22T10:09:58.769+00:00
-8936484523522378346,304989650380185793,1029TH-level-downstage-i-15_min-mASD,1029TH,2026-09-18T11:45:00.000+00:00,2026-09-18,-0.367,ok,297706178620246,2026-09-22T10:09:58.769+00:00
-8936484523522378346,304989650380185793,1029TH-level-downstage-i-15_min-mASD,1029TH,2026-09-18T12:00:00.000+00:00,2026-09-18,-0.367,ok,297706178620246,2026-09-22T10:09:58.769+00:00
-8936484523522378346,304989650380185793,1029TH-level-downstage-i-15_min-mASD,1029TH,2026-09-18T12:15:00.000+00:00,2026-09-18,-0.368,ok,297706178620246,2026-09-22T10:09:58.769+00:00
-8936484523522378346,304989650380185793,1029TH-level-downstage-i-15_min-mASD,1029TH,2026-09-18T12:30:00.000+00:00,2026-09-18,-0.366,ok,297706178620246,2026-09-22T10:09:58.769+00:00
-8936484523522378346,304989650380185793,1029TH-level-downstage-i-15_min-mASD,1029TH,2026-09-18T12:45:00.000+00:00,2026-09-18,-0.36,ok,297706178620246,2026-09-22T10:09:58.769+00:00
-8936484523522378346,304989650380185793,1029TH-level-downstage-i-15_min-mASD,1029TH,2026-09-18T13:00:00.000+00:00,2026-09-18,-0.355,ok,297706178620246,2026-09-22T10:09:58.769+00:00
-8936484523522378346,304989650380185793,1029TH-level-downstage-i-15_min-mASD,1029TH,2026-09-18T13:15:00.000+00:00,2026-09-18,-0.352,ok,297706178620246,2026-09-22T10:09:58.769+00:00
-8936484523522378346,304989650380185793,1029TH-level-downstage-i-15_min-mASD,1029TH,2026-09-18T13:30:00.000+00:00,2026-09-18,-0.348,ok,297706178620246,2026-09-22T10:09:58.769+00:00
-8936484523522378346,304989650380185793,1029TH-level-downstage-i-15_min-mASD,1029TH,2026-09-18T13:45:00.000+00:00,2026-09-18,-0.348,ok,297706178620246,2026-09-22T10:09:58.769+00:00
-8936484523522378346,304989650380185793,1029TH-level-downstage-i-15_min-mASD,1029TH,2026-09-18T14:00:00.000+00:00,2026-09-18,-0.353,ok,297706178620246,2026-09-22T10:09:58.769+00:00
-8936484523522378346,304989650380185793,1029TH-level-downstage-i-15_min-mASD,1029TH,2026-09-18T14:15:00.000+00:00,2026-09-18,-0.357,ok,297706178620246,2026-09-22T10:09:58.769+00:00
-8936484523522378346,304989650380185793,1029TH-level-downstage-i-15_min-mASD,1029TH,2026-09-18T14:30:00.000+00:00,2026-09-18,-0.363,ok,297706178620246,2026-09-22T10:09:58.769+00:00
-8936484523522378346,304989650380185793,1029TH-level-downstage-i-15_min-mASD,1029TH,2026-09-18T14:45:00.000+00:00,2026-09-18,-0.365,ok,297706178620246,2026-09-22T10:09:58.769+00:00
-8936484523522378346,304989650380185793,1029TH-level-downstage-i-15_min-mASD,1029TH,2026-09-18T15:00:00.000+00:00,2026-09-18,-0.369,ok,297706178620246,2026-09-22T10:09:58.769+00:00
-8936484523522378346,304989650380185793,1029TH-level-downstage-i-15_min-mASD,1029TH,2026-09-18T15:15:00.000+00:00,2026-09-18,-0.371,ok,297706178620246,2026-09-22T10:09:58.769+00:00
-8936484523522378346,304989650380185793,1029TH-level-downstage-i-15_min-mASD,1029TH,2026-09-18T15:30:00.000+00:00,2026-09-18,-0.367,ok,297706178620246,2026-09-22T10:09:58.769+00:00
-8936484523522378346,304989650380185793,1029TH-level-downstage-i-15_min-mASD,1029TH,2026-09-18T15:45:00.000+00:00,2026-09-18,-0.362,ok,297706178620246,2026-09-22T10:09:58.769+00:00
-8936484523522378346,304989650380185793,1029TH-level-downstage-i-15_min-mASD,1029TH,2026-09-18T16:00:00.000+00:00,2026-09-18,-0.36,ok,297706178620246,2026-09-22T10:09:58.769+00:00
-8936484523522378346,304989650380185793,1029TH-level-downstage-i-15_min-mASD,1029TH,2026-09-18T16:15:00.000+00:00,2026-09-18,-0.36,ok,297706178620246,2026-09-22T10:09:58.769+00:00
-8936484523522378346,304989650380185793,1029TH-level-downstage-i-15_min-mASD,1029TH,2026-09-18T16:30:00.000+00:00,2026-09-18,-0.362,ok,297706178620246,2026-09-22T10:09:58.769+00:00
-8936484523522378346,304989650380185793,1029TH-level-downstage-i-15_min-mASD,1029TH,2026-09-18T16:45:00.000+00:00,2026-09-18,-0.367,ok,297706178620246,2026-09-22T10:09:58.769+00:00
-8936484523522378346,304989650380185793,1029TH-level-downstage-i-15_min-mASD,1029TH,2026-09-18T17:00:00.000+00:00,2026-09-18,-0.372,ok,297706178620246,2026-09-22T10:09:58.769+00:00
-8936484523522378346,304989650380185793,1029TH-level-downstage-i-15_min-mASD,1029TH,2026-09-18T17:15:00.000+00:00,2026-09-18,-0.376,ok,297706178620246,2026-09-22T10:09:58.769+00:00
-8936484523522378346,304989650380185793,1029TH-level-downstage-i-15_min-mASD,1029TH,2026-09-18T17:30:00.000+00:00,2026-09-18,-0.378,ok,297706178620246,2026-09-22T10:09:58.769+00:00
-8936484523522378346,304989650380185793,1029TH-level-downstage-i-15_min-mASD,1029TH,2026-09-18T17:45:00.000+00:00,2026-09-18,-0.379,ok,297706178620246,2026-09-22T10:09:58.769+00:00
-8936484523522378346,304989650380185793,1029TH-level-downstage-i-15_min-mASD,1029TH,2026-09-18T18:00:00.000+00:00,2026-09-18,-0.376,ok,297706178620246,2026-09-22T10:09:58.769+00:00
-8936484523522378346,304989650380185793,1029TH-level-downstage-i-15_min-mASD,1029TH,2026-09-18T18:15:00.000+00:00,2026-09-18,-0.368,ok,297706178620246,2026-09-22T10:09:58.769+00:00
-8936484523522378346,304989650380185793,1029TH-level-downstage-i-15_min-mASD,1029TH,2026-09-18T18:30:00.000+00:00,2026-09-18,-0.362,ok,297706178620246,2026-09-22T10:09:58.769+00:00
-8936484523522378346,304989650380185793,1029TH-level-downstage-i-15_min-mASD,1029TH,2026-09-18T18:45:00.000+00:00,2026-09-18,-0.36,ok,297706178620246,2026-09-22T10:09:58.769+00:00
-8936484523522378346,304989650380185793,1029TH-level-downstage-i-15_min-mASD,1029TH,2026-09-18T19:00:00.000+00:00,2026-09-18,-0.361,ok,297706178620246,2026-09-22T10:09:58.769+00:00
-8936484523522378346,304989650380185793,1029TH-level-downstage-i-15_min-mASD,1029TH,2026-09-18T19:15:00.000+00:00,2026-09-18,-0.361,ok,297706178620246,2026-09-22T10:09:58.769+00:00
-8936484523522378346,304989650380185793,1029TH-level-downstage-i-15_min-mASD,1029TH,2026-09-18T19:30:00.000+00:00,2026-09-18,-0.365,ok,297706178620246,2026-09-22T10:09:58.769+00:00
-8936484523522378346,304989650380185793,1029TH-level-downstage-i-15_min-mASD,1029TH,2026-09-18T19:45:00.000+00:00,2026-09-18,-0.372,ok,297706178620246,2026-09-22T10:09:58.769+00:00
-8936484523522378346,304989650380185793,1029TH-level-downstage-i-15_min-mASD,1029TH,2026-09-18T20:00:00.000+00:00,2026-09-18,-0.376,ok,297706178620246,2026-09-22T10:09:58.769+00:00
-8936484523522378346,304989650380185793,1029TH-level-downstage-i-15_min-mASD,1029TH,2026-09-18T20:15:00.000+00:00,2026-09-18,-0.379,ok,297706178620246,2026-09-22T10:09:58.769+00:00
-8936484523522378346,304989650380185793,1029TH-level-downstage-i-15_min-mASD,1029TH,2026-09-18T20:30:00.000+00:00,2026-09-18,-0.379,ok,297706178620246,2026-09-22T10:09:58.769+00:00
-8936484523522378346,304989650380185793,1029TH-level-downstage-i-15_min-mASD,1029TH,2026-09-18T20:45:00.000+00:00,2026-09-18,-0.38,ok,297706178620246,2026-09-22T10:09:58.769+00:00
-8936484523522378346,304989650380185793,1029TH-level-downstage-i-15_min-mASD,1029TH,2026-09-18T21:00:00.000+00:00,2026-09-18,-0.375,ok,297706178620246,2026-09-22T10:09:58.769+00:00
-8936484523522378346,304989650380185793,1029TH-level-downstage-i-15_min-mASD,1029TH,2026-09-18T21:15:00.000+00:00,2026-09-18,-0.368,ok,297706178620246,2026-09-22T10:09:58.769+00:00
-8936484523522378346,304989650380185793,1029TH-level-downstage-i-15_min-mASD,1029TH,2026-09-18T21:30:00.000+00:00,2026-09-18,-0.365,ok,297706178620246,2026-09-22T10:09:58.769+00:00
-8936484523522378346,304989650380185793,1029TH-level-downstage-i-15_min-mASD,1029TH,2026-09-18T21:45:00.000+00:00,2026-09-18,-0.366,ok,297706178620246,2026-09-22T10:09:58.769+00:00
-8936484523522378346,304989650380185793,1029TH-level-downstage-i-15_min-mASD,1029TH,2026-09-18T22:00:00.000+00:00,2026-09-18,-0.368,ok,297706178620246,2026-09-22T10:09:58.769+00:00
-8936484523522378346,304989650380185793,1029TH-level-downstage-i-15_min-mASD,1029TH,2026-09-18T22:15:00.000+00:00,2026-09-18,-0.373,ok,297706178620246,2026-09-22T10:09:58.769+00:00
-8936484523522378346,304989650380185793,1029TH-level-downstage-i-15_min-mASD,1029TH,2026-09-18T22:30:00.000+00:00,2026-09-18,-0.376,ok,297706178620246,2026-09-22T10:09:58.769+00:00
-8936484523522378346,304989650380185793,1029TH-level-downstage-i-15_min-mASD,1029TH,2026-09-18T22:45:00.000+00:00,2026-09-18,-0.378,ok,297706178620246,2026-09-22T10:09:58.769+00:00
-8936484523522378346,304989650380185793,1029TH-level-downstage-i-15_min-mASD,1029TH,2026-09-18T23:00:00.000+00:00,2026-09-18,-0.379,ok,297706178620246,2026-09-22T10:09:58.769+00:00
-8936484523522378346,304989650380185793,1029TH-level-downstage-i-15_min-mASD,1029TH,2026-09-18T23:15:00.000+00:00,2026-09-18,-0.378,ok,297706178620246,2026-09-22T10:09:58.769+00:00
-8936484523522378346,304989650380185793,1029TH-level-downstage-i-15_min-mASD,1029TH,2026-09-18T23:30:00.000+00:00,2026-09-18,-0.377,ok,297706178620246,2026-09-22T10:09:58.769+00:00
-8936484523522378346,304989650380185793,1029TH-level-downstage-i-15_min-mASD,1029TH,2026-09-18T23:45:00.000+00:00,2026-09-18,-0.373,ok,297706178620246,2026-09-22T10:09:58.769+00:00
-8936484523522378346,304989650380185793,1029TH-level-downstage-i-15_min-mASD,1029TH,2026-09-19T00:00:00.000+00:00,2026-09-19,-0.365,ok,366262550389695,2026-09-21T20:03:58.910+00:00
-8936484523522378346,304989650380185793,1029TH-level-downstage-i-15_min-mASD,1029TH,2026-09-19T00:15:00.000+00:00,2026-09-19,-0.358,ok,366262550389695,2026-09-21T20:03:58.910+00:00
-8936484523522378346,304989650380185793,1029TH-level-downstage-i-15_min-mASD,1029TH,2026-09-19T00:30:00.000+00:00,2026-09-19,-0.355,ok,366262550389695,2026-09-21T20:03:58.910+00:00
-8936484523522378346,304989650380185793,1029TH-level-downstage-i-15_min-mASD,1029TH,2026-09-19T00:45:00.000+00:00,2026-09-19,-0.358,ok,366262550389695,2026-09-21T20:03:58.910+00:00
-8936484523522378346,304989650380185793,1029TH-level-downstage-i-15_min-mASD,1029TH,2026-09-19T01:00:00.000+00:00,2026-09-19,-0.361,ok,366262550389695,2026-09-21T20:03:58.910+00:00
-8936484523522378346,304989650380185793,1029TH-level-downstage-i-15_min-mASD,1029TH,2026-09-19T01:15:00.000+00:00,2026-09-19,-0.364,ok,366262550389695,2026-09-21T20:03:58.910+00:00
-8936484523522378346,304989650380185793,1029TH-level-downstage-i-15_min-mASD,1029TH,2026-09-19T01:30:00.000+00:00,2026-09-19,-0.368,ok,366262550389695,2026-09-21T20:03:58.910+00:00
-8936484523522378346,304989650380185793,1029TH-level-downstage-i-15_min-mASD,1029TH,2026-09-19T01:45:00.000+00:00,2026-09-19,-0.368,ok,366262550389695,2026-09-21T20:03:58.910+00:00
-8936484523522378346,304989650380185793,1029TH-level-downstage-i-15_min-mASD,1029TH,2026-09-19T02:00:00.000+00:00,2026-09-19,-0.368,ok,366262550389695,2026-09-21T20:03:58.910+00:00
-8936484523522378346,304989650380185793,1029TH-level-downstage-i-15_min-mASD,1029TH,2026-09-19T02:15:00.000+00:00,2026-09-19,-0.369,ok,366262550389695,2026-09-21T20:03:58.910+00:00
-8936484523522378346,304989650380185793,1029TH-level-downstage-i-15_min-mASD,1029TH,2026-09-19T02:30:00.000+00:00,2026-09-19,-0.368,ok,366262550389695,2026-09-21T20:03:58.910+00:00
-8936484523522378346,304989650380185793,1029TH-level-downstage-i-15_min-mASD,1029TH,2026-09-19T02:45:00.000+00:00,2026-09-19,-0.37,ok,366262550389695,2026-09-21T20:03:58.910+00:00
-8936484523522378346,304989650380185793,1029TH-level-downstage-i-15_min-mASD,1029TH,2026-09-19T03:00:00.000+00:00,2026-09-19,-0.37,ok,366262550389695,2026-09-21T20:03:58.910+00:00
-8936484523522378346,304989650380185793,1029TH-level-downstage-i-15_min-mASD,1029TH,2026-09-19T03:15:00.000+00:00,2026-09-19,-0.37,ok,366262550389695,2026-09-21T20:03:58.910+00:00
-8936484523522378346,304989650380185793,1029TH-level-downstage-i-15_min-mASD,1029TH,2026-09-19T03:30:00.000+00:00,2026-09-19,-0.369,ok,366262550389695,2026-09-21T20:03:58.910+00:00
-8936484523522378346,304989650380185793,1029TH-level-downstage-i-15_min-mASD,1029TH,2026-09-19T03:45:00.000+00:00,2026-09-19,-0.369,ok,366262550389695,2026-09-21T20:03:58.910+00:00
-8936484523522378346,304989650380185793,1029TH-level-downstage-i-15_min-mASD,1029TH,2026-09-19T04:00:00.000+00:00,2026-09-19,-0.363,ok,366262550389695,2026-09-21T20:03:58.910+00:00
-8936484523522378346,304989650380185793,1029TH-level-downstage-i-15_min-mASD,1029TH,2026-09-19T04:15:00.000+00:00,2026-09-19,-0.355,ok,366262550389695,2026-09-21T20:03:58.910+00:00
-8936484523522378346,304989650380185793,1029TH-level-downstage-i-15_min-mASD,1029TH,2026-09-19T04:30:00.000+00:00,2026-09-19,-0.35,ok,366262550389695,2026-09-21T20:03:58.910+00:00
-8936484523522378346,304989650380185793,1029TH-level-downstage-i-15_min-mASD,1029TH,2026-09-19T04:45:00.000+00:00,2026-09-19,-0.348,ok,366262550389695,2026-09-21T20:03:58.910+00:00
-8936484523522378346,304989650380185793,1029TH-level-downstage-i-15_min-mASD,1029TH,2026-09-19T05:00:00.000+00:00,2026-09-19,-0.351,ok,366262550389695,2026-09-21T20:03:58.910+00:00
-8936484523522378346,304989650380185793,1029TH-level-downstage-i-15_min-mASD,1029TH,2026-09-19T05:15:00.000+00:00,2026-09-19,-0.355,ok,366262550389695,2026-09-21T20:03:58.910+00:00
-8936484523522378346,304989650380185793,1029TH-level-downstage-i-15_min-mASD,1029TH,2026-09-19T05:30:00.000+00:00,2026-09-19,-0.357,ok,366262550389695,2026-09-21T20:03:58.910+00:00
-8936484523522378346,304989650380185793,1029TH-level-downstage-i-15_min-mASD,1029TH,2026-09-19T05:45:00.000+00:00,2026-09-19,-0.359,ok,366262550389695,2026-09-21T20:03:58.910+00:00
-8936484523522378346,304989650380185793,1029TH-level-downstage-i-15_min-mASD,1029TH,2026-09-19T06:00:00.000+00:00,2026-09-19,-0.362,ok,366262550389695,2026-09-21T20:03:58.910+00:00
-8936484523522378346,304989650380185793,1029TH-level-downstage-i-15_min-mASD,1029TH,2026-09-19T06:15:00.000+00:00,2026-09-19,-0.362,ok,366262550389695,2026-09-21T20:03:58.910+00:00
-8936484523522378346,304989650380185793,1029TH-level-downstage-i-15_min-mASD,1029TH,2026-09-19T06:30:00.000+00:00,2026-09-19,-0.362,ok,366262550389695,2026-09-21T20:03:58.910+00:00
-8936484523522378346,304989650380185793,1029TH-level-downstage-i-15_min-mASD,1029TH,2026-09-19T06:45:00.000+00:00,2026-09-19,-0.364,ok,366262550389695,2026-09-21T20:03:58.910+00:00
-8936484523522378346,304989650380185793,1029TH-level-downstage-i-15_min-mASD,1029TH,2026-09-19T07:00:00.000+00:00,2026-09-19,-0.365,ok,366262550389695,2026-09-21T20:03:58.910+00:00
-8936484523522378346,304989650380185793,1029TH-level-downstage-i-15_min-mASD,1029TH,2026-09-19T07:15:00.000+00:00,2026-09-19,-0.364,ok,366262550389695,2026-09-21T20:03:58.910+00:00
-8936484523522378346,304989650380185793,1029TH-level-downstage-i-15_min-mASD,1029TH,2026-09-19T07:30:00.000+00:00,2026-09-19,-0.364,ok,366262550389695,2026-09-21T20:03:58.910+00:00
-8936484523522378346,304989650380185793,1029TH-level-downstage-i-15_min-mASD,1029TH,2026-09-19T07:45:00.000+00:00,2026-09-19,-0.363,ok,366262550389695,2026-09-21T20:03:58.910+00:00
-8936484523522378346,304989650380185793,1029TH-level-downstage-i-15_min-mASD,1029TH,2026-09-19T08:00:00.000+00:00,2026-09-19,-0.356,ok,366262550389695,2026-09-21T20:03:58.910+00:00
-8936484523522378346,304989650380185793,1029TH-level-downstage-i-15_min-mASD,1029TH,2026-09-19T08:15:00.000+00:00,2026-09-19,-0.35,ok,366262550389695,2026-09-21T20:03:58.910+00:00
-8936484523522378346,304989650380185793,1029TH-level-downstage-i-15_min-mASD,1029TH,2026-09-19T08:30:00.000+00:00,2026-09-19,-0.35,ok,366262550389695,2026-09-21T20:03:58.910+00:00
-8936484523522378346,304989650380185793,1029TH-level-downstage-i-15_min-mASD,1029TH,2026-09-19T08:45:00.000+00:00,2026-09-19,-0.35,ok,366262550389695,2026-09-21T20:03:58.910+00:00
-8936484523522378346,304989650380185793,1029TH-level-downstage-i-15_min-mASD,1029TH,2026-09-19T09:00:00.000+00:00,2026-09-19,-0.351,ok,366262550389695,2026-09-21T20:03:58.910+00:00
-8936484523522378346,304989650380185793,1029TH-level-downstage-i-15_min-mASD,1029TH,2026-09-19T09:15:00.000+00:00,2026-09-19,-0.353,ok,366262550389695,2026-09-21T20:03:58.910+00:00
-8936484523522378346,304989650380185793,1029TH-level-downstage-i-15_min-mASD,1029TH,2026-09-19T09:30:00.000+00:00,2026-09-19,-0.356,ok,366262550389695,2026-09-21T20:03:58.910+00:00
-8936484523522378346,304989650380185793,1029TH-level-downstage-i-15_min-mASD,1029TH,2026-09-19T09:45:00.000+00:00,2026-09-19,-0.359,ok,366262550389695,2026-09-21T20:03:58.910+00:00
-8936484523522378346,304989650380185793,1029TH-level-downstage-i-15_min-mASD,1029TH,2026-09-19T10:00:00.000+00:00,2026-09-19,-0.359,ok,366262550389695,2026-09-21T20:03:58.910+00:00
-8936484523522378346,304989650380185793,1029TH-level-downstage-i-15_min-mASD,1029TH,2026-09-19T10:15:00.000+00:00,2026-09-19,-0.355,ok,366262550389695,2026-09-21T20:03:58.910+00:00
-8936484523522378346,304989650380185793,1029TH-level-downstage-i-15_min-mASD,1029TH,2026-09-19T10:30:00.000+00:00,2026-09-19,-0.35,ok,366262550389695,2026-09-21T20:03:58.910+00:00
-8936484523522378346,304989650380185793,1029TH-level-downstage-i-15_min-mASD,1029TH,2026-09-19T10:45:00.000+00:00,2026-09-19,-0.344,ok,366262550389695,2026-09-21T20:03:58.910+00:00
-8936484523522378346,304989650380185793,1029TH-level-downstage-i-15_min-mASD,1029TH,2026-09-19T11:00:00.000+00:00,2026-09-19,-0.342,ok,366262550389695,2026-09-21T20:03:58.910+00:00
-8936484523522378346,304989650380185793,1029TH-level-downstage-i-15_min-mASD,1029TH,2026-09-19T11:15:00.000+00:00,2026-09-19,-0.341,ok,366262550389695,2026-09-21T20:03:58.910+00:00
-8936484523522378346,304989650380185793,1029TH-level-downstage-i-15_min-mASD,1029TH,2026-09-19T11:30:00.000+00:00,2026-09-19,-0.341,ok,366262550389695,2026-09-21T20:03:58.910+00:00
-8936484523522378346,304989650380185793,1029TH-level-downstage-i-15_min-mASD,1029TH,2026-09-19T11:45:00.000+00:00,2026-09-19,-0.342,ok,366262550389695,2026-09-21T20:03:58.910+00:00
-8936484523522378346,304989650380185793,1029TH-level-downstage-i-15_min-mASD,1029TH,2026-09-19T12:00:00.000+00:00,2026-09-19,-0.346,ok,366262550389695,2026-09-21T20:03:58.910+00:00
-8936484523522378346,304989650380185793,1029TH-level-downstage-i-15_min-mASD,1029TH,2026-09-19T12:15:00.000+00:00,2026-09-19,-0.351,ok,366262550389695,2026-09-21T20:03:58.910+00:00
-8936484523522378346,304989650380185793,1029TH-level-downstage-i-15_min-mASD,1029TH,2026-09-19T12:30:00.000+00:00,2026-09-19,-0.354,ok,366262550389695,2026-09-21T20:03:58.910+00:00
-8936484523522378346,304989650380185793,1029TH-level-downstage-i-15_min-mASD,1029TH,2026-09-19T12:45:00.000+00:00,2026-09-19,-0.359,ok,366262550389695,2026-09-21T20:03:58.910+00:00
-8936484523522378346,304989650380185793,1029TH-level-downstage-i-15_min-mASD,1029TH,2026-09-19T13:00:00.000+00:00,2026-09-19,-0.36,ok,366262550389695,2026-09-21T20:03:58.910+00:00
-8936484523522378346,304989650380185793,1029TH-level-downstage-i-15_min-mASD,1029TH,2026-09-19T13:15:00.000+00:00,2026-09-19,-0.356,ok,366262550389695,2026-09-21T20:03:58.910+00:00
-8936484523522378346,304989650380185793,1029TH-level-downstage-i-15_min-mASD,1029TH,2026-09-19T13:30:00.000+00:00,2026-09-19,-0.349,ok,366262550389695,2026-09-21T20:03:58.910+00:00
-8936484523522378346,304989650380185793,1029TH-level-downstage-i-15_min-mASD,1029TH,2026-09-19T13:45:00.000+00:00,2026-09-19,-0.346,ok,366262550389695,2026-09-21T20:03:58.910+00:00
-8936484523522378346,304989650380185793,1029TH-level-downstage-i-15_min-mASD,1029TH,2026-09-19T14:00:00.000+00:00,2026-09-19,-0.344,ok,366262550389695,2026-09-21T20:03:58.910+00:00
-8936484523522378346,304989650380185793,1029TH-level-downstage-i-15_min-mASD,1029TH,2026-09-19T14:15:00.000+00:00,2026-09-19,-0.345,ok,366262550389695,2026-09-21T20:03:58.910+00:00
-8936484523522378346,304989650380185793,1029TH-level-downstage-i-15_min-mASD,1029TH,2026-09-19T14:30:00.000+00:00,2026-09-19,-0.348,ok,366262550389695,2026-09-21T20:03:58.910+00:00
-8936484523522378346,304989650380185793,1029TH-level-downstage-i-15_min-mASD,1029TH,2026-09-19T14:45:00.000+00:00,2026-09-19,-0.355,ok,366262550389695,2026-09-21T20:03:58.910+00:00
-8936484523522378346,304989650380185793,1029TH-level-downstage-i-15_min-mASD,1029TH,2026-09-19T15:15:00.000+00:00,2026-09-19,-0.359,ok,366262550389695,2026-09-21T20:03:58.910+00:00
-8936484523522378346,304989650380185793,1029TH-level-downstage-i-15_min-mASD,1029TH,2026-09-19T15:30:00.000+00:00,2026-09-19,-0.36,ok,366262550389695,2026-09-21T20:03:58.910+00:00
-8936484523522378346,304989650380185793,1029TH-level-downstage-i-15_min-mASD,1029TH,2026-09-19T15:45:00.000+00:00,2026-09-19,-0.361,ok,366262550389695,2026-09-21T20:03:58.910+00:00
-8936484523522378346,304989650380185793,1029TH-level-downstage-i-15_min-mASD,1029TH,2026-09-19T16:00:00.000+00:00,2026-09-19,-0.359,ok,366262550389695,2026-09-21T20:03:58.910+00:00
-8936484523522378346,304989650380185793,1029TH-level-downstage-i-15_min-mASD,1029TH,2026-09-19T16:15:00.000+00:00,2026-09-19,-0.35,ok,366262550389695,2026-09-21T20:03:58.910+00:00
-8936484523522378346,304989650380185793,1029TH-level-downstage-i-15_min-mASD,1029TH,2026-09-19T16:30:00.000+00:00,2026-09-19,-0.345,ok,366262550389695,2026-09-21T20:03:58.910+00:00
-8936484523522378346,304989650380185793,1029TH-level-downstage-i-15_min-mASD,1029TH,2026-09-19T16:45:00.000+00:00,2026-09-19,-0.344,ok,366262550389695,2026-09-21T20:03:58.910+00:00
-8936484523522378346,304989650380185793,1029TH-level-downstage-i-15_min-mASD,1029TH,2026-09-19T17:00:00.000+00:00,2026-09-19,-0.345,ok,366262550389695,2026-09-21T20:03:58.910+00:00
-8936484523522378346,304989650380185793,1029TH-level-downstage-i-15_min-mASD,1029TH,2026-09-19T17:15:00.000+00:00,2026-09-19,-0.348,ok,366262550389695,2026-09-21T20:03:58.910+00:00
-8936484523522378346,304989650380185793,1029TH-level-downstage-i-15_min-mASD,1029TH,2026-09-19T17:30:00.000+00:00,2026-09-19,-0.354,ok,366262550389695,2026-09-21T20:03:58.910+00:00
-8936484523522378346,304989650380185793,1029TH-level-downstage-i-15_min-mASD,1029TH,2026-09-19T17:45:00.000+00:00,2026-09-19,-0.36,ok,366262550389695,2026-09-21T20:03:58.910+00:00
-8936484523522378346,304989650380185793,1029TH-level-downstage-i-15_min-mASD,1029TH,2026-09-19T18:00:00.000+00:00,2026-09-19,-0.364,ok,366262550389695,2026-09-21T20:03:58.910+00:00
-8936484523522378346,304989650380185793,1029TH-level-downstage-i-15_min-mASD,1029TH,2026-09-19T18:15:00.000+00:00,2026-09-19,-0.367,ok,366262550389695,2026-09-21T20:03:58.910+00:00
-8936484523522378346,304989650380185793,1029TH-level-downstage-i-15_min-mASD,1029TH,2026-09-19T18:30:00.000+00:00,2026-09-19,-0.368,ok,366262550389695,2026-09-21T20:03:58.910+00:00
-8936484523522378346,304989650380185793,1029TH-level-downstage-i-15_min-mASD,1029TH,2026-09-19T18:45:00.000+00:00,2026-09-19,-0.366,ok,366262550389695,2026-09-21T20:03:58.910+00:00
-8936484523522378346,304989650380185793,1029TH-level-downstage-i-15_min-mASD,1029TH,2026-09-19T19:00:00.000+00:00,2026-09-19,-0.359,ok,366262550389695,2026-09-21T20:03:58.910+00:00
-8936484523522378346,304989650380185793,1029TH-level-downstage-i-15_min-mASD,1029TH,2026-09-19T19:15:00.000+00:00,2026-09-19,-0.356,ok,366262550389695,2026-09-21T20:03:58.910+00:00
-8936484523522378346,304989650380185793,1029TH-level-downstage-i-15_min-mASD,1029TH,2026-09-19T19:30:00.000+00:00,2026-09-19,-0.356,ok,366262550389695,2026-09-21T20:03:58.910+00:00
-8936484523522378346,304989650380185793,1029TH-level-downstage-i-15_min-mASD,1029TH,2026-09-19T19:45:00.000+00:00,2026-09-19,-0.361,ok,366262550389695,2026-09-21T20:03:58.910+00:00
-8936484523522378346,304989650380185793,1029TH-level-downstage-i-15_min-mASD,1029TH,2026-09-19T20:00:00.000+00:00,2026-09-19,-0.367,ok,366262550389695,2026-09-21T20:03:58.910+00:00
-8936484523522378346,304989650380185793,1029TH-level-downstage-i-15_min-mASD,1029TH,2026-09-19T20:15:00.000+00:00,2026-09-19,-0.371,ok,366262550389695,2026-09-21T20:03:58.910+00:00
-8936484523522378346,304989650380185793,1029TH-level-downstage-i-15_min-mASD,1029TH,2026-09-19T20:30:00.000+00:00,2026-09-19,-0.375,ok,366262550389695,2026-09-21T20:03:58.910+00:00
-8936484523522378346,304989650380185793,1029TH-level-downstage-i-15_min-mASD,1029TH,2026-09-19T20:45:00.000+00:00,2026-09-19,-0.379,ok,366262550389695,2026-09-21T20:03:58.910+00:00
-8936484523522378346,304989650380185793,1029TH-level-downstage-i-15_min-mASD,1029TH,2026-09-19T21:00:00.000+00:00,2026-09-19,-0.38,ok,366262550389695,2026-09-21T20:03:58.910+00:00
-8936484523522378346,304989650380185793,1029TH-level-downstage-i-15_min-mASD,1029TH,2026-09-19T21:15:00.000+00:00,2026-09-19,-0.379,ok,366262550389695,2026-09-21T20:03:58.910+00:00
-8936484523522378346,304989650380185793,1029TH-level-downstage-i-15_min-mASD,1029TH,2026-09-19T21:30:00.000+00:00,2026-09-19,-0.37,ok,366262550389695,2026-09-21T20:03:58.910+00:00
-8936484523522378346,304989650380185793,1029TH-level-downstage-i-15_min-mASD,1029TH,2026-09-19T21:45:00.000+00:00,2026-09-19,-0.364,ok,366262550389695,2026-09-21T20:03:58.910+00:00
-8936484523522378346,304989650380185793,1029TH-level-downstage-i-15_min-mASD,1029TH,2026-09-19T22:00:00.000+00:00,2026-09-19,-0.363,ok,366262550389695,2026-09-21T20:03:58.910+00:00
-8936484523522378346,304989650380185793,1029TH-level-downstage-i-15_min-mASD,1029TH,2026-09-19T22:15:00.000+00:00,2026-09-19,-0.363,ok,366262550389695,2026-09-21T20:03:58.910+00:00
-8936484523522378346,304989650380185793,1029TH-level-downstage-i-15_min-mASD,1029TH,2026-09-19T22:30:00.000+00:00,2026-09-19,-0.367,ok,366262550389695,2026-09-21T20:03:58.910+00:00
-8936484523522378346,304989650380185793,1029TH-level-downstage-i-15_min-mASD,1029TH,2026-09-19T22:45:00.000+00:00,2026-09-19,-0.37,ok,366262550389695,2026-09-21T20:03:58.910+00:00
-8936484523522378346,304989650380185793,1029TH-level-downstage-i-15_min-mASD,1029TH,2026-09-19T23:00:00.000+00:00,2026-09-19,-0.372,ok,366262550389695,2026-09-21T20:03:58.910+00:00
-8936484523522378346,304989650380185793,1029TH-level-downstage-i-15_min-mASD,1029TH,2026-09-19T23:15:00.000+00:00,2026-09-19,-0.374,ok,366262550389695,2026-09-21T20:03:58.910+00:00
-8936484523522378346,304989650380185793,1029TH-level-downstage-i-15_min-mASD,1029TH,2026-09-19T23:30:00.000+00:00,2026-09-19,-0.376,ok,366262550389695,2026-09-21T20:03:58.910+00:00
-8936484523522378346,304989650380185793,1029TH-level-downstage-i-15_min-mASD,1029TH,2026-09-19T23:45:00.000+00:00,2026-09-19,-0.376,ok,366262550389695,2026-09-21T20:03:58.910+00:00
-8936484523522378346,304989650380185793,1029TH-level-downstage-i-15_min-mASD,1029TH,2026-09-20T00:00:00.000+00:00,2026-09-20,-0.376,ok,366262550389695,2026-09-21T20:03:58.910+00:00
-8936484523522378346,304989650380185793,1029TH-level-downstage-i-15_min-mASD,1029TH,2026-09-20T00:15:00.000+00:00,2026-09-20,-0.375,ok,366262550389695,2026-09-21T20:03:58.910+00:00
-8936484523522378346,304989650380185793,1029TH-level-downstage-i-15_min-mASD,1029TH,2026-09-20T00:30:00.000+00:00,2026-09-20,-0.371,ok,366262550389695,2026-09-21T20:03:58.910+00:00
-8936484523522378346,304989650380185793,1029TH-level-downstage-i-15_min-mASD,1029TH,2026-09-20T00:45:00.000+00:00,2026-09-20,-0.364,ok,366262550389695,2026-09-21T20:03:58.910+00:00
-8936484523522378346,304989650380185793,1029TH-level-downstage-i-15_min-mASD,1029TH,2026-09-20T01:00:00.000+00:00,2026-09-20,-0.361,ok,366262550389695,2026-09-21T20:03:58.910+00:00
-8936484523522378346,304989650380185793,1029TH-level-downstage-i-15_min-mASD,1029TH,2026-09-20T01:15:00.000+00:00,2026-09-20,-0.361,ok,366262550389695,2026-09-21T20:03:58.910+00:00
-8936484523522378346,304989650380185793,1029TH-level-downstage-i-15_min-mASD,1029TH,2026-09-20T01:30:00.000+00:00,2026-09-20,-0.366,ok,366262550389695,2026-09-21T20:03:58.910+00:00
-8936484523522378346,304989650380185793,1029TH-level-downstage-i-15_min-mASD,1029TH,2026-09-20T01:45:00.000+00:00,2026-09-20,-0.37,ok,366262550389695,2026-09-21T20:03:58.910+00:00
-8936484523522378346,304989650380185793,1029TH-level-downstage-i-15_min-mASD,1029TH,2026-09-20T02:00:00.000+00:00,2026-09-20,-0.374,ok,366262550389695,2026-09-21T20:03:58.910+00:00
-8936484523522378346,304989650380185793,1029TH-level-downstage-i-15_min-mASD,1029TH,2026-09-20T02:15:00.000+00:00,2026-09-20,-0.376,ok,366262550389695,2026-09-21T20:03:58.910+00:00
-8936484523522378346,304989650380185793,1029TH-level-downstage-i-15_min-mASD,1029TH,2026-09-20T02:30:00.000+00:00,2026-09-20,-0.377,ok,366262550389695,2026-09-21T20:03:58.910+00:00
-8936484523522378346,304989650380185793,1029TH-level-downstage-i-15_min-mASD,1029TH,2026-09-20T02:45:00.000+00:00,2026-09-20,-0.379,ok,366262550389695,2026-09-21T20:03:58.910+00:00
-8936484523522378346,304989650380185793,1029TH-level-downstage-i-15_min-mASD,1029TH,2026-09-20T03:00:00.000+00:00,2026-09-20,-0.379,ok,366262550389695,2026-09-21T20:03:58.910+00:00
-8936484523522378346,304989650380185793,1029TH-level-downstage-i-15_min-mASD,1029TH,2026-09-20T03:15:00.000+00:00,2026-09-20,-0.379,ok,366262550389695,2026-09-21T20:03:58.910+00:00
-8936484523522378346,304989650380185793,1029TH-level-downstage-i-15_min-mASD,1029TH,2026-09-20T03:30:00.000+00:00,2026-09-20,-0.378,ok,366262550389695,2026-09-21T20:03:58.910+00:00
-8936484523522378346,304989650380185793,1029TH-level-downstage-i-15_min-mASD,1029TH,2026-09-20T03:45:00.000+00:00,2026-09-20,-0.377,ok,366262550389695,2026-09-21T20:03:58.910+00:00
-8936484523522378346,304989650380185793,1029TH-level-downstage-i-15_min-mASD,1029TH,2026-09-20T04:00:00.000+00:00,2026-09-20,-0.376,ok,366262550389695,2026-09-21T20:03:58.910+00:00
-8936484523522378346,304989650380185793,1029TH-level-downstage-i-15_min-mASD,1029TH,2026-09-20T04:15:00.000+00:00,2026-09-20,-0.375,ok,366262550389695,2026-09-21T20:03:58.910+00:00
-8936484523522378346,304989650380185793,1029TH-level-downstage-i-15_min-mASD,1029TH,2026-09-20T04:30:00.000+00:00,2026-09-20,-0.374,ok,366262550389695,2026-09-21T20:03:58.910+00:00
-8936484523522378346,304989650380185793,1029TH-level-downstage-i-15_min-mASD,1029TH,2026-09-20T04:45:00.000+00:00,2026-09-20,-0.367,ok,366262550389695,2026-09-21T20:03:58.910+00:00
-8936484523522378346,304989650380185793,1029TH-level-downstage-i-15_min-mASD,1029TH,2026-09-20T05:00:00.000+00:00,2026-09-20,-0.362,ok,366262550389695,2026-09-21T20:03:58.910+00:00
-8936484523522378346,304989650380185793,1029TH-level-downstage-i-15_min-mASD,1029TH,2026-09-20T05:15:00.000+00:00,2026-09-20,-0.358,ok,366262550389695,2026-09-21T20:03:58.910+00:00
-8936484523522378346,304989650380185793,1029TH-level-downstage-i-15_min-mASD,1029TH,2026-09-20T05:30:00.000+00:00,2026-09-20,-0.361,ok,366262550389695,2026-09-21T20:03:58.910+00:00
-8936484523522378346,304989650380185793,1029TH-level-downstage-i-15_min-mASD,1029TH,2026-09-20T05:45:00.000+00:00,2026-09-20,-0.365,ok,366262550389695,2026-09-21T20:03:58.910+00:00
-8936484523522378346,304989650380185793,1029TH-level-downstage-i-15_min-mASD,1029TH,2026-09-20T06:00:00.000+00:00,2026-09-20,-0.369,ok,366262550389695,2026-09-21T20:03:58.910+00:00
-8936484523522378346,304989650380185793,1029TH-level-downstage-i-15_min-mASD,1029TH,2026-09-20T06:15:00.000+00:00,2026-09-20,-0.37,ok,366262550389695,2026-09-21T20:03:58.910+00:00
-8936484523522378346,304989650380185793,1029TH-level-downstage-i-15_min-mASD,1029TH,2026-09-20T06:30:00.000+00:00,2026-09-20,-0.372,ok,366262550389695,2026-09-21T20:03:58.910+00:00
-8936484523522378346,304989650380185793,1029TH-level-downstage-i-15_min-mASD,1029TH,2026-09-20T06:45:00.000+00:00,2026-09-20,-0.375,ok,366262550389695,2026-09-21T20:03:58.910+00:00
-8936484523522378346,304989650380185793,1029TH-level-downstage-i-15_min-mASD,1029TH,2026-09-20T07:00:00.000+00:00,2026-09-20,-0.375,ok,366262550389695,2026-09-21T20:03:58.910+00:00
-8936484523522378346,304989650380185793,1029TH-level-downstage-i-15_min-mASD,1029TH,2026-09-20T07:15:00.000+00:00,2026-09-20,-0.376,ok,366262550389695,2026-09-21T20:03:58.910+00:00
-8936484523522378346,304989650380185793,1029TH-level-downstage-i-15_min-mASD,1029TH,2026-09-20T07:30:00.000+00:00,2026-09-20,-0.37,ok,366262550389695,2026-09-21T20:03:58.910+00:00
-8936484523522378346,304989650380185793,1029TH-level-downstage-i-15_min-mASD,1029TH,2026-09-20T07:45:00.000+00:00,2026-09-20,-0.372,ok,366262550389695,2026-09-21T20:03:58.910+00:00
-8936484523522378346,304989650380185793,1029TH-level-downstage-i-15_min-mASD,1029TH,2026-09-20T08:00:00.000+00:00,2026-09-20,-0.372,ok,366262550389695,2026-09-21T20:03:58.910+00:00
-8936484523522378346,304989650380185793,1029TH-level-downstage-i-15_min-mASD,1029TH,2026-09-20T08:15:00.000+00:00,2026-09-20,-0.367,ok,366262550389695,2026-09-21T20:03:58.910+00:00
-8936484523522378346,304989650380185793,1029TH-level-downstage-i-15_min-mASD,1029TH,2026-09-20T08:30:00.000+00:00,2026-09-20,-0.361,ok,366262550389695,2026-09-21T20:03:58.910+00:00
-8936484523522378346,304989650380185793,1029TH-level-downstage-i-15_min-mASD,1029TH,2026-09-20T08:45:00.000+00:00,2026-09-20,-0.359,ok,366262550389695,2026-09-21T20:03:58.910+00:00
-8936484523522378346,304989650380185793,1029TH-level-downstage-i-15_min-mASD,1029TH,2026-09-20T09:00:00.000+00:00,2026-09-20,-0.36,ok,366262550389695,2026-09-21T20:03:58.910+00:00
-8936484523522378346,304989650380185793,1029TH-level-downstage-i-15_min-mASD,1029TH,2026-09-20T09:15:00.000+00:00,2026-09-20,-0.357,ok,366262550389695,2026-09-21T20:03:58.910+00:00
-8936484523522378346,304989650380185793,1029TH-level-downstage-i-15_min-mASD,1029TH,2026-09-20T09:30:00.000+00:00,2026-09-20,-0.357,ok,366262550389695,2026-09-21T20:03:58.910+00:00
-8936484523522378346,304989650380185793,1029TH-level-downstage-i-15_min-mASD,1029TH,2026-09-20T09:45:00.000+00:00,2026-09-20,-0.36,ok,366262550389695,2026-09-21T20:03:58.910+00:00
-8936484523522378346,304989650380185793,1029TH-level-downstage-i-15_min-mASD,1029TH,2026-09-20T10:00:00.000+00:00,2026-09-20,-0.363,ok,366262550389695,2026-09-21T20:03:58.910+00:00
-8936484523522378346,304989650380185793,1029TH-level-downstage-i-15_min-mASD,1029TH,2026-09-20T10:15:00.000+00:00,2026-09-20,-0.366,ok,366262550389695,2026-09-21T20:03:58.910+00:00
-8936484523522378346,304989650380185793,1029TH-level-downstage-i-15_min-mASD,1029TH,2026-09-20T10:30:00.000+00:00,2026-09-20,-0.368,ok,366262550389695,2026-09-21T20:03:58.910+00:00
-8936484523522378346,304989650380185793,1029TH-level-downstage-i-15_min-mASD,1029TH,2026-09-20T10:45:00.000+00:00,2026-09-20,-0.368,ok,366262550389695,2026-09-21T20:03:58.910+00:00
-8936484523522378346,304989650380185793,1029TH-level-downstage-i-15_min-mASD,1029TH,2026-09-20T11:00:00.000+00:00,2026-09-20,-0.363,ok,366262550389695,2026-09-21T20:03:58.910+00:00
-8936484523522378346,304989650380185793,1029TH-level-downstage-i-15_min-mASD,1029TH,2026-09-20T11:15:00.000+00:00,2026-09-20,-0.356,ok,366262550389695,2026-09-21T20:03:58.910+00:00
-8936484523522378346,304989650380185793,1029TH-level-downstage-i-15_min-mASD,1029TH,2026-09-20T11:30:00.000+00:00,2026-09-20,-0.354,ok,366262550389695,2026-09-21T20:03:58.910+00:00
-8936484523522378346,304989650380185793,1029TH-level-downstage-i-15_min-mASD,1029TH,2026-09-20T11:45:00.000+00:00,2026-09-20,-0.354,ok,366262550389695,2026-09-21T20:03:58.910+00:00
-8936484523522378346,304989650380185793,1029TH-level-downstage-i-15_min-mASD,1029TH,2026-09-20T12:00:00.000+00:00,2026-09-20,-0.356,ok,366262550389695,2026-09-21T20:03:58.910+00:00
-8936484523522378346,304989650380185793,1029TH-level-downstage-i-15_min-mASD,1029TH,2026-09-20T12:15:00.000+00:00,2026-09-20,-0.358,ok,366262550389695,2026-09-21T20:03:58.910+00:00
-8936484523522378346,304989650380185793,1029TH-level-downstage-i-15_min-mASD,1029TH,2026-09-20T12:30:00.000+00:00,2026-09-20,-0.361,ok,366262550389695,2026-09-21T20:03:58.910+00:00
-8936484523522378346,304989650380185793,1029TH-level-downstage-i-15_min-mASD,1029TH,2026-09-20T12:45:00.000+00:00,2026-09-20,-0.367,ok,366262550389695,2026-09-21T20:03:58.910+00:00
-8936484523522378346,304989650380185793,1029TH-level-downstage-i-15_min-mASD,1029TH,2026-09-20T13:00:00.000+00:00,2026-09-20,-0.371,ok,366262550389695,2026-09-21T20:03:58.910+00:00
-8936484523522378346,304989650380185793,1029TH-level-downstage-i-15_min-mASD,1029TH,2026-09-20T13:15:00.000+00:00,2026-09-20,-0.376,ok,366262550389695,2026-09-21T20:03:58.910+00:00
-8936484523522378346,304989650380185793,1029TH-level-downstage-i-15_min-mASD,1029TH,2026-09-20T13:30:00.000+00:00,2026-09-20,-0.376,ok,366262550389695,2026-09-21T20:03:58.910+00:00
-8936484523522378346,304989650380185793,1029TH-level-downstage-i-15_min-mASD,1029TH,2026-09-20T13:45:00.000+00:00,2026-09-20,-0.377,ok,366262550389695,2026-09-21T20:03:58.910+00:00
-8936484523522378346,304989650380185793,1029TH-level-downstage-i-15_min-mASD,1029TH,2026-09-20T14:00:00.000+00:00,2026-09-20,-0.373,ok,366262550389695,2026-09-21T20:03:58.910+00:00
-8936484523522378346,304989650380185793,1029TH-level-downstage-i-15_min-mASD,1029TH,2026-09-20T14:15:00.000+00:00,2026-09-20,-0.365,ok,366262550389695,2026-09-21T20:03:58.910+00:00
-8936484523522378346,304989650380185793,1029TH-level-downstage-i-15_min-mASD,1029TH,2026-09-20T14:30:00.000+00:00,2026-09-20,-0.362,ok,366262550389695,2026-09-21T20:03:58.910+00:00
-8936484523522378346,304989650380185793,1029TH-level-downstage-i-15_min-mASD,1029TH,2026-09-20T14:45:00.000+00:00,2026-09-20,-0.361,ok,366262550389695,2026-09-21T20:03:58.910+00:00
-8936484523522378346,304989650380185793,1029TH-level-downstage-i-15_min-mASD,1029TH,2026-09-20T15:00:00.000+00:00,2026-09-20,-0.362,ok,366262550389695,2026-09-21T20:03:58.910+00:00
-8936484523522378346,304989650380185793,1029TH-level-downstage-i-15_min-mASD,1029TH,2026-09-20T15:15:00.000+00:00,2026-09-20,-0.361,ok,366262550389695,2026-09-21T20:03:58.910+00:00
-8936484523522378346,304989650380185793,1029TH-level-downstage-i-15_min-mASD,1029TH,2026-09-20T15:30:00.000+00:00,2026-09-20,-0.364,ok,366262550389695,2026-09-21T20:03:58.910+00:00
-8936484523522378346,304989650380185793,1029TH-level-downstage-i-15_min-mASD,1029TH,2026-09-20T15:45:00.000+00:00,2026-09-20,-0.369,ok,366262550389695,2026-09-21T20:03:58.910+00:00
-8936484523522378346,304989650380185793,1029TH-level-downstage-i-15_min-mASD,1029TH,2026-09-20T16:00:00.000+00:00,2026-09-20,-0.372,ok,366262550389695,2026-09-21T20:03:58.910+00:00
-8936484523522378346,304989650380185793,1029TH-level-downstage-i-15_min-mASD,1029TH,2026-09-20T16:15:00.000+00:00,2026-09-20,-0.374,ok,366262550389695,2026-09-21T20:03:58.910+00:00
-8936484523522378346,304989650380185793,1029TH-level-downstage-i-15_min-mASD,1029TH,2026-09-20T16:30:00.000+00:00,2026-09-20,-0.374,ok,366262550389695,2026-09-21T20:03:58.910+00:00
-8936484523522378346,304989650380185793,1029TH-level-downstage-i-15_min-mASD,1029TH,2026-09-20T16:45:00.000+00:00,2026-09-20,-0.375,ok,366262550389695,2026-09-21T20:03:58.910+00:00
-8936484523522378346,304989650380185793,1029TH-level-downstage-i-15_min-mASD,1029TH,2026-09-20T17:00:00.000+00:00,2026-09-20,-0.374,ok,366262550389695,2026-09-21T20:03:58.910+00:00
-8936484523522378346,304989650380185793,1029TH-level-downstage-i-15_min-mASD,1029TH,2026-09-20T17:15:00.000+00:00,2026-09-20,-0.367,ok,366262550389695,2026-09-21T20:03:58.910+00:00
-8936484523522378346,304989650380185793,1029TH-level-downstage-i-15_min-mASD,1029TH,2026-09-20T17:30:00.000+00:00,2026-09-20,-0.363,ok,366262550389695,2026-09-21T20:03:58.910+00:00
-8936484523522378346,304989650380185793,1029TH-level-downstage-i-15_min-mASD,1029TH,2026-09-20T17:45:00.000+00:00,2026-09-20,-0.363,ok,366262550389695,2026-09-21T20:03:58.910+00:00
-8936484523522378346,304989650380185793,1029TH-level-downstage-i-15_min-mASD,1029TH,2026-09-20T18:00:00.000+00:00,2026-09-20,-0.364,ok,366262550389695,2026-09-21T20:03:58.910+00:00
-8936484523522378346,304989650380185793,1029TH-level-downstage-i-15_min-mASD,1029TH,2026-09-20T18:15:00.000+00:00,2026-09-20,-0.365,ok,366262550389695,2026-09-21T20:03:58.910+00:00
-8936484523522378346,304989650380185793,1029TH-level-downstage-i-15_min-mASD,1029TH,2026-09-20T18:30:00.000+00:00,2026-09-20,-0.368,ok,366262550389695,2026-09-21T20:03:58.910+00:00
-8936484523522378346,304989650380185793,1029TH-level-downstage-i-15_min-mASD,1029TH,2026-09-20T18:45:00.000+00:00,2026-09-20,-0.371,ok,366262550389695,2026-09-21T20:03:58.910+00:00
-8936484523522378346,304989650380185793,1029TH-level-downstage-i-15_min-mASD,1029TH,2026-09-20T19:00:00.000+00:00,2026-09-20,-0.375,ok,366262550389695,2026-09-21T20:03:58.910+00:00
-8936484523522378346,304989650380185793,1029TH-level-downstage-i-15_min-mASD,1029TH,2026-09-20T19:15:00.000+00:00,2026-09-20,-0.38,ok,366262550389695,2026-09-21T20:03:58.910+00:00
-8936484523522378346,304989650380185793,1029TH-level-downstage-i-15_min-mASD,1029TH,2026-09-20T19:30:00.000+00:00,2026-09-20,-0.383,ok,366262550389695,2026-09-21T20:03:58.910+00:00
-8936484523522378346,304989650380185793,1029TH-level-downstage-i-15_min-mASD,1029TH,2026-09-20T19:45:00.000+00:00,2026-09-20,-0.384,ok,366262550389695,2026-09-21T20:03:58.910+00:00
-8936484523522378346,304989650380185793,1029TH-level-downstage-i-15_min-mASD,1029TH,2026-09-20T20:00:00.000+00:00,2026-09-20,-0.384,ok,366262550389695,2026-09-21T20:03:58.910+00:00
-8936484523522378346,304989650380185793,1029TH-level-downstage-i-15_min-mASD,1029TH,2026-09-20T20:15:00.000+00:00,2026-09-20,-0.378,ok,366262550389695,2026-09-21T20:03:58.910+00:00
-8936484523522378346,304989650380185793,1029TH-level-downstage-i-15_min-mASD,1029TH,2026-09-20T20:30:00.000+00:00,2026-09-20,-0.371,ok,366262550389695,2026-09-21T20:03:58.910+00:00
-8936484523522378346,304989650380185793,1029TH-level-downstage-i-15_min-mASD,1029TH,2026-09-20T20:45:00.000+00:00,2026-09-20,-0.367,ok,366262550389695,2026-09-21T20:03:58.910+00:00
-8936484523522378346,304989650380185793,1029TH-level-downstage-i-15_min-mASD,1029TH,2026-09-20T21:00:00.000+00:00,2026-09-20,-0.367,ok,366262550389695,2026-09-21T20:03:58.910+00:00
-8936484523522378346,304989650380185793,1029TH-level-downstage-i-15_min-mASD,1029TH,2026-09-20T21:15:00.000+00:00,2026-09-20,-0.366,ok,366262550389695,2026-09-21T20:03:58.910+00:00
-8936484523522378346,304989650380185793,1029TH-level-downstage-i-15_min-mASD,1029TH,2026-09-20T21:30:00.000+00:00,2026-09-20,-0.37,ok,366262550389695,2026-09-21T20:03:58.910+00:00
-8936484523522378346,304989650380185793,1029TH-level-downstage-i-15_min-mASD,1029TH,2026-09-20T21:45:00.000+00:00,2026-09-20,-0.375,ok,366262550389695,2026-09-21T20:03:58.910+00:00
-8936484523522378346,304989650380185793,1029TH-level-downstage-i-15_min-mASD,1029TH,2026-09-20T22:00:00.000+00:00,2026-09-20,-0.377,ok,366262550389695,2026-09-21T20:03:58.910+00:00
-8936484523522378346,304989650380185793,1029TH-level-downstage-i-15_min-mASD,1029TH,2026-09-20T22:15:00.000+00:00,2026-09-20,-0.378,ok,366262550389695,2026-09-21T20:03:58.910+00:00
-8936484523522378346,304989650380185793,1029TH-level-downstage-i-15_min-mASD,1029TH,2026-09-20T22:30:00.000+00:00,2026-09-20,-0.379,ok,366262550389695,2026-09-21T20:03:58.910+00:00
-8936484523522378346,304989650380185793,1029TH-level-downstage-i-15_min-mASD,1029TH,2026-09-20T22:45:00.000+00:00,2026-09-20,-0.38,ok,366262550389695,2026-09-21T20:03:58.910+00:00
-8936484523522378346,304989650380185793,1029TH-level-downstage-i-15_min-mASD,1029TH,2026-09-20T23:00:00.000+00:00,2026-09-20,-0.377,ok,366262550389695,2026-09-21T20:03:58.910+00:00
-8936484523522378346,304989650380185793,1029TH-level-downstage-i-15_min-mASD,1029TH,2026-09-20T23:15:00.000+00:00,2026-09-20,-0.368,ok,366262550389695,2026-09-21T20:03:58.910+00:00
-8936484523522378346,304989650380185793,1029TH-level-downstage-i-15_min-mASD,1029TH,2026-09-20T23:30:00.000+00:00,2026-09-20,-0.365,ok,366262550389695,2026-09-21T20:03:58.910+00:00
-8936484523522378346,304989650380185793,1029TH-level-downstage-i-15_min-mASD,1029TH,2026-09-20T23:45:00.000+00:00,2026-09-20,-0.366,ok,366262550389695,2026-09-21T20:03:58.910+00:00
-8936484523522378346,304989650380185793,1029TH-level-downstage-i-15_min-mASD,1029TH,2026-09-21T00:00:00.000+00:00,2026-09-21,-0.369,ok,366262550389695,2026-09-21T20:03:58.910+00:00
-8936484523522378346,304989650380185793,1029TH-level-downstage-i-15_min-mASD,1029TH,2026-09-21T00:15:00.000+00:00,2026-09-21,-0.375,ok,366262550389695,2026-09-21T20:03:58.910+00:00
-8936484523522378346,304989650380185793,1029TH-level-downstage-i-15_min-mASD,1029TH,2026-09-21T00:30:00.000+00:00,2026-09-21,-0.378,ok,366262550389695,2026-09-21T20:03:58.910+00:00
-8936484523522378346,304989650380185793,1029TH-level-downstage-i-15_min-mASD,1029TH,2026-09-21T00:45:00.000+00:00,2026-09-21,-0.383,ok,366262550389695,2026-09-21T20:03:58.910+00:00
-8936484523522378346,304989650380185793,1029TH-level-downstage-i-15_min-mASD,1029TH,2026-09-21T01:00:00.000+00:00,2026-09-21,-0.384,ok,366262550389695,2026-09-21T20:03:58.910+00:00
-8936484523522378346,304989650380185793,1029TH-level-downstage-i-15_min-mASD,1029TH,2026-09-21T01:15:00.000+00:00,2026-09-21,-0.384,ok,366262550389695,2026-09-21T20:03:58.910+00:00
-8936484523522378346,304989650380185793,1029TH-level-downstage-i-15_min-mASD,1029TH,2026-09-21T01:30:00.000+00:00,2026-09-21,-0.383,ok,366262550389695,2026-09-21T20:03:58.910+00:00
-8936484523522378346,304989650380185793,1029TH-level-downstage-i-15_min-mASD,1029TH,2026-09-21T01:45:00.000+00:00,2026-09-21,-0.381,ok,366262550389695,2026-09-21T20:03:58.910+00:00
-8936484523522378346,304989650380185793,1029TH-level-downstage-i-15_min-mASD,1029TH,2026-09-21T02:00:00.000+00:00,2026-09-21,-0.379,ok,366262550389695,2026-09-21T20:03:58.910+00:00
-8936484523522378346,304989650380185793,1029TH-level-downstage-i-15_min-mASD,1029TH,2026-09-21T02:15:00.000+00:00,2026-09-21,-0.379,ok,366262550389695,2026-09-21T20:03:58.910+00:00
-8936484523522378346,304989650380185793,1029TH-level-downstage-i-15_min-mASD,1029TH,2026-09-21T02:30:00.000+00:00,2026-09-21,-0.378,ok,366262550389695,2026-09-21T20:03:58.910+00:00
-8936484523522378346,304989650380185793,1029TH-level-downstage-i-15_min-mASD,1029TH,2026-09-21T02:45:00.000+00:00,2026-09-21,-0.376,ok,366262550389695,2026-09-21T20:03:58.910+00:00
-8936484523522378346,304989650380185793,1029TH-level-downstage-i-15_min-mASD,1029TH,2026-09-21T03:00:00.000+00:00,2026-09-21,-0.368,ok,366262550389695,2026-09-21T20:03:58.910+00:00
-8936484523522378346,304989650380185793,1029TH-level-downstage-i-15_min-mASD,1029TH,2026-09-21T03:15:00.000+00:00,2026-09-21,-0.362,ok,366262550389695,2026-09-21T20:03:58.910+00:00
-8936484523522378346,304989650380185793,1029TH-level-downstage-i-15_min-mASD,1029TH,2026-09-21T03:30:00.000+00:00,2026-09-21,-0.362,ok,366262550389695,2026-09-21T20:03:58.910+00:00
-8936484523522378346,304989650380185793,1029TH-level-downstage-i-15_min-mASD,1029TH,2026-09-21T03:45:00.000+00:00,2026-09-21,-0.366,ok,366262550389695,2026-09-21T20:03:58.910+00:00
-8936484523522378346,304989650380185793,1029TH-level-downstage-i-15_min-mASD,1029TH,2026-09-21T04:00:00.000+00:00,2026-09-21,-0.37,ok,366262550389695,2026-09-21T20:03:58.910+00:00
-8936484523522378346,304989650380185793,1029TH-level-downstage-i-15_min-mASD,1029TH,2026-09-21T04:15:00.000+00:00,2026-09-21,-0.373,ok,366262550389695,2026-09-21T20:03:58.910+00:00
-8936484523522378346,304989650380185793,1029TH-level-downstage-i-15_min-mASD,1029TH,2026-09-21T04:30:00.000+00:00,2026-09-21,-0.375,ok,366262550389695,2026-09-21T20:03:58.910+00:00
-8936484523522378346,304989650380185793,1029TH-level-downstage-i-15_min-mASD,1029TH,2026-09-21T04:45:00.000+00:00,2026-09-21,-0.376,ok,366262550389695,2026-09-21T20:03:58.910+00:00
-8936484523522378346,304989650380185793,1029TH-level-downstage-i-15_min-mASD,1029TH,2026-09-21T05:00:00.000+00:00,2026-09-21,-0.377,ok,366262550389695,2026-09-21T20:03:58.910+00:00
-8936484523522378346,304989650380185793,1029TH-level-downstage-i-15_min-mASD,1029TH,2026-09-21T05:15:00.000+00:00,2026-09-21,-0.379,ok,366262550389695,2026-09-21T20:03:58.910+00:00
-8936484523522378346,304989650380185793,1029TH-level-downstage-i-15_min-mASD,1029TH,2026-09-21T05:30:00.000+00:00,2026-09-21,-0.379,ok,366262550389695,2026-09-21T20:03:58.910+00:00
-8936484523522378346,304989650380185793,1029TH-level-downstage-i-15_min-mASD,1029TH,2026-09-21T05:45:00.000+00:00,2026-09-21,-0.38,ok,366262550389695,2026-09-21T20:03:58.910+00:00
-8936484523522378346,304989650380185793,1029TH-level-downstage-i-15_min-mASD,1029TH,2026-09-21T06:00:00.000+00:00,2026-09-21,-0.379,ok,366262550389695,2026-09-21T20:03:58.910+00:00
-8936484523522378346,304989650380185793,1029TH-level-downstage-i-15_min-mASD,1029TH,2026-09-21T06:15:00.000+00:00,2026-09-21,-0.379,ok,366262550389695,2026-09-21T20:03:58.910+00:00
-8936484523522378346,304989650380185793,1029TH-level-downstage-i-15_min-mASD,1029TH,2026-09-21T06:30:00.000+00:00,2026-09-21,-0.378,ok,366262550389695,2026-09-21T20:03:58.910+00:00
-8936484523522378346,304989650380185793,1029TH-level-downstage-i-15_min-mASD,1029TH,2026-09-21T06:45:00.000+00:00,2026-09-21,-0.375,ok,366262550389695,2026-09-21T20:03:58.910+00:00
-8936484523522378346,304989650380185793,1029TH-level-downstage-i-15_min-mASD,1029TH,2026-09-21T07:00:00.000+00:00,2026-09-21,-0.367,ok,366262550389695,2026-09-21T20:03:58.910+00:00
-8936484523522378346,304989650380185793,1029TH-level-downstage-i-15_min-mASD,1029TH,2026-09-21T07:15:00.000+00:00,2026-09-21,-0.36,ok,366262550389695,2026-09-21T20:03:58.910+00:00
-8936484523522378346,304989650380185793,1029TH-level-downstage-i-15_min-mASD,1029TH,2026-09-21T07:30:00.000+00:00,2026-09-21,-0.358,ok,366262550389695,2026-09-21T20:03:58.910+00:00
-8936484523522378346,304989650380185793,1029TH-level-downstage-i-15_min-mASD,1029TH,2026-09-21T07:45:00.000+00:00,2026-09-21,-0.358,ok,366262550389695,2026-09-21T20:03:58.910+00:00
-8936484523522378346,304989650380185793,1029TH-level-downstage-i-15_min-mASD,1029TH,2026-09-21T08:00:00.000+00:00,2026-09-21,-0.36,ok,366262550389695,2026-09-21T20:03:58.910+00:00
-8936484523522378346,304989650380185793,1029TH-level-downstage-i-15_min-mASD,1029TH,2026-09-21T08:15:00.000+00:00,2026-09-21,-0.364,ok,366262550389695,2026-09-21T20:03:58.910+00:00
-8936484523522378346,304989650380185793,1029TH-level-downstage-i-15_min-mASD,1029TH,2026-09-21T08:30:00.000+00:00,2026-09-21,-0.367,ok,366262550389695,2026-09-21T20:03:58.910+00:00
-8936484523522378346,304989650380185793,1029TH-level-downstage-i-15_min-mASD,1029TH,2026-09-21T08:45:00.000+00:00,2026-09-21,-0.368,ok,366262550389695,2026-09-21T20:03:58.910+00:00
-8936484523522378346,304989650380185793,1029TH-level-downstage-i-15_min-mASD,1029TH,2026-09-21T09:00:00.000+00:00,2026-09-21,-0.369,ok,366262550389695,2026-09-21T20:03:58.910+00:00
-8936484523522378346,304989650380185793,1029TH-level-downstage-i-15_min-mASD,1029TH,2026-09-21T09:15:00.000+00:00,2026-09-21,-0.363,ok,366262550389695,2026-09-21T20:03:58.910+00:00
-8936484523522378346,304989650380185793,1029TH-level-downstage-i-15_min-mASD,1029TH,2026-09-21T09:30:00.000+00:00,2026-09-21,-0.356,ok,366262550389695,2026-09-21T20:03:58.910+00:00
-8936484523522378346,304989650380185793,1029TH-level-downstage-i-15_min-mASD,1029TH,2026-09-21T09:45:00.000+00:00,2026-09-21,-0.353,ok,366262550389695,2026-09-21T20:03:58.910+00:00
-8936484523522378346,304989650380185793,1029TH-level-downstage-i-15_min-mASD,1029TH,2026-09-21T10:00:00.000+00:00,2026-09-21,-0.354,ok,366262550389695,2026-09-21T20:03:58.910+00:00
-8936484523522378346,304989650380185793,1029TH-level-downstage-i-15_min-mASD,1029TH,2026-09-21T10:15:00.000+00:00,2026-09-21,-0.356,ok,366262550389695,2026-09-21T20:03:58.910+00:00
-8936484523522378346,304989650380185793,1029TH-level-downstage-i-15_min-mASD,1029TH,2026-09-21T10:30:00.000+00:00,2026-09-21,-0.358,ok,366262550389695,2026-09-21T20:03:58.910+00:00
-8936484523522378346,304989650380185793,1029TH-level-downstage-i-15_min-mASD,1029TH,2026-09-21T10:45:00.000+00:00,2026-09-21,-0.362,ok,366262550389695,2026-09-21T20:03:58.910+00:00
-8936484523522378346,304989650380185793,1029TH-level-downstage-i-15_min-mASD,1029TH,2026-09-21T11:00:00.000+00:00,2026-09-21,-0.368,ok,366262550389695,2026-09-21T20:03:58.910+00:00
-8936484523522378346,304989650380185793,1029TH-level-downstage-i-15_min-mASD,1029TH,2026-09-21T11:15:00.000+00:00,2026-09-21,-0.373,ok,366262550389695,2026-09-21T20:03:58.910+00:00
-8936484523522378346,304989650380185793,1029TH-level-downstage-i-15_min-mASD,1029TH,2026-09-21T11:30:00.000+00:00,2026-09-21,-0.375,ok,366262550389695,2026-09-21T20:03:58.910+00:00
-8936484523522378346,304989650380185793,1029TH-level-downstage-i-15_min-mASD,1029TH,2026-09-21T11:45:00.000+00:00,2026-09-21,-0.376,ok,366262550389695,2026-09-21T20:03:58.910+00:00
-8936484523522378346,304989650380185793,1029TH-level-downstage-i-15_min-mASD,1029TH,2026-09-21T12:00:00.000+00:00,2026-09-21,-0.377,ok,366262550389695,2026-09-21T20:03:58.910+00:00
-8936484523522378346,304989650380185793,1029TH-level-downstage-i-15_min-mASD,1029TH,2026-09-21T12:15:00.000+00:00,2026-09-21,-0.37,ok,366262550389695,2026-09-21T20:03:58.910+00:00
-8936484523522378346,304989650380185793,1029TH-level-downstage-i-15_min-mASD,1029TH,2026-09-21T12:30:00.000+00:00,2026-09-21,-0.363,ok,366262550389695,2026-09-21T20:03:58.910+00:00
-8936484523522378346,304989650380185793,1029TH-level-downstage-i-15_min-mASD,1029TH,2026-09-21T12:45:00.000+00:00,2026-09-21,-0.361,ok,366262550389695,2026-09-21T20:03:58.910+00:00
-8936484523522378346,304989650380185793,1029TH-level-downstage-i-15_min-mASD,1029TH,2026-09-21T13:00:00.000+00:00,2026-09-21,-0.361,ok,366262550389695,2026-09-21T20:03:58.910+00:00
-8936484523522378346,304989650380185793,1029TH-level-downstage-i-15_min-mASD,1029TH,2026-09-21T13:15:00.000+00:00,2026-09-21,-0.36,ok,366262550389695,2026-09-21T20:03:58.910+00:00
-8936484523522378346,304989650380185793,1029TH-level-downstage-i-15_min-mASD,1029TH,2026-09-21T13:30:00.000+00:00,2026-09-21,-0.362,ok,366262550389695,2026-09-21T20:03:58.910+00:00
-8936484523522378346,304989650380185793,1029TH-level-downstage-i-15_min-mASD,1029TH,2026-09-21T13:45:00.000+00:00,2026-09-21,-0.367,ok,366262550389695,2026-09-21T20:03:58.910+00:00
-8936484523522378346,304989650380185793,1029TH-level-downstage-i-15_min-mASD,1029TH,2026-09-21T14:00:00.000+00:00,2026-09-21,-0.37,ok,366262550389695,2026-09-21T20:03:58.910+00:00
-8936484523522378346,304989650380185793,1029TH-level-downstage-i-15_min-mASD,1029TH,2026-09-21T14:15:00.000+00:00,2026-09-21,-0.371,ok,366262550389695,2026-09-21T20:03:58.910+00:00
-8936484523522378346,304989650380185793,1029TH-level-downstage-i-15_min-mASD,1029TH,2026-09-21T14:30:00.000+00:00,2026-09-21,-0.372,ok,366262550389695,2026-09-21T20:03:58.910+00:00
-8936484523522378346,304989650380185793,1029TH-level-downstage-i-15_min-mASD,1029TH,2026-09-21T14:45:00.000+00:00,2026-09-21,-0.373,ok,366262550389695,2026-09-21T20:03:58.910+00:00
-8936484523522378346,304989650380185793,1029TH-level-downstage-i-15_min-mASD,1029TH,2026-09-21T15:00:00.000+00:00,2026-09-21,-0.368,ok,366262550389695,2026-09-21T20:03:58.910+00:00
-8936484523522378346,304989650380185793,1029TH-level-downstage-i-15_min-mASD,1029TH,2026-09-21T15:15:00.000+00:00,2026-09-21,-0.361,ok,366262550389695,2026-09-21T20:03:58.910+00:00
-8936484523522378346,304989650380185793,1029TH-level-downstage-i-15_min-mASD,1029TH,2026-09-21T15:30:00.000+00:00,2026-09-21,-0.358,ok,366262550389695,2026-09-21T20:03:58.910+00:00
-8936484523522378346,304989650380185793,1029TH-level-downstage-i-15_min-mASD,1029TH,2026-09-21T15:45:00.000+00:00,2026-09-21,-0.361,ok,366262550389695,2026-09-21T20:03:58.910+00:00
-8936484523522378346,304989650380185793,1029TH-level-downstage-i-15_min-mASD,1029TH,2026-09-21T16:00:00.000+00:00,2026-09-21,-0.363,ok,366262550389695,2026-09-21T20:03:58.910+00:00
-8936484523522378346,304989650380185793,1029TH-level-downstage-i-15_min-mASD,1029TH,2026-09-21T16:15:00.000+00:00,2026-09-21,-0.37,ok,366262550389695,2026-09-21T20:03:58.910+00:00
-8936484523522378346,304989650380185793,1029TH-level-downstage-i-15_min-mASD,1029TH,2026-09-21T16:30:00.000+00:00,2026-09-21,-0.374,ok,366262550389695,2026-09-21T20:03:58.910+00:00
-8936484523522378346,304989650380185793,1029TH-level-downstage-i-15_min-mASD,1029TH,2026-09-21T16:45:00.000+00:00,2026-09-21,-0.378,ok,366262550389695,2026-09-21T20:03:58.910+00:00
-8936484523522378346,304989650380185793,1029TH-level-downstage-i-15_min-mASD,1029TH,2026-09-21T17:00:00.000+00:00,2026-09-21,-0.38,ok,366262550389695,2026-09-21T20:03:58.910+00:00
-8936484523522378346,304989650380185793,1029TH-level-downstage-i-15_min-mASD,1029TH,2026-09-21T17:15:00.000+00:00,2026-09-21,-0.381,ok,366262550389695,2026-09-21T20:03:58.910+00:00
-8936484523522378346,304989650380185793,1029TH-level-downstage-i-15_min-mASD,1029TH,2026-09-21T17:30:00.000+00:00,2026-09-21,-0.381,ok,366262550389695,2026-09-21T20:03:58.910+00:00
-8936484523522378346,304989650380185793,1029TH-level-downstage-i-15_min-mASD,1029TH,2026-09-21T17:45:00.000+00:00,2026-09-21,-0.374,ok,366262550389695,2026-09-21T20:03:58.910+00:00
-8936484523522378346,304989650380185793,1029TH-level-downstage-i-15_min-mASD,1029TH,2026-09-21T18:00:00.000+00:00,2026-09-21,-0.368,ok,366262550389695,2026-09-21T20:03:58.910+00:00
-8936484523522378346,304989650380185793,1029TH-level-downstage-i-15_min-mASD,1029TH,2026-09-21T18:15:00.000+00:00,2026-09-21,-0.367,ok,366262550389695,2026-09-21T20:03:58.910+00:00
-8936484523522378346,304989650380185793,1029TH-level-downstage-i-15_min-mASD,1029TH,2026-09-21T18:30:00.000+00:00,2026-09-21,-0.368,ok,366262550389695,2026-09-21T20:03:58.910+00:00
-8936484523522378346,304989650380185793,1029TH-level-downstage-i-15_min-mASD,1029TH,2026-09-21T18:45:00.000+00:00,2026-09-21,-0.371,ok,366262550389695,2026-09-21T20:03:58.910+00:00
-8936484523522378346,304989650380185793,1029TH-level-downstage-i-15_min-mASD,1029TH,2026-09-21T19:00:00.000+00:00,2026-09-21,-0.376,ok,366262550389695,2026-09-21T20:03:58.910+00:00
-8936484523522378346,304989650380185793,1029TH-level-downstage-i-15_min-mASD,1029TH,2026-09-21T19:15:00.000+00:00,2026-09-21,-0.379,ok,366262550389695,2026-09-21T20:03:58.910+00:00
-8936484523522378346,304989650380185793,1029TH-level-downstage-i-15_min-mASD,1029TH,2026-09-21T19:30:00.000+00:00,2026-09-21,-0.381,ok,475159401956582,2026-09-21T21:11:05.144+00:00
-8936484523522378346,304989650380185793,1029TH-level-downstage-i-15_min-mASD,1029TH,2026-09-21T19:45:00.000+00:00,2026-09-21,-0.382,ok,475159401956582,2026-09-21T21:11:05.144+00:00
-8936484523522378346,304989650380185793,1029TH-level-downstage-i-15_min-mASD,1029TH,2026-09-21T20:00:00.000+00:00,2026-09-21,-0.381,ok,475159401956582,2026-09-21T21:11:05.144+00:00
-8936484523522378346,304989650380185793,1029TH-level-downstage-i-15_min-mASD,1029TH,2026-09-21T20:15:00.000+00:00,2026-09-21,-0.378,ok,475159401956582,2026-09-21T21:11:05.144+00:00
-8936484523522378346,304989650380185793,1029TH-level-downstage-i-15_min-mASD,1029TH,2026-09-21T20:30:00.000+00:00,2026-09-21,-0.37,ok,475159401956582,2026-09-21T21:11:05.144+00:00
-8936484523522378346,304989650380185793,1029TH-level-downstage-i-15_min-mASD,1029TH,2026-09-21T20:45:00.000+00:00,2026-09-21,-0.366,ok,177013048893910,2026-09-21T23:05:20.493+00:00
-8936484523522378346,304989650380185793,1029TH-level-downstage-i-15_min-mASD,1029TH,2026-09-21T21:00:00.000+00:00,2026-09-21,-0.363,ok,177013048893910,2026-09-21T23:05:20.493+00:00
-8936484523522378346,304989650380185793,1029TH-level-downstage-i-15_min-mASD,1029TH,2026-09-21T21:15:00.000+00:00,2026-09-21,-0.361,ok,177013048893910,2026-09-21T23:05:20.493+00:00
-8936484523522378346,304989650380185793,1029TH-level-downstage-i-15_min-mASD,1029TH,2026-09-21T21:30:00.000+00:00,2026-09-21,-0.363,ok,177013048893910,2026-09-21T23:05:20.493+00:00
-8936484523522378346,304989650380185793,1029TH-level-downstage-i-15_min-mASD,1029TH,2026-09-21T21:45:00.000+00:00,2026-09-21,-0.367,ok,177013048893910,2026-09-21T23:05:20.493+00:00
-8936484523522378346,304989650380185793,1029TH-level-downstage-i-15_min-mASD,1029TH,2026-09-21T22:00:00.000+00:00,2026-09-21,-0.37,ok,177013048893910,2026-09-21T23:05:20.493+00:00
-8936484523522378346,304989650380185793,1029TH-level-downstage-i-15_min-mASD,1029TH,2026-09-21T22:15:00.000+00:00,2026-09-21,-0.371,ok,177013048893910,2026-09-21T23:05:20.493+00:00
-8936484523522378346,304989650380185793,1029TH-level-downstage-i-15_min-mASD,1029TH,2026-09-21T22:30:00.000+00:00,2026-09-21,-0.372,ok,82020939646481,2026-09-22T02:04:45.267+00:00
-8936484523522378346,304989650380185793,1029TH-level-downstage-i-15_min-mASD,1029TH,2026-09-21T22:45:00.000+00:00,2026-09-21,-0.374,ok,82020939646481,2026-09-22T02:04:45.267+00:00
-8936484523522378346,304989650380185793,1029TH-level-downstage-i-15_min-mASD,1029TH,2026-09-21T23:00:00.000+00:00,2026-09-21,-0.373,ok,82020939646481,2026-09-22T02:04:45.267+00:00
-8936484523522378346,304989650380185793,1029TH-level-downstage-i-15_min-mASD,1029TH,2026-09-21T23:15:00.000+00:00,2026-09-21,-0.369,ok,82020939646481,2026-09-22T02:04:45.267+00:00
-8936484523522378346,304989650380185793,1029TH-level-downstage-i-15_min-mASD,1029TH,2026-09-21T23:30:00.000+00:00,2026-09-21,-0.362,ok,82020939646481,2026-09-22T02:04:45.267+00:00
-8936484523522378346,304989650380185793,1029TH-level-downstage-i-15_min-mASD,1029TH,2026-09-21T23:45:00.000+00:00,2026-09-21,-0.36,ok,82020939646481,2026-09-22T02:04:45.267+00:00
-8936484523522378346,304989650380185793,1029TH-level-downstage-i-15_min-mASD,1029TH,2026-09-22T00:00:00.000+00:00,2026-09-22,-0.361,ok,82020939646481,2026-09-22T02:04:45.267+00:00
-8936484523522378346,304989650380185793,1029TH-level-downstage-i-15_min-mASD,1029TH,2026-09-22T00:15:00.000+00:00,2026-09-22,-0.367,ok,82020939646481,2026-09-22T02:04:45.267+00:00
-8936484523522378346,304989650380185793,1029TH-level-downstage-i-15_min-mASD,1029TH,2026-09-22T00:30:00.000+00:00,2026-09-22,-0.372,ok,82020939646481,2026-09-22T02:04:45.267+00:00
-8936484523522378346,304989650380185793,1029TH-level-downstage-i-15_min-mASD,1029TH,2026-09-22T00:45:00.000+00:00,2026-09-22,-0.377,ok,82020939646481,2026-09-22T02:04:45.267+00:00
-8936484523522378346,304989650380185793,1029TH-level-downstage-i-15_min-mASD,1029TH,2026-09-22T01:00:00.000+00:00,2026-09-22,-0.379,ok,82020939646481,2026-09-22T02:04:45.267+00:00
-8936484523522378346,304989650380185793,1029TH-level-downstage-i-15_min-mASD,1029TH,2026-09-22T01:15:00.000+00:00,2026-09-22,-0.38,ok,82020939646481,2026-09-22T02:04:45.267+00:00
-8936484523522378346,304989650380185793,1029TH-level-downstage-i-15_min-mASD,1029TH,2026-09-22T01:30:00.000+00:00,2026-09-22,-0.381,ok,873085847242024,2026-09-22T05:05:05.750+00:00
-8936484523522378346,304989650380185793,1029TH-level-downstage-i-15_min-mASD,1029TH,2026-09-22T01:45:00.000+00:00,2026-09-22,-0.38,ok,873085847242024,2026-09-22T05:05:05.750+00:00
-8936484523522378346,304989650380185793,1029TH-level-downstage-i-15_min-mASD,1029TH,2026-09-22T02:00:00.000+00:00,2026-09-22,-0.379,ok,873085847242024,2026-09-22T05:05:05.750+00:00
-8936484523522378346,304989650380185793,1029TH-level-downstage-i-15_min-mASD,1029TH,2026-09-22T02:15:00.000+00:00,2026-09-22,-0.378,ok,873085847242024,2026-09-22T05:05:05.750+00:00
-8936484523522378346,304989650380185793,1029TH-level-downstage-i-15_min-mASD,1029TH,2026-09-22T02:30:00.000+00:00,2026-09-22,-0.378,ok,873085847242024,2026-09-22T05:05:05.750+00:00
-8936484523522378346,304989650380185793,1029TH-level-downstage-i-15_min-mASD,1029TH,2026-09-22T02:45:00.000+00:00,2026-09-22,-0.379,ok,873085847242024,2026-09-22T05:05:05.750+00:00
-8936484523522378346,304989650380185793,1029TH-level-downstage-i-15_min-mASD,1029TH,2026-09-22T03:00:00.000+00:00,2026-09-22,-0.378,ok,873085847242024,2026-09-22T05:05:05.750+00:00
-8936484523522378346,304989650380185793,1029TH-level-downstage-i-15_min-mASD,1029TH,2026-09-22T03:15:00.000+00:00,2026-09-22,-0.374,ok,873085847242024,2026-09-22T05:05:05.750+00:00
-8936484523522378346,304989650380185793,1029TH-level-downstage-i-15_min-mASD,1029TH,2026-09-22T03:30:00.000+00:00,2026-09-22,-0.365,ok,873085847242024,2026-09-22T05:05:05.750+00:00
-8936484523522378346,304989650380185793,1029TH-level-downstage-i-15_min-mASD,1029TH,2026-09-22T03:45:00.000+00:00,2026-09-22,-0.36,ok,873085847242024,2026-09-22T05:05:05.750+00:00
-8936484523522378346,304989650380185793,1029TH-level-downstage-i-15_min-mASD,1029TH,2026-09-22T04:00:00.000+00:00,2026-09-22,-0.358,ok,873085847242024,2026-09-22T05:05:05.750+00:00
-8936484523522378346,304989650380185793,1029TH-level-downstage-i-15_min-mASD,1029TH,2026-09-22T04:15:00.000+00:00,2026-09-22,-0.361,ok,873085847242024,2026-09-22T05:05:05.750+00:00
-8936484523522378346,304989650380185793,1029TH-level-downstage-i-15_min-mASD,1029TH,2026-09-22T04:30:00.000+00:00,2026-09-22,-0.365,ok,722699112177991,2026-09-22T08:05:18.625+00:00
-8936484523522378346,304989650380185793,1029TH-level-downstage-i-15_min-mASD,1029TH,2026-09-22T04:45:00.000+00:00,2026-09-22,-0.369,ok,722699112177991,2026-09-22T08:05:18.625+00:00
-8936484523522378346,304989650380185793,1029TH-level-downstage-i-15_min-mASD,1029TH,2026-09-22T05:00:00.000+00:00,2026-09-22,-0.371,ok,722699112177991,2026-09-22T08:05:18.625+00:00
-8936484523522378346,304989650380185793,1029TH-level-downstage-i-15_min-mASD,1029TH,2026-09-22T05:15:00.000+00:00,2026-09-22,-0.373,ok,722699112177991,2026-09-22T08:05:18.625+00:00
-8936484523522378346,304989650380185793,1029TH-level-downstage-i-15_min-mASD,1029TH,2026-09-22T05:30:00.000+00:00,2026-09-22,-0.374,ok,722699112177991,2026-09-22T08:05:18.625+00:00
-8936484523522378346,304989650380185793,1029TH-level-downstage-i-15_min-mASD,1029TH,2026-09-22T05:45:00.000+00:00,2026-09-22,-0.375,ok,722699112177991,2026-09-22T08:05:18.625+00:00
-8936484523522378346,304989650380185793,1029TH-level-downstage-i-15_min-mASD,1029TH,2026-09-22T06:00:00.000+00:00,2026-09-22,-0.375,ok,722699112177991,2026-09-22T08:05:18.625+00:00
-8936484523522378346,304989650380185793,1029TH-level-downstage-i-15_min-mASD,1029TH,2026-09-22T06:15:00.000+00:00,2026-09-22,-0.375,ok,722699112177991,2026-09-22T08:05:18.625+00:00
-8936484523522378346,304989650380185793,1029TH-level-downstage-i-15_min-mASD,1029TH,2026-09-22T06:30:00.000+00:00,2026-09-22,-0.375,ok,722699112177991,2026-09-22T08:05:18.625+00:00
-8936484523522378346,304989650380185793,1029TH-level-downstage-i-15_min-mASD,1029TH,2026-09-22T06:45:00.000+00:00,2026-09-22,-0.377,ok,722699112177991,2026-09-22T08:05:18.625+00:00
-8936484523522378346,304989650380185793,1029TH-level-downstage-i-15_min-mASD,1029TH,2026-09-22T07:00:00.000+00:00,2026-09-22,-0.375,ok,722699112177991,2026-09-22T08:05:18.625+00:00
-8936484523522378346,304989650380185793,1029TH-level-downstage-i-15_min-mASD,1029TH,2026-09-22T07:15:00.000+00:00,2026-09-22,-0.369,ok,722699112177991,2026-09-22T08:05:18.625+00:00
-8936484523522378346,304989650380185793,1029TH-level-downstage-i-15_min-mASD,1029TH,2026-09-22T07:30:00.000+00:00,2026-09-22,-0.36,ok,297706178620246,2026-09-22T10:02:00.221+00:00
-8936484523522378346,304989650380185793,1029TH-level-downstage-i-15_min-mASD,1029TH,2026-09-22T07:45:00.000+00:00,2026-09-22,-0.354,ok,297706178620246,2026-09-22T10:02:00.221+00:00
-8936484523522378346,304989650380185793,1029TH-level-downstage-i-15_min-mASD,1029TH,2026-09-22T08:00:00.000+00:00,2026-09-22,-0.354,ok,297706178620246,2026-09-22T10:02:00.221+00:00
-8936484523522378346,304989650380185793,1029TH-level-downstage-i-15_min-mASD,1029TH,2026-09-22T08:15:00.000+00:00,2026-09-22,-0.354,ok,297706178620246,2026-09-22T10:02:00.221+00:00
-8936484523522378346,304989650380185793,1029TH-level-downstage-i-15_min-mASD,1029TH,2026-09-22T08:30:00.000+00:00,2026-09-22,-0.354,ok,297706178620246,2026-09-22T10:02:00.221+00:00
-8936484523522378346,304989650380185793,1029TH-level-downstage-i-15_min-mASD,1029TH,2026-09-22T08:45:00.000+00:00,2026-09-22,-0.357,ok,297706178620246,2026-09-22T10:02:00.221+00:00
-8936484523522378346,304989650380185793,1029TH-level-downstage-i-15_min-mASD,1029TH,2026-09-22T09:00:00.000+00:00,2026-09-22,-0.359,ok,297706178620246,2026-09-22T10:02:00.221+00:00
-8936484523522378346,304989650380185793,1029TH-level-downstage-i-15_min-mASD,1029TH,2026-09-22T09:15:00.000+00:00,2026-09-22,-0.362,ok,297706178620246,2026-09-22T10:02:00.221+00:00
-8936484523522378346,304989650380185793,1029TH-level-downstage-i-15_min-mASD,1029TH,2026-09-22T09:30:00.000+00:00,2026-09-22,-0.363,ok,991015127456943,2026-09-22T11:05:38.924+00:00
-8936484523522378346,304989650380185793,1029TH-level-downstage-i-15_min-mASD,1029TH,2026-09-22T09:45:00.000+00:00,2026-09-22,-0.359,ok,991015127456943,2026-09-22T11:05:38.924+00:00
-8936484523522378346,304989650380185793,1029TH-level-downstage-i-15_min-mASD,1029TH,2026-09-22T10:00:00.000+00:00,2026-09-22,-0.351,ok,991015127456943,2026-09-22T11:05:38.924+00:00
-8936484523522378346,304989650380185793,1029TH-level-downstage-i-15_min-mASD,1029TH,2026-09-22T10:15:00.000+00:00,2026-09-22,-0.348,ok,991015127456943,2026-09-22T11:05:38.924+00:00
-8936484523522378346,304989650380185793,1029TH-level-downstage-i-15_min-mASD,1029TH,2026-09-22T10:30:00.000+00:00,2026-09-22,-0.351,ok,991015127456943,2026-09-22T11:05:38.924+00:00
